country,year,sector,product,product_name,export_value,share_of_country_exports,share_of_world_exports,rca,rca_sym
GBR,1980,goods,00,Live animals chiefly for food,312125462.0,0.002258844834967587,0.002073176970100086,1.089557171213675,0.04285940219652259
GBR,1980,goods,01,Meat and preparations,715195587.0,0.005175854117555336,0.007957818578520088,0.6504111731732752,-0.21181923178244366
GBR,1980,goods,02,Dairy products and birds' eggs,632152323.0,0.004574871913914257,0.005282746267680333,0.8660025831456589,-0.07180987746997204
GBR,1980,goods,03,"Fish, crustacean and molluscs, and preparations thereof",320730737.0,0.002321121013471812,0.005584849460710404,0.4156103096065477,-0.412818193275151
GBR,1980,goods,04,Cereals and cereal preparations,1043958546.0,0.007555104138067314,0.016835169445598448,0.44876911767838457,-0.3804822145884424
GBR,1980,goods,05,Vegetables and fruit,344974563.0,0.0024965730281490154,0.01047303296455012,0.2383810913800803,-0.6150117390529227
GBR,1980,goods,06,"Sugar, sugar preparations and honey",296066999.0,0.0021426301052475615,0.007145367050274989,0.2998628468169599,-0.5386238670468206
GBR,1980,goods,07,"Coffee, tea, cocoa, spices, and manufactures thereof",586789589.0,0.0042465828447068605,0.009081351116614268,0.4676157534463971,-0.36275451888779925
GBR,1980,goods,08,Feeding stuff for animals (not including unmilled cereals),146781602.0,0.0010622550990279929,0.0040335506241026475,0.2633548449052415,-0.5830865002540209
GBR,1980,goods,09,Miscellaneous edible products and preparations,210877198.0,0.001526113462395891,0.0014152187318831856,1.0783587215279022,0.03770221219092388
GBR,1980,goods,11,Beverages,2022108732.0,0.014633954678843396,0.0040685944626706345,3.5968083850848176,0.5649155169292319
GBR,1980,goods,12,Tobacco and tobacco manufactures,675140686.0,0.004885977714460134,0.0031475672516861446,1.5523028814849713,0.21639394191477482
GBR,1980,goods,21,"Hides, skins and furskins, raw",425165143.0,0.0030769104228792637,0.0019480313061590313,1.5794974203705503,0.2246551656901073
GBR,1980,goods,22,Oil seeds and oleaginous fruit,8892217.0,6.435277120025848e-05,0.00377095541410426,0.01706537578237175,-0.9664419295185537
GBR,1980,goods,23,Crude rubber (including synthetic and reclaimed),166909762.0,0.0012079221329254106,0.0035060436601728803,0.34452569619907386,-0.48751340763060796
GBR,1980,goods,24,Cork and wood,44787092.0,0.00032412316120950793,0.008283576743082208,0.039128406878126666,-0.924689948577807
GBR,1980,goods,25,Pulp and waste paper,56072186.0,0.000405793128570337,0.004025103337846716,0.10081558024977852,-0.8168347504185884
GBR,1980,goods,26,Textile fibres (not wool tops) and their wastes (not in yarn),546454349.0,0.003954677634675717,0.006813779688316228,0.5803941153919181,-0.265507116561254
GBR,1980,goods,27,Crude fertilizer and crude minerals,504485891.0,0.0036509528633052405,0.004064511099101247,0.8982514192451206,-0.05360121410858305
GBR,1980,goods,28,Metalliferous ores and metal scrap,1136000837.0,0.008221212094437543,0.012772070858837727,0.6436866961749446,-0.216776898331196
GBR,1980,goods,29,"Crude animal and vegetable materials, nes",108446995.0,0.0007848284242940287,0.002765833944738523,0.28375833111276133,-0.5579256247290723
GBR,1980,goods,32,"Coal, coke and briquettes",403364193.0,0.00291913744598292,0.0063907501674555466,0.45677539717456417,-0.3728952341445547
GBR,1980,goods,33,"Petroleum, petroleum products and related materials",13267212049.0,0.09601451038077562,0.1537140524898584,0.6246306620997477,-0.2310490295776565
GBR,1980,goods,34,"Gas, natural and manufactured",259446729.0,0.00187761004820198,0.012390033380251337,0.15154196849822305,-0.7368016578746918
GBR,1980,goods,35,Electric current,253519.0,1.8347112089053077e-06,0.000787289332863667,0.0023304154296512236,-0.9953500055594895
GBR,1980,goods,41,Animal oils and fats,21756558.0,0.00015745171300690853,0.0005968597414493761,0.2638001896803474,-0.5825286436346075
GBR,1980,goods,42,Fixed vegetable oils and fats,76224948.0,0.000551638206579484,0.0031596097413607335,0.1745906145807465,-0.7027209098838846
GBR,1980,goods,43,"Animal and vegetable oils and fats, processed, and waxes",81484513.0,0.0005897015582788282,0.0005223798351575773,1.1288750418571252,0.06053668689952839
GBR,1980,goods,51,Organic chemicals,2688752792.0,0.019458442505129167,0.01285133651494327,1.5141181994964719,0.20449245369586824
GBR,1980,goods,52,Inorganic chemicals,995821013.0,0.00720673391191405,0.006516912322915168,1.1058509850705354,0.05026518296924504
GBR,1980,goods,53,"Dyeing, tanning and colouring materials",936981121.0,0.006780910958276738,0.003305183003493068,2.051599246126572,0.34460594636120007
GBR,1980,goods,54,Medicinal and pharmaceutical products,1655622972.0,0.011981705609636826,0.005827859355553075,2.0559359584098504,0.34553602326120225
GBR,1980,goods,55,Oils and perfume materials; toilet and cleansing preparations,949594083.0,0.006872190676005574,0.0030362703377057663,2.2633658770971836,0.3871358360285877
GBR,1980,goods,56,"Fertilizers, manufactured",131438377.0,0.0009512165303674344,0.0036859608473185537,0.2580647407200272,-0.5897433059409499
GBR,1980,goods,57,Explosives and pyrotechnic products,53472677.0,0.00038698054134827386,0.0002463385818570759,1.5709294842526842,0.2220712344503068
GBR,1980,goods,58,"Artificial resins and plastic materials, and cellulose esters etc",1961788530.0,0.014197418755568089,0.011198783390464971,1.2677643865900878,0.11807416509997777
GBR,1980,goods,59,"Chemical materials and products, nes",1687349670.0,0.01221131099795941,0.006323933742246901,1.9309675742460763,0.3176314819810131
GBR,1980,goods,61,"Leather, leather manufactures, nes, and dressed furskins",473741285.0,0.00342845485234126,0.0024943335754521886,1.3744973351127376,0.1577164689026518
GBR,1980,goods,62,"Rubber manufactures, nes",992592137.0,0.007183366610096966,0.004845189621514015,1.4825769827873778,0.19438550592117068
GBR,1980,goods,63,"Cork and wood, cork manufactures",184622478.0,0.0013361086537990194,0.0034429575983498223,0.388070028640319,-0.4408494951505406
GBR,1980,goods,64,"Paper, paperboard, and articles of pulp, of paper or of paperboard",1053903161.0,0.007627073089541356,0.010331271011840294,0.7382511871772839,-0.15058169656582573
GBR,1980,goods,65,"Textile yarn, fabrics, made-up articles, nes, and related products",2928707379.0,0.021194988367163745,0.021654742775586846,0.9787688815707652,-0.010729458415770764
GBR,1980,goods,66,"Non-metallic mineral manufactures, nes",6689339505.0,0.04841059711499565,0.015765618562450987,3.0706436872889524,0.5086772133249522
GBR,1980,goods,67,Iron and steel,2214398094.0,0.016025548396926263,0.028845348296433718,0.5555678590612676,-0.28570411657060857
GBR,1980,goods,68,Non-ferrous metals,3423571932.0,0.02477631182725555,0.01943100768707044,1.2750914531180966,0.12091445939066477
GBR,1980,goods,69,"Manufactures of metals, nes",2924011944.0,0.021161007611381392,0.015447253472036114,1.3698880289424127,0.15607827223275147
GBR,1980,goods,71,Power generating machinery and equipment,5038068892.0,0.03646038942797007,0.014654760357019276,2.4879553496421676,0.42659816439302134
GBR,1980,goods,72,Machinery specialized for particular industries,5785642518.0,0.041870562673778804,0.023788505538568837,1.7601174065303566,0.2753931426003623
GBR,1980,goods,73,Metalworking machinery,1077205473.0,0.007795711388918557,0.00594737268691216,1.310782390697302,0.1344922793026479
GBR,1980,goods,74,"General industrial machinery and equipment, nes, and parts of, nes",5128704026.0,0.037116313821291415,0.02420412662962941,1.5334704858078039,0.21056905489771488
GBR,1980,goods,75,Office machines and automatic data processing equipment,2966577099.0,0.02146905066530355,0.011780932969707635,1.8223557268772357,0.2913721041773576
GBR,1980,goods,76,"Telecommunications, sound recording and reproducing equipment",1584550184.0,0.011467353467226393,0.014658692082684116,0.7822903573213358,-0.12215161339135974
GBR,1980,goods,77,"Electric machinery, apparatus and appliances, nes, and parts, nes",3978652371.0,0.028793416278114773,0.024997994448978336,1.1518290532019682,0.0705581388893524
GBR,1980,goods,78,Road vehicles,7139941862.0,0.05167159607423362,0.0521348488285376,0.9911143359055756,-0.004462658891149562
GBR,1980,goods,79,Other transport equipment,2664990953.0,0.019286478619355306,0.017147405988722844,1.1247461354819057,0.058711077713579425
GBR,1980,goods,81,"Sanitary, plumbing, heating, lighting fixtures and fittings, nes",244426167.0,0.001768906584298063,0.001450937460718988,1.219147366573271,0.09875295794874168
GBR,1980,goods,82,Furniture and parts thereof,533297995.0,0.0038594654014619287,0.00432185812301741,0.8930106661547116,-0.05651808294488733
GBR,1980,goods,83,"Travel goods, handbags and similar containers",43621503.0,0.00031568782025566725,0.001063970156515528,0.2967074013518724,-0.5423679990681901
GBR,1980,goods,84,Articles of apparel and clothing accessories,1779519664.0,0.01287834313802203,0.01483540830056908,0.8680814762292739,-0.07061711464373807
GBR,1980,goods,85,Footwear,291183275.0,0.002107286706275493,0.0042693958601343635,0.4935796012621734,-0.3390648870069382
GBR,1980,goods,87,"Professional, scientific, controlling instruments, apparatus, nes",2094450142.0,0.015157487809673884,0.007740413767757739,1.9582270747348873,0.3239193782379814
GBR,1980,goods,88,"Photographic equipment and supplies, optical goods; watches, etc",1138743978.0,0.008241064143160943,0.008436220934515805,0.9768667993797553,-0.011701952113062339
GBR,1980,goods,89,"Miscellaneous manufactured articles, nes",3644249760.0,0.026373352224971214,0.017994531191805097,1.4656315268153206,0.18884878853603218
GBR,1980,goods,94,"Animals, live, nes, (including zoo animals, pets, insects, etc)",9877784.0,7.148529705444368e-05,4.718430295254823e-05,1.5150228483047465,0.20477859620714706
GBR,1980,goods,95,"Armoured fighting vehicles, war firearms, ammunition, parts, nes",85392221.0,0.0006179815517654266,0.0005883385517431404,1.0503842556882588,0.02457307967932388
GBR,1980,goods,96,"Coin (other than gold coin), not being legal tender",18654512.0,0.00013500227700116585,0.000384680816355042,0.3509462163472306,-0.4804438369187783
GBR,1980,goods,97,"Gold, non-monetary (excluding gold ores and concentrates)",120122857.0,0.0008693263707399816,0.004309185480858798,0.2017379791613726,-0.6642562976961842
GBR,1980,services,financial,Financial services,0.0,0.0,0.007841244975921395,0.0,-1.0
GBR,1980,services,ict,ICT,15364068734.0,0.11118941428713974,0.09641455285516463,1.1532430633596376,0.07116849275740252
GBR,1980,services,transport,Transport,14171358211.0,0.10255779549120171,0.09330594017857195,1.0991561233392348,0.047236183262778064
GBR,1980,services,travel,Travel & tourism,6916371410.0,0.050053621822739945,0.0698218731502592,0.7168759525402983,-0.16490652515738827
GBR,1981,goods,00,Live animals chiefly for food,346274740.0,0.002672403249523002,0.0020468669992468064,1.3056066908628536,0.13254935981664892
GBR,1981,goods,01,Meat and preparations,627011620.0,0.004839012775741833,0.007818781291304065,0.6188960396070565,-0.23540977991733564
GBR,1981,goods,02,Dairy products and birds' eggs,598602991.0,0.004619766888923483,0.005402868033702141,0.8550582505636247,-0.07813326044739428
GBR,1981,goods,03,"Fish, crustacean and molluscs, and preparations thereof",298305335.0,0.002302195495415137,0.005880618356721137,0.39148867614982835,-0.4373095766283118
GBR,1981,goods,04,Cereals and cereal preparations,1409224146.0,0.010875801067893884,0.019246585633933274,0.5650769063536638,-0.2778924740891012
GBR,1981,goods,05,Vegetables and fruit,302774964.0,0.00233669021791139,0.010566885564635477,0.22113329453776462,-0.6378228396082343
GBR,1981,goods,06,"Sugar, sugar preparations and honey",259810128.0,0.0020051056289182023,0.005659338415410473,0.35430035840554547,-0.4767772803033547
GBR,1981,goods,07,"Coffee, tea, cocoa, spices, and manufactures thereof",487241547.0,0.0037603259582417547,0.007030664218493025,0.5348464727345142,-0.3030619254294266
GBR,1981,goods,08,Feeding stuff for animals (not including unmilled cereals),126850717.0,0.0009789806450078418,0.004180095046653595,0.23420057058070287,-0.6204821547432775
GBR,1981,goods,09,Miscellaneous edible products and preparations,203829392.0,0.0015730697813218998,0.0014886207117461405,1.0567297424450728,0.027582497240318783
GBR,1981,goods,11,Beverages,1848950497.0,0.014269424666638893,0.0038018896320455606,3.753245372081304,0.579234850414579
GBR,1981,goods,12,Tobacco and tobacco manufactures,692142672.0,0.005341666925477536,0.0034922078133324103,1.5295959493259064,0.20935989776036545
GBR,1981,goods,21,"Hides, skins and furskins, raw",345033178.0,0.0026628213945968115,0.0017556892265378169,1.5166815142152696,0.20530270171129575
GBR,1981,goods,22,Oil seeds and oleaginous fruit,15485159.0,0.00011950796419912223,0.0041422807888453015,0.028850763695436533,-0.9439165237302055
GBR,1981,goods,23,Crude rubber (including synthetic and reclaimed),211065291.0,0.001628913415774763,0.0028433664747710948,0.5728819799445299,-0.2715512196729045
GBR,1981,goods,24,Cork and wood,59831148.0,0.00046175171292567183,0.006343916671351344,0.07278653501407234,-0.8643037871217919
GBR,1981,goods,25,Pulp and waste paper,31125413.0,0.0002402128865765533,0.0037707403054189916,0.063704436561526,-0.8802215458131328
GBR,1981,goods,26,Textile fibres (not wool tops) and their wastes (not in yarn),475546739.0,0.0036700703337577173,0.006489209467800891,0.5655650895487978,-0.2774939945655074
GBR,1981,goods,27,Crude fertilizer and crude minerals,432916111.0,0.003341065021974345,0.003927074533095483,0.8507770845237254,-0.08062716829816127
GBR,1981,goods,28,Metalliferous ores and metal scrap,724435133.0,0.005590886599172172,0.010505711239527527,0.5321759252373675,-0.3053331324796507
GBR,1981,goods,29,"Crude animal and vegetable materials, nes",90053404.0,0.000694994412472038,0.0027350825795188485,0.25410363024369825,-0.5947645407990395
GBR,1981,goods,32,"Coal, coke and briquettes",720077953.0,0.005557259710907794,0.00751077278930813,0.7399051824359224,-0.14948792623281723
GBR,1981,goods,33,"Petroleum, petroleum products and related materials",17243230521.0,0.13307602303475732,0.15165158996095152,0.8775115583623146,-0.06523978033164685
GBR,1981,goods,34,"Gas, natural and manufactured",264076366.0,0.002038030664958771,0.013277822380845484,0.15349133363154663,-0.7338665161040984
GBR,1981,goods,35,Electric current,0.0,0.0,0.001095863194349023,0.0,-1.0
GBR,1981,goods,41,Animal oils and fats,22566710.0,0.00017416040550645773,0.0005747987882289738,0.3029936893970627,-0.5349268505862561
GBR,1981,goods,42,Fixed vegetable oils and fats,72432903.0,0.0005590067740707405,0.0029074790180443743,0.19226511029019877,-0.6774792642495406
GBR,1981,goods,43,"Animal and vegetable oils and fats, processed, and waxes",71524881.0,0.000551999041010459,0.0004694170084824331,1.175924670465187,0.08085053350104088
GBR,1981,goods,51,Organic chemicals,2731952901.0,0.021084066975766674,0.012593503999567122,1.6742017929633721,0.2521132828260752
GBR,1981,goods,52,Inorganic chemicals,836016591.0,0.0064520255056535235,0.0061424413004338915,1.0504008406556142,0.024580969562760516
GBR,1981,goods,53,"Dyeing, tanning and colouring materials",837352648.0,0.006462336633367743,0.0031355425946279604,2.0609946885873875,0.3466176183000905
GBR,1981,goods,54,Medicinal and pharmaceutical products,1674537791.0,0.012923380533380718,0.005748286415076199,2.2482144416962573,0.3842771048836371
GBR,1981,goods,55,Oils and perfume materials; toilet and cleansing preparations,877099367.0,0.006769085144718809,0.0029885262115788656,2.2650245189392666,0.3874471727857789
GBR,1981,goods,56,"Fertilizers, manufactured",149573469.0,0.001154345317241529,0.003265923480649507,0.3534514277756317,-0.47770356508985096
GBR,1981,goods,57,Explosives and pyrotechnic products,58833567.0,0.0004540528010556856,0.0002412641872533989,1.8819734757351103,0.30603108708699817
GBR,1981,goods,58,"Artificial resins and plastic materials, and cellulose esters etc",1606835341.0,0.012400881412074126,0.010077877179531134,1.2305053128908114,0.1033421940573944
GBR,1981,goods,59,"Chemical materials and products, nes",1526756637.0,0.011782867551787375,0.005983738063368724,1.9691482860721778,0.3264061584994945
GBR,1981,goods,61,"Leather, leather manufactures, nes, and dressed furskins",412259085.0,0.0031816427568449822,0.0022800939506930906,1.3953998500271638,0.16506632494891407
GBR,1981,goods,62,"Rubber manufactures, nes",911625288.0,0.0070355417261985164,0.004829573330766447,1.4567625842595882,0.18592052288082445
GBR,1981,goods,63,"Cork and wood, cork manufactures",170965423.0,0.0013194394485178866,0.0033156266757286617,0.3979457211442295,-0.4306707118520914
GBR,1981,goods,64,"Paper, paperboard, and articles of pulp, of paper or of paperboard",901171395.0,0.006954862963365958,0.010070705865336265,0.6906033257613896,-0.18300962119500666
GBR,1981,goods,65,"Textile yarn, fabrics, made-up articles, nes, and related products",2302898793.0,0.017772807273599565,0.0210138287562527,0.8457672078588361,-0.08356026235837191
GBR,1981,goods,66,"Non-metallic mineral manufactures, nes",3005277617.0,0.023193472528170965,0.013315392956049008,1.7418541536646484,0.2705665991289569
GBR,1981,goods,67,Iron and steel,2451095074.0,0.0189165240313152,0.02757988531949871,0.685881170721961,-0.18632323246336568
GBR,1981,goods,68,Non-ferrous metals,2321690275.0,0.01791783205236383,0.014371425807973714,1.2467678775770779,0.1098323863536776
GBR,1981,goods,69,"Manufactures of metals, nes",2507954004.0,0.019355337411974732,0.015213264577459484,1.272267192450744,0.11982182084717398
GBR,1981,goods,71,Power generating machinery and equipment,5212804432.0,0.04023023886525683,0.015758867527219108,2.5528635732085547,0.43707379729365164
GBR,1981,goods,72,Machinery specialized for particular industries,5058873152.0,0.03904226178995751,0.02398153290086432,1.6280136032734749,0.23896893170233827
GBR,1981,goods,73,Metalworking machinery,912621824.0,0.007043232573196673,0.00573632679069846,1.2278297297527367,0.10226532427952795
GBR,1981,goods,74,"General industrial machinery and equipment, nes, and parts of, nes",4504942566.0,0.034767257791581595,0.023623965741911203,1.4716943874457586,0.19083847495126863
GBR,1981,goods,75,Office machines and automatic data processing equipment,2506491596.0,0.019344051160221778,0.012136044619600916,1.5939337540815577,0.22897028620989346
GBR,1981,goods,76,"Telecommunications, sound recording and reproducing equipment",1617167228.0,0.01248061858375608,0.01610734578035387,0.7748401725490174,-0.12686203013289307
GBR,1981,goods,77,"Electric machinery, apparatus and appliances, nes, and parts, nes",3468105854.0,0.0267653867963899,0.02486672394924052,1.076353557912375,0.0367729077841363
GBR,1981,goods,78,Road vehicles,6308823170.0,0.04868885192195655,0.052001477115080054,0.9362974789005971,-0.03289913961752008
GBR,1981,goods,79,Other transport equipment,2880120222.0,0.022227560232345303,0.02053709486854915,1.0823127796125127,0.039529498362791536
GBR,1981,goods,81,"Sanitary, plumbing, heating, lighting fixtures and fittings, nes",224590621.0,0.0017332962415127044,0.0013119125165719173,1.3211980369254197,0.13837597301730778
GBR,1981,goods,82,Furniture and parts thereof,437729278.0,0.0033782110267083225,0.004166280261548212,0.8108458420060682,-0.10445624558763401
GBR,1981,goods,83,"Travel goods, handbags and similar containers",39668129.0,0.00030614198668403483,0.0011039331656790092,0.2773193126195574,-0.5657791910296506
GBR,1981,goods,84,Articles of apparel and clothing accessories,1655640136.0,0.012777536355921036,0.014997837442091733,0.8519585843796802,-0.07993775717717078
GBR,1981,goods,85,Footwear,238596027.0,0.001841384092521672,0.004119643159671989,0.44697659995102224,-0.38219235892805503
GBR,1981,goods,87,"Professional, scientific, controlling instruments, apparatus, nes",2161737329.0,0.01668338228377494,0.00797498214311352,2.0919648451101818,0.3531621152928308
GBR,1981,goods,88,"Photographic equipment and supplies, optical goods; watches, etc",975499160.0,0.0075284934878326925,0.008380817125862782,0.89830065192571,-0.05357388882057343
GBR,1981,goods,89,"Miscellaneous manufactured articles, nes",3572085435.0,0.027567857603669806,0.017678133403678995,1.559432603780027,0.21857680602872714
GBR,1981,goods,94,"Animals, live, nes, (including zoo animals, pets, insects, etc)",9604621.0,7.412443763826625e-05,4.599175855731661e-05,1.6116895714237514,0.23421220428210826
GBR,1981,goods,95,"Armoured fighting vehicles, war firearms, ammunition, parts, nes",93853048.0,0.0007243184716645467,0.0003385135287641674,2.139703173190335,0.3629971084280087
GBR,1981,goods,96,"Coin (other than gold coin), not being legal tender",14814240.0,0.00011433009267500608,0.0003995644291669504,0.2861368138134124,-0.5550445166638018
GBR,1981,goods,97,"Gold, non-monetary (excluding gold ores and concentrates)",406509716.0,0.003137271537626662,0.0039977312471672945,0.7847629927223508,-0.12059696898429181
GBR,1981,services,financial,Financial services,0.0,0.0,0.009210981704415672,0.0,-1.0
GBR,1981,services,ict,ICT,15698313340.0,0.12115300001913593,0.10638091155193194,1.1388603298439748,0.06492257951883391
GBR,1981,services,transport,Transport,12443812809.0,0.09603612954045551,0.09673541600285696,0.9927711432762041,-0.0036275398447969077
GBR,1981,services,travel,Travel & tourism,5867566034.0,0.045283414366443224,0.06962483444925771,0.650391698948248,-0.2118335309578619
GBR,1982,goods,00,Live animals chiefly for food,300327182.0,0.0025193000332225106,0.002193851260087046,1.1483458696842337,0.0690512043603285
GBR,1982,goods,01,Meat and preparations,569443225.0,0.004776784858790549,0.00778582502180097,0.613523274080158,-0.2395234900718527
GBR,1982,goods,02,Dairy products and birds' eggs,521869588.0,0.004377712538807819,0.0055835760785784986,0.784033830147493,-0.12105497452066383
GBR,1982,goods,03,"Fish, crustacean and molluscs, and preparations thereof",272134668.0,0.002282806616330176,0.006201039471896866,0.3681328955695032,-0.4618462917430795
GBR,1982,goods,04,Cereals and cereal preparations,1298981689.0,0.010896531544231428,0.016951329510723683,0.6428127975058303,-0.21742416606229414
GBR,1982,goods,05,Vegetables and fruit,261204789.0,0.002191121127376272,0.01074038229293393,0.20400774084343395,-0.6611188883212294
GBR,1982,goods,06,"Sugar, sugar preparations and honey",204933125.0,0.0017190852495692279,0.0036991777284755213,0.46472091252498027,-0.3654478357602413
GBR,1982,goods,07,"Coffee, tea, cocoa, spices, and manufactures thereof",446013311.0,0.0037413907783411427,0.00734389324442202,0.5094560410696164,-0.3249806192320639
GBR,1982,goods,08,Feeding stuff for animals (not including unmilled cereals),129355359.0,0.0010850997836959354,0.004101943305076353,0.2645331012627775,-0.5816114248039665
GBR,1982,goods,09,Miscellaneous edible products and preparations,210669150.0,0.0017672019996976434,0.0015424300872179826,1.1457258350588015,0.06791447102784597
GBR,1982,goods,11,Beverages,1765186467.0,0.014807298811058089,0.003895468000159009,3.8011604280804434,0.5834340405909698
GBR,1982,goods,12,Tobacco and tobacco manufactures,653581918.0,0.005482583816642452,0.0038718250887393064,1.4160205306246465,0.17219246498583649
GBR,1982,goods,21,"Hides, skins and furskins, raw",299615617.0,0.002513331057267014,0.0017380800198924216,1.4460387487928068,0.18235146479708886
GBR,1982,goods,22,Oil seeds and oleaginous fruit,16944607.0,0.00014214014427119817,0.0039397434064444015,0.036078528372861456,-0.9303556103425442
GBR,1982,goods,23,Crude rubber (including synthetic and reclaimed),206413917.0,0.0017315069002168727,0.002481832395848871,0.6976727772242004,-0.17808333079954503
GBR,1982,goods,24,Cork and wood,53315715.0,0.0004472398458118317,0.006327399729792646,0.07068303962305351,-0.8679664531756507
GBR,1982,goods,25,Pulp and waste paper,21992618.0,0.00018448547643632867,0.0033676048130053056,0.054782400750784895,-0.8961256829621138
GBR,1982,goods,26,Textile fibres (not wool tops) and their wastes (not in yarn),422726901.0,0.0035460523041612297,0.006013259931811366,0.5897054749624066,-0.25809467948601994
GBR,1982,goods,27,Crude fertilizer and crude minerals,360884124.0,0.0030272830435397508,0.0036319090142741556,0.8335239213432661,-0.09079569495595731
GBR,1982,goods,28,Metalliferous ores and metal scrap,596935641.0,0.005007405490865628,0.009560991996791017,0.5237328399130841,-0.31256605332079274
GBR,1982,goods,29,"Crude animal and vegetable materials, nes",95118250.0,0.0007979011716131212,0.0027187623934722153,0.2934795528762986,-0.5462169429370711
GBR,1982,goods,32,"Coal, coke and briquettes",552782448.0,0.00463702562764106,0.007750326171904421,0.5983007069367822,-0.25132898416412097
GBR,1982,goods,33,"Petroleum, petroleum products and related materials",17000219339.0,0.14260664938924067,0.13960795935905662,1.0214793629528796,0.010625566279095493
GBR,1982,goods,34,"Gas, natural and manufactured",353039431.0,0.0029614776935081295,0.013641708080291099,0.2170899476867368,-0.6432639212913572
GBR,1982,goods,35,Electric current,0.0,0.0,0.0009479602066143264,0.0,-1.0
GBR,1982,goods,41,Animal oils and fats,15092814.0,0.00012660634498152477,0.0005305823282597677,0.23861771913281588,-0.614703204310887
GBR,1982,goods,42,Fixed vegetable oils and fats,33619488.0,0.0002820176870814304,0.0027784823387043515,0.10150062253515692,-0.8157048294688235
GBR,1982,goods,43,"Animal and vegetable oils and fats, processed, and waxes",40787517.0,0.00034214682883137673,0.00048007111551411655,0.7127003016312816,-0.16774662682961894
GBR,1982,goods,51,Organic chemicals,2393289356.0,0.020076151329125717,0.012572078840744603,1.5968839826283394,0.22984622594661525
GBR,1982,goods,52,Inorganic chemicals,807619090.0,0.0067747274379850635,0.006438735812718948,1.0521828562374627,0.025427975912992652
GBR,1982,goods,53,"Dyeing, tanning and colouring materials",777329222.0,0.006520640328884478,0.00311226577584677,2.0951425098360614,0.3538261990702545
GBR,1982,goods,54,Medicinal and pharmaceutical products,1651187193.0,0.01385101382591964,0.0060993455338505245,2.2709016482257693,0.38854780268772154
GBR,1982,goods,55,Oils and perfume materials; toilet and cleansing preparations,826642133.0,0.006934302580477138,0.0030459577800335475,2.276558994327481,0.38960354339339365
GBR,1982,goods,56,"Fertilizers, manufactured",85344343.0,0.000715912574823991,0.0028827537002189918,0.24834330271420893,-0.6021233867730955
GBR,1982,goods,57,Explosives and pyrotechnic products,47600347.0,0.0003992963773039466,0.0002611307958149402,1.5291048918907384,0.20920638506819061
GBR,1982,goods,58,"Artificial resins and plastic materials, and cellulose esters etc",1483277736.0,0.012442502289329943,0.010252331470855663,1.2136266101715776,0.0965052593739011
GBR,1982,goods,59,"Chemical materials and products, nes",1513432126.0,0.012695452938761351,0.0061349772747357366,2.069356147583808,0.3483975453371885
GBR,1982,goods,61,"Leather, leather manufactures, nes, and dressed furskins",340310054.0,0.0028546970828240066,0.002295324836897085,1.2437006897390193,0.1086155077874339
GBR,1982,goods,62,"Rubber manufactures, nes",699792955.0,0.005870225941721049,0.004520518484086516,1.298573595570039,0.12989516461229242
GBR,1982,goods,63,"Cork and wood, cork manufactures",140371494.0,0.0011775088326760029,0.0030420595101875777,0.38707619911202723,-0.4418818528357359
GBR,1982,goods,64,"Paper, paperboard, and articles of pulp, of paper or of paperboard",842989250.0,0.007071430669006908,0.010011239728484472,0.7063491496349773,-0.17209306221287746
GBR,1982,goods,65,"Textile yarn, fabrics, made-up articles, nes, and related products",1948457315.0,0.01634466965568286,0.02018563747119127,0.8097177846877416,-0.10514468991920237
GBR,1982,goods,66,"Non-metallic mineral manufactures, nes",2728567482.0,0.022888637992322863,0.012998195996820987,1.7609088213411164,0.2756008512340163
GBR,1982,goods,67,Iron and steel,2210058343.0,0.018539114641123584,0.02688492196844035,0.6895729384257192,-0.1837310805081461
GBR,1982,goods,68,Non-ferrous metals,2047350097.0,0.017174233557687796,0.013126433750246365,1.3083701090835476,0.13358781066783715
GBR,1982,goods,69,"Manufactures of metals, nes",2363975188.0,0.019830248897236318,0.01527927985370564,1.297852325967244,0.12962204864138427
GBR,1982,goods,71,Power generating machinery and equipment,4718047734.0,0.039577429301792574,0.016487629587981778,2.400431735235094,0.41183939107610784
GBR,1982,goods,72,Machinery specialized for particular industries,4423483513.0,0.03710647197182481,0.02334574909909132,1.5894316269024364,0.22762973186032104
GBR,1982,goods,73,Metalworking machinery,826197045.0,0.006930568951686964,0.005140314536807823,1.348277211843714,0.14831179644683837
GBR,1982,goods,74,"General industrial machinery and equipment, nes, and parts of, nes",4045789610.0,0.03393817979114621,0.02341194389990495,1.4496096495124438,0.1835433860255782
GBR,1982,goods,75,Office machines and automatic data processing equipment,2628548783.0,0.022049629315067758,0.013431833705985158,1.6415948706424612,0.24288163100741456
GBR,1982,goods,76,"Telecommunications, sound recording and reproducing equipment",1524563803.0,0.012788831213911691,0.01572862894089082,0.8130925627384894,-0.10308764213295663
GBR,1982,goods,77,"Electric machinery, apparatus and appliances, nes, and parts, nes",3575679263.0,0.029994650587667895,0.026123737909027514,1.1481760647010135,0.06897761647001541
GBR,1982,goods,78,Road vehicles,5300188044.0,0.04446072388923742,0.052928616332571565,0.8400129640622569,-0.08694886343873061
GBR,1982,goods,79,Other transport equipment,2912442482.0,0.024431076776997334,0.02202388763426402,1.1092990112693952,0.0518176942602453
GBR,1982,goods,81,"Sanitary, plumbing, heating, lighting fixtures and fittings, nes",183019012.0,0.0015352583137544676,0.0012786056720156984,1.2007285337113833,0.09121003823805016
GBR,1982,goods,82,Furniture and parts thereof,404184512.0,0.0033905091364977557,0.004246662436526549,0.7983938415578276,-0.11210345241592609
GBR,1982,goods,83,"Travel goods, handbags and similar containers",32387080.0,0.00027167961013925177,0.0011790533872104224,0.23042180539596369,-0.6254588395858096
GBR,1982,goods,84,Articles of apparel and clothing accessories,1413310526.0,0.011855581074594588,0.015555482743863976,0.7621480650782855,-0.13497840484315243
GBR,1982,goods,85,Footwear,194515224.0,0.0016316944973881324,0.004485127931674886,0.36380110495060214,-0.46648949963450975
GBR,1982,goods,87,"Professional, scientific, controlling instruments, apparatus, nes",2096027738.0,0.0175825668353213,0.008541591450129695,2.0584649755233055,0.3460771936229878
GBR,1982,goods,88,"Photographic equipment and supplies, optical goods; watches, etc",911265574.0,0.007644167855751166,0.007915128134294337,0.9657667855850413,-0.017414687574330154
GBR,1982,goods,89,"Miscellaneous manufactured articles, nes",3216692281.0,0.02698328175432983,0.01854786108927102,1.4547920983696747,0.18526705323506634
GBR,1982,goods,94,"Animals, live, nes, (including zoo animals, pets, insects, etc)",6814399.0,5.716271005763123e-05,8.14600146300272e-05,0.7017272255259371,-0.17527648967470594
GBR,1982,goods,95,"Armoured fighting vehicles, war firearms, ammunition, parts, nes",116311804.0,0.0009756836851396626,0.0005085620531388746,1.9185145236804162,0.3147198741783597
GBR,1982,goods,96,"Coin (other than gold coin), not being legal tender",11162581.0,9.363751391690202e-05,0.00023783809244584423,0.39370276205113486,-0.4350262153865346
GBR,1982,goods,97,"Gold, non-monetary (excluding gold ores and concentrates)",198511326.0,0.0016652158717583034,0.003446737560530227,0.48312812986612647,-0.34850115760431877
GBR,1982,services,financial,Financial services,0.0,0.0,0.010358090084785453,0.0,-1.0
GBR,1982,services,ict,ICT,15120364282.0,0.1268374510235942,0.11815235478379156,1.0735076017375667,0.03545084747987827
GBR,1982,services,transport,Transport,10187979635.0,0.08546205262541225,0.09679121072396542,0.8829526150792524,-0.062161619991600886
GBR,1982,services,travel,Travel & tourism,5552296776.0,0.046575542576888826,0.07148128921853278,0.6515767005054701,-0.21096404386662387
GBR,1983,goods,00,Live animals chiefly for food,277022893.0,0.002436937266466176,0.0023071244498819843,1.056266066007333,0.0273632225602912
GBR,1983,goods,01,Meat and preparations,696278834.0,0.006125081649574053,0.007607242389373104,0.8051645177141262,-0.10793225790444479
GBR,1983,goods,02,Dairy products and birds' eggs,428014008.0,0.0037651880513165817,0.005126934339193551,0.7343936555873334,-0.15314074953919382
GBR,1983,goods,03,"Fish, crustacean and molluscs, and preparations thereof",298347854.0,0.0026245303985862633,0.006525067005101004,0.4022227505916067,-0.426306911049751
GBR,1983,goods,04,Cereals and cereal preparations,1098767674.0,0.00966572785000465,0.016480029934416208,0.5865115469128577,-0.2606274463565906
GBR,1983,goods,05,Vegetables and fruit,241366978.0,0.0021232764455409885,0.010329211754873576,0.20556035600094794,-0.6589795691642895
GBR,1983,goods,06,"Sugar, sugar preparations and honey",224592357.0,0.001975712110322866,0.0036331623604859277,0.5437995647567533,-0.2955049642828001
GBR,1983,goods,07,"Coffee, tea, cocoa, spices, and manufactures thereof",438800419.0,0.003860074819166922,0.007832797220262222,0.49280923667748117,-0.33975591178104186
GBR,1983,goods,08,Feeding stuff for animals (not including unmilled cereals),137012457.0,0.0012052822018337468,0.00469184043318051,0.2568890010218674,-0.5912304096654307
GBR,1983,goods,09,Miscellaneous edible products and preparations,189499975.0,0.0016670086218177956,0.0015745628010578594,1.0587120568946675,0.028518828895007283
GBR,1983,goods,11,Beverages,1576628937.0,0.013869416243386978,0.003854383235595048,3.5983490472103474,0.5650612905922555
GBR,1983,goods,12,Tobacco and tobacco manufactures,657279883.0,0.005782012540679184,0.0037701250158039767,1.533639472548412,0.21062170775688976
GBR,1983,goods,21,"Hides, skins and furskins, raw",283298693.0,0.0024921447286772084,0.001733733106130346,1.4374442755145977,0.17946842104615648
GBR,1983,goods,22,Oil seeds and oleaginous fruit,57932104.0,0.0005096217920242216,0.0040777886457979565,0.12497503825985984,-0.7778172243658412
GBR,1983,goods,23,Crude rubber (including synthetic and reclaimed),219520523.0,0.0019310957930572376,0.002960672609958776,0.6522490148223873,-0.21047129219501767
GBR,1983,goods,24,Cork and wood,44186791.0,0.0003887059170718148,0.006821302118447451,0.05698412272645174,-0.8921760100247045
GBR,1983,goods,25,Pulp and waste paper,24162793.0,0.00021255720090833087,0.003401839280472867,0.06248302267789227,-0.8823830191273843
GBR,1983,goods,26,Textile fibres (not wool tops) and their wastes (not in yarn),415884946.0,0.003658490143158216,0.00614443477360292,0.5954152461468775,-0.25359213209867715
GBR,1983,goods,27,Crude fertilizer and crude minerals,111242493.0,0.0009785869098056913,0.0035194306082214815,0.2780526223530837,-0.5648807920895342
GBR,1983,goods,28,Metalliferous ores and metal scrap,666240535.0,0.005860838324910074,0.009561590686828823,0.612956412470514,-0.23995911144099896
GBR,1983,goods,29,"Crude animal and vegetable materials, nes",94534413.0,0.0008316079278083509,0.0028099025492677636,0.29595614553432137,-0.543262097943447
GBR,1983,goods,32,"Coal, coke and briquettes",347764018.0,0.00305923848466998,0.006887609791407869,0.44416547645981747,-0.384882849368992
GBR,1983,goods,33,"Petroleum, petroleum products and related materials",17587375704.0,0.1547140411692235,0.12333107131354785,1.2544611793397131,0.11287006477274529
GBR,1983,goods,34,"Gas, natural and manufactured",510216579.0,0.004488314239552699,0.01271032101474794,0.3531235941519379,-0.47806158184204006
GBR,1983,goods,35,Electric current,0.0,0.0,0.0006860178506209095,0.0,-1.0
GBR,1983,goods,41,Animal oils and fats,14702583.0,0.00012933686468292015,0.0005374800447086451,0.2406356588606569,-0.6120768299024297
GBR,1983,goods,42,Fixed vegetable oils and fats,61893114.0,0.000544466323381582,0.00326413879725721,0.16680244229782326,-0.714086230451603
GBR,1983,goods,43,"Animal and vegetable oils and fats, processed, and waxes",37369852.0,0.0003287381197810448,0.0004674874024958425,0.703202092775042,-0.1742587732154454
GBR,1983,goods,51,Organic chemicals,2443802812.0,0.02149784113494777,0.013757386797171815,1.562639871357488,0.2195547948996224
GBR,1983,goods,52,Inorganic chemicals,773450246.0,0.006803949333656086,0.00640196698108231,1.0627904445245697,0.03043956534278091
GBR,1983,goods,53,"Dyeing, tanning and colouring materials",832449861.0,0.007322961892306453,0.0033540528708288094,2.1833173698591395,0.371724598075969
GBR,1983,goods,54,Medicinal and pharmaceutical products,1578355323.0,0.013884603054607324,0.006473745817278196,2.144755671059839,0.36402054429685976
GBR,1983,goods,55,Oils and perfume materials; toilet and cleansing preparations,770442185.0,0.0067774877807088955,0.003123641468381792,2.1697393408661543,0.36903329109279837
GBR,1983,goods,56,"Fertilizers, manufactured",114207772.0,0.0010046721146142687,0.0031534341965765186,0.3185961881509932,-0.5167645849215656
GBR,1983,goods,57,Explosives and pyrotechnic products,32314248.0,0.00028426457588481716,0.00026013134431352906,1.0927732551222316,0.04433029469158282
GBR,1983,goods,58,"Artificial resins and plastic materials, and cellulose esters etc",1459495004.0,0.012839003040332845,0.011314849440720318,1.1347038338952478,0.06310188409108268
GBR,1983,goods,59,"Chemical materials and products, nes",1451220731.0,0.012766215250095542,0.006435203767469556,1.983809015439376,0.32971581302582353
GBR,1983,goods,61,"Leather, leather manufactures, nes, and dressed furskins",344359622.0,0.003029290420117032,0.002412840995513259,1.2554869656765932,0.11327352787425803
GBR,1983,goods,62,"Rubber manufactures, nes",663243338.0,0.005834472341271889,0.004651875759652082,1.2542192961981111,0.1127748736011925
GBR,1983,goods,63,"Cork and wood, cork manufactures",126802155.0,0.001115463395971828,0.0033510187671771372,0.3328729181995846,-0.5005181459471439
GBR,1983,goods,64,"Paper, paperboard, and articles of pulp, of paper or of paperboard",796892824.0,0.007010170889324556,0.010556546032352001,0.6640591409198533,-0.20188036039058466
GBR,1983,goods,65,"Textile yarn, fabrics, made-up articles, nes, and related products",1832488432.0,0.016120181628126194,0.021254529729637178,0.7584351116293256,-0.1373749231763496
GBR,1983,goods,66,"Non-metallic mineral manufactures, nes",3050346205.0,0.02683353083959084,0.013790003838022114,1.9458682647792174,0.3210830151802823
GBR,1983,goods,67,Iron and steel,1959697884.0,0.017239227967107067,0.024514089007372678,0.703237552981158,-0.17423432597491875
GBR,1983,goods,68,Non-ferrous metals,2629987058.0,0.02313568168520982,0.015306489269743226,1.5114949795145243,0.2036615576326563
GBR,1983,goods,69,"Manufactures of metals, nes",1956809927.0,0.017213822954687204,0.015009074448446983,1.1468943680580084,0.0684217958011986
GBR,1983,goods,71,Power generating machinery and equipment,3704344898.0,0.0325866791441675,0.016091900659486534,2.0250360621606824,0.3388508570137618
GBR,1983,goods,72,Machinery specialized for particular industries,3504231162.0,0.030826302535905837,0.02092243482249061,1.4733611454613802,0.1913837557972471
GBR,1983,goods,73,Metalworking machinery,617362413.0,0.005430863329967398,0.004594312171754189,1.1820840915766069,0.08344503874965097
GBR,1983,goods,74,"General industrial machinery and equipment, nes, and parts of, nes",3444702764.0,0.03030263833643034,0.02243898531637537,1.3504460165726073,0.14909766661377044
GBR,1983,goods,75,Office machines and automatic data processing equipment,2928939550.0,0.02576553101198633,0.016874349360863745,1.5269051541473757,0.20851797831927854
GBR,1983,goods,76,"Telecommunications, sound recording and reproducing equipment",1463471849.0,0.012873986870291836,0.017580309191579126,0.7322958163021619,-0.15453722232574094
GBR,1983,goods,77,"Electric machinery, apparatus and appliances, nes, and parts, nes",3382892507.0,0.02975890089617066,0.029214896750179863,1.0186207793456414,0.009224505928090945
GBR,1983,goods,78,Road vehicles,4691967903.0,0.04127468063039778,0.055897673442798876,0.7383971118696903,-0.15048511432980302
GBR,1983,goods,79,Other transport equipment,2714042553.0,0.023875107824322308,0.020814367411587542,1.1470494083346883,0.06848906586120154
GBR,1983,goods,81,"Sanitary, plumbing, heating, lighting fixtures and fittings, nes",160806541.0,0.0014145959137551172,0.0013099612496617638,1.0798761521536384,0.038404282904503456
GBR,1983,goods,82,Furniture and parts thereof,383153290.0,0.003370553679006312,0.004431618713354641,0.7605694210219802,-0.13599610223778308
GBR,1983,goods,83,"Travel goods, handbags and similar containers",28485219.0,0.0002505810656036661,0.0012586826340606036,0.1990820075075422,-0.6679426323452861
GBR,1983,goods,84,Articles of apparel and clothing accessories,1266415654.0,0.011140507084621104,0.016165952566048712,0.6891339708628176,-0.18403870533631536
GBR,1983,goods,85,Footwear,182193350.0,0.0016027331153361222,0.004784838427084978,0.3349607598584139,-0.4981713771213172
GBR,1983,goods,87,"Professional, scientific, controlling instruments, apparatus, nes",2160063229.0,0.019001817949657183,0.008948563206725896,2.123449039883306,0.3596822056444624
GBR,1983,goods,88,"Photographic equipment and supplies, optical goods; watches, etc",827588140.0,0.007280193913978896,0.00817385330640529,0.8906685306272754,-0.05782688377240365
GBR,1983,goods,89,"Miscellaneous manufactured articles, nes",3412872188.0,0.030022628565297513,0.01924488638303642,1.5600314788951537,0.2187596064782959
GBR,1983,goods,94,"Animals, live, nes, (including zoo animals, pets, insects, etc)",6279564.0,5.524057366897618e-05,5.596693039431416e-05,0.9870216801203774,-0.006531544174614322
GBR,1983,goods,95,"Armoured fighting vehicles, war firearms, ammunition, parts, nes",73058338.0,0.0006426854638987614,0.0004423305532236548,1.4529529086673816,0.18465617789354863
GBR,1983,goods,96,"Coin (other than gold coin), not being legal tender",41546424.0,0.0003654789242779467,0.0002612336927472359,1.399049718412763,0.16633657708302046
GBR,1983,goods,97,"Gold, non-monetary (excluding gold ores and concentrates)",56080321.0,0.000493331878388425,0.0030444078347765463,0.16204526632504695,-0.7211033493772356
GBR,1983,services,financial,Financial services,0.0,0.0,0.010940397619530124,0.0,-1.0
GBR,1983,services,ict,ICT,14503034884.0,0.12758146376616805,0.12080621746673281,1.0560835894170844,0.02727690143812903
GBR,1983,services,transport,Transport,8502934704.0,0.0747992999066187,0.09540791368508447,0.7839947129911131,-0.12107955558159936
GBR,1983,services,travel,Travel & tourism,6063891126.0,0.05334332518411372,0.07252576453953755,0.7355086226637917,-0.1523999212001878
GBR,1984,goods,00,Live animals chiefly for food,250197929.0,0.00214462071553543,0.001974484843794322,1.0861672209213626,0.041304081502779345
GBR,1984,goods,01,Meat and preparations,626710155.0,0.005371969250190796,0.006776677291217567,0.7927143376227693,-0.11562671086354005
GBR,1984,goods,02,Dairy products and birds' eggs,321452319.0,0.0027553917218247764,0.004677413636057343,0.5890844676604942,-0.2585863374175887
GBR,1984,goods,03,"Fish, crustacean and molluscs, and preparations thereof",313267852.0,0.002685236954581215,0.006229809381210257,0.4310303558693408,-0.3975943918988456
GBR,1984,goods,04,Cereals and cereal preparations,1336949842.0,0.011459928298547266,0.01784337523781626,0.6422511518033723,-0.21784052201989937
GBR,1984,goods,05,Vegetables and fruit,251601999.0,0.0021566559774582484,0.010558214299300398,0.20426332676361297,-0.6607663420050187
GBR,1984,goods,06,"Sugar, sugar preparations and honey",222575113.0,0.0019078463199527088,0.00313601083940409,0.6083672594432872,-0.2434970857913825
GBR,1984,goods,07,"Coffee, tea, cocoa, spices, and manufactures thereof",500182911.0,0.004287416114013534,0.008959102768741843,0.4785541839046937,-0.35267278113422074
GBR,1984,goods,08,Feeding stuff for animals (not including unmilled cereals),138303666.0,0.0011854970515686924,0.0040950039281953815,0.2894983917857013,-0.5509906896668509
GBR,1984,goods,09,Miscellaneous edible products and preparations,184038379.0,0.0015775211315076896,0.0015949796291673606,0.9890540936445784,-0.005503071228880061
GBR,1984,goods,11,Beverages,1533001916.0,0.013140427177593084,0.003691998349365222,3.559163882034878,0.561323073320333
GBR,1984,goods,12,Tobacco and tobacco manufactures,563091739.0,0.00482665149560958,0.003550383377006578,1.3594733252945368,0.15235320587897014
GBR,1984,goods,21,"Hides, skins and furskins, raw",362036762.0,0.003103269250364459,0.0020041467550279764,1.548424157352259,0.21520128655586765
GBR,1984,goods,22,Oil seeds and oleaginous fruit,78398194.0,0.0006720055261247404,0.004046258683832034,0.16608071273592262,-0.7151471404646511
GBR,1984,goods,23,Crude rubber (including synthetic and reclaimed),232873958.0,0.0019961248937257494,0.0030142600020015282,0.6622271776158271,-0.20320496917193276
GBR,1984,goods,24,Cork and wood,40259804.0,0.000345094821555442,0.006297670747279952,0.054797215574423776,-0.8960990515232216
GBR,1984,goods,25,Pulp and waste paper,35934853.0,0.00030802265415042857,0.0037748290020839788,0.08159910130508634,-0.849113962453137
GBR,1984,goods,26,Textile fibres (not wool tops) and their wastes (not in yarn),459592582.0,0.003939488132468178,0.006592531842077012,0.5975683131819385,-0.25190264697759485
GBR,1984,goods,27,Crude fertilizer and crude minerals,106685453.0,0.0009144753254535591,0.003559448638895008,0.25691488155239905,-0.5911976454044575
GBR,1984,goods,28,Metalliferous ores and metal scrap,781889809.0,0.006702122149250246,0.009862400687187576,0.6795629544799467,-0.19078596885299373
GBR,1984,goods,29,"Crude animal and vegetable materials, nes",98810682.0,0.0008469751783332459,0.002776940550389245,0.3050029926692255,-0.532563535282967
GBR,1984,goods,32,"Coal, coke and briquettes",116952185.0,0.001002478636336482,0.007629774667565941,0.131390333268688,-0.7677365107246594
GBR,1984,goods,33,"Petroleum, petroleum products and related materials",18727959706.0,0.1605303869050028,0.11605566429838508,1.3832188878973706,0.16079886318602946
GBR,1984,goods,34,"Gas, natural and manufactured",472364529.0,0.004048965386030578,0.01348736009070912,0.30020444021656556,-0.5382196354189305
GBR,1984,goods,35,Electric current,0.0,0.0,0.001089092090156358,0.0,-1.0
GBR,1984,goods,41,Animal oils and fats,18159604.0,0.00015565861428181547,0.0006331530336614254,0.245846747952333,-0.6053338849960392
GBR,1984,goods,42,Fixed vegetable oils and fats,80209782.0,0.000687533908667089,0.004393544360229248,0.15648730325581933,-0.729374801063071
GBR,1984,goods,43,"Animal and vegetable oils and fats, processed, and waxes",42809386.0,0.0003669490646941063,0.0006052895730462955,0.6062372144415583,-0.24514609798487422
GBR,1984,goods,51,Organic chemicals,2832374352.0,0.024278253356167623,0.014450254196148487,1.6801263857793347,0.2537665348127102
GBR,1984,goods,52,Inorganic chemicals,905538616.0,0.0077620021970321055,0.006642055096197331,1.168614545440305,0.0777521970397327
GBR,1984,goods,53,"Dyeing, tanning and colouring materials",829158427.0,0.00710729439732881,0.0032825966969691305,2.165143955665062,0.3681172079328825
GBR,1984,goods,54,Medicinal and pharmaceutical products,1602785425.0,0.01373859023834389,0.006288022506361137,2.1848824848265975,0.37203334517728964
GBR,1984,goods,55,Oils and perfume materials; toilet and cleansing preparations,827075143.0,0.0070894371191307015,0.0031354834017841087,2.261034810484651,0.3866977458904333
GBR,1984,goods,56,"Fertilizers, manufactured",93274585.0,0.0007995214349834617,0.0035297355610366303,0.2265102926715151,-0.6306426549782257
GBR,1984,goods,57,Explosives and pyrotechnic products,39785811.0,0.0003410318974102194,0.0003104203676866898,1.0986131482017512,0.04698967424570378
GBR,1984,goods,58,"Artificial resins and plastic materials, and cellulose esters etc",1548112383.0,0.01326994951488475,0.011908418748572623,1.1143334640021225,0.054075417122569726
GBR,1984,goods,59,"Chemical materials and products, nes",1539006904.0,0.013191900112292482,0.006609031432533954,1.9960413635428276,0.33245247400890543
GBR,1984,goods,61,"Leather, leather manufactures, nes, and dressed furskins",411384421.0,0.0035262624069328265,0.0026737220428468635,1.3188590101827544,0.13750685521739608
GBR,1984,goods,62,"Rubber manufactures, nes",626383728.0,0.005369171217013191,0.00484375150334502,1.108473713671175,0.051446557274032016
GBR,1984,goods,63,"Cork and wood, cork manufactures",139982807.0,0.0011998901386230019,0.003108424719773474,0.3860122881503927,-0.4429886495948476
GBR,1984,goods,64,"Paper, paperboard, and articles of pulp, of paper or of paperboard",891758788.0,0.0076438856934166214,0.01084979927314073,0.7045186275786205,-0.17335180011563148
GBR,1984,goods,65,"Textile yarn, fabrics, made-up articles, nes, and related products",1914836202.0,0.01641339479539171,0.021600449994898806,0.7598635583641971,-0.13645173825805626
GBR,1984,goods,66,"Non-metallic mineral manufactures, nes",3110943188.0,0.02666606087630178,0.013420712138438928,1.9869333759067964,0.3304169366038088
GBR,1984,goods,67,Iron and steel,2012095817.0,0.017247074698129836,0.025640404419874325,0.6726522099924964,-0.19570583056771382
GBR,1984,goods,68,Non-ferrous metals,2192063293.0,0.018789701284588213,0.014978805744967917,1.254419184313179,0.1128535394320152
GBR,1984,goods,69,"Manufactures of metals, nes",1928006447.0,0.01652628613853179,0.014019981012469346,1.178766656233938,0.08204947313767941
GBR,1984,goods,71,Power generating machinery and equipment,3621853422.0,0.031045428347466795,0.016724936683622238,1.8562359269119257,0.2997777315397267
GBR,1984,goods,72,Machinery specialized for particular industries,3545279688.0,0.030389061538761915,0.020605511065853257,1.4748026118663768,0.19185474008705028
GBR,1984,goods,73,Metalworking machinery,643564176.0,0.005516436803224255,0.004578611884930546,1.2048273454625724,0.09289949432280817
GBR,1984,goods,74,"General industrial machinery and equipment, nes, and parts of, nes",3385171717.0,0.02901666460205927,0.021391713078506295,1.3564441751611882,0.15126357709569177
GBR,1984,goods,75,Office machines and automatic data processing equipment,3918548345.0,0.033588607184330745,0.02079527419513999,1.6152038616629856,0.23524126385764157
GBR,1984,goods,76,"Telecommunications, sound recording and reproducing equipment",1458282987.0,0.012499959194438751,0.01961736679909692,0.6371884321913266,-0.22160648137677177
GBR,1984,goods,77,"Electric machinery, apparatus and appliances, nes, and parts, nes",3673480524.0,0.03148796019764954,0.03211279185108663,0.9805425932340432,-0.009824280897783977
GBR,1984,goods,78,Road vehicles,4430531201.0,0.03797716884575278,0.058878741073121486,0.645006468439754,-0.21580069037476077
GBR,1984,goods,79,Other transport equipment,2820354917.0,0.024175226407091514,0.02027131138108019,1.1925832499250624,0.08783395108561759
GBR,1984,goods,81,"Sanitary, plumbing, heating, lighting fixtures and fittings, nes",157931567.0,0.0013537414621252587,0.0013007009679472234,1.0407783921785991,0.019981783585559642
GBR,1984,goods,82,Furniture and parts thereof,376390574.0,0.0032263057706311835,0.00457283506884385,0.705537313736288,-0.1726509786048821
GBR,1984,goods,83,"Travel goods, handbags and similar containers",29830727.0,0.0002556999386021379,0.0014333799281430403,0.1783895069141927,-0.6972316778662854
GBR,1984,goods,84,Articles of apparel and clothing accessories,1302906952.0,0.011168122977046408,0.017903542504715052,0.6237940326114335,-0.23168330455282
GBR,1984,goods,85,Footwear,187180463.0,0.0016044541219736195,0.004991327946884867,0.3214483478239441,-0.5134908627290963
GBR,1984,goods,87,"Professional, scientific, controlling instruments, apparatus, nes",2319558394.0,0.019882550597237324,0.009168520707600799,2.168566907500627,0.3687998207436924
GBR,1984,goods,88,"Photographic equipment and supplies, optical goods; watches, etc",898948171.0,0.007705510902607375,0.008234148468450756,0.9357993643339244,-0.03316492238242156
GBR,1984,goods,89,"Miscellaneous manufactured articles, nes",3844242447.0,0.03295167957755882,0.019916997090494153,1.654450187839098,0.2465483024836359
GBR,1984,goods,94,"Animals, live, nes, (including zoo animals, pets, insects, etc)",7391411.0,6.33569318938545e-05,5.18570057292421e-05,1.2217622479912604,0.09981367186869797
GBR,1984,goods,95,"Armoured fighting vehicles, war firearms, ammunition, parts, nes",181233527.0,0.0015534787914001863,0.0005989732043504296,2.593569762582105,0.44345034822339713
GBR,1984,goods,96,"Coin (other than gold coin), not being legal tender",11648893.0,9.985077550684146e-05,0.00015633773421265732,0.6386863415266089,-0.22048982121666397
GBR,1984,goods,97,"Gold, non-monetary (excluding gold ores and concentrates)",78457402.0,0.0006725130391318741,0.003410067862765619,0.19721397526278417,-0.6705451500939982
GBR,1984,services,financial,Financial services,0.0,0.0,0.010704002931782896,0.0,-1.0
GBR,1984,services,ict,ICT,14299012330.0,0.12256679412647949,0.11021437094147013,1.1120763388611923,0.05306453029137317
GBR,1984,services,transport,Transport,8026123852.0,0.06879749783401372,0.09032558571344597,0.7616612423889596,-0.13529204813964865
GBR,1984,services,travel,Travel & tourism,6104218667.0,0.05232350986169141,0.07583920644987585,0.6899269165780817,-0.18348313195092636
GBR,1985,goods,00,Live animals chiefly for food,329684790.0,0.0025942268080615945,0.00193832975529908,1.3383825951025092,0.14470796858102483
GBR,1985,goods,01,Meat and preparations,621141799.0,0.004887646489768019,0.006765802070829653,0.7224045927741238,-0.1611673635744189
GBR,1985,goods,02,Dairy products and birds' eggs,365383081.0,0.002875129859470742,0.004472780506567523,0.6428059358712325,-0.21742925097195737
GBR,1985,goods,03,"Fish, crustacean and molluscs, and preparations thereof",335059363.0,0.0026365182991506557,0.006831950791556057,0.38591002476324304,-0.44309512469372814
GBR,1985,goods,04,Cereals and cereal preparations,1078640963.0,0.008487620258392796,0.014341262072531568,0.5918321703812593,-0.2564138589566138
GBR,1985,goods,05,Vegetables and fruit,264680632.0,0.002082721471952302,0.010244721388360392,0.20329703395532062,-0.6620999998860312
GBR,1985,goods,06,"Sugar, sugar preparations and honey",285828683.0,0.002249131456599922,0.0025662149688028485,0.8764392242825833,-0.06584853594960295
GBR,1985,goods,07,"Coffee, tea, cocoa, spices, and manufactures thereof",526823469.0,0.004145473518495671,0.009104247209263092,0.4553340241330299,-0.37425495922933427
GBR,1985,goods,08,Feeding stuff for animals (not including unmilled cereals),156869099.0,0.0012343730567074941,0.0034877849330033797,0.353913179974821,-0.4771995941698377
GBR,1985,goods,09,Miscellaneous edible products and preparations,230544041.0,0.0018141071403416924,0.0016658260103253977,1.0890135759060036,0.042610338646266795
GBR,1985,goods,11,Beverages,1589136359.0,0.012504611280924408,0.003861950866724578,3.2379001474790634,0.5280681633828229
GBR,1985,goods,12,Tobacco and tobacco manufactures,606861835.0,0.004775280173363327,0.003285333523746389,1.4535145789149273,0.18484283028613394
GBR,1985,goods,21,"Hides, skins and furskins, raw",372020538.0,0.002927358744178332,0.0020070116968288914,1.4585658612770431,0.18651762334276134
GBR,1985,goods,22,Oil seeds and oleaginous fruit,117349237.0,0.0009233987911027791,0.003371842632925985,0.27385583837329946,-0.5700363728394723
GBR,1985,goods,23,Crude rubber (including synthetic and reclaimed),231761205.0,0.0018236847719898114,0.0026023360409082,0.7007875782842236,-0.17592580374888778
GBR,1985,goods,24,Cork and wood,37656812.0,0.00029631428006289144,0.005794352023126925,0.05113846705899399,-0.9026988952234323
GBR,1985,goods,25,Pulp and waste paper,35088245.0,0.0002761027156479776,0.003236361757831641,0.08531268637686726,-0.8427868992084314
GBR,1985,goods,26,Textile fibres (not wool tops) and their wastes (not in yarn),456748414.0,0.0035940662598915036,0.006121397389199187,0.587131668045764,-0.26013489634580916
GBR,1985,goods,27,Crude fertilizer and crude minerals,119128708.0,0.0009374011094152744,0.0035797769510248446,0.26186020029737,-0.584961630082857
GBR,1985,goods,28,Metalliferous ores and metal scrap,825836421.0,0.006498349476273507,0.00950658341711126,0.6835630837233155,-0.18795667316300524
GBR,1985,goods,29,"Crude animal and vegetable materials, nes",119561172.0,0.0009408040862475436,0.002816109058526138,0.334079421888558,-0.49916111978456823
GBR,1985,goods,32,"Coal, coke and briquettes",228377613.0,0.001797059931110914,0.007874771645093063,0.22820470384442196,-0.6283930469731716
GBR,1985,goods,33,"Petroleum, petroleum products and related materials",20285411880.0,0.15962204174377334,0.10447616882405106,1.527832074437892,0.20880820358894478
GBR,1985,goods,34,"Gas, natural and manufactured",600427470.0,0.004724649380915022,0.013414083350979825,0.352215597390776,-0.47905408269153477
GBR,1985,goods,35,Electric current,0.0,0.0,0.0011521119449303327,0.0,-1.0
GBR,1985,goods,41,Animal oils and fats,26200645.0,0.00020616788432218841,0.0005723853624827707,0.3601906998947658,-0.4703820575708497
GBR,1985,goods,42,Fixed vegetable oils and fats,55715185.0,0.0004384121771074463,0.003889124227520869,0.11272773803548905,-0.7973848693041321
GBR,1985,goods,43,"Animal and vegetable oils and fats, processed, and waxes",57353028.0,0.00045130005166785903,0.0005882128874521171,0.7672393130022958,-0.131708640298566
GBR,1985,goods,51,Organic chemicals,3201787382.0,0.025194254973357276,0.014719658894226923,1.7116058975550383,0.2624296909062887
GBR,1985,goods,52,Inorganic chemicals,927700488.0,0.007299898414547494,0.006787945830753508,1.0754208410848731,0.036340022992854215
GBR,1985,goods,53,"Dyeing, tanning and colouring materials",885737372.0,0.006969698648652931,0.0033901541498267216,2.0558648193059796,0.345520787645894
GBR,1985,goods,54,Medicinal and pharmaceutical products,1812323229.0,0.014260826244196926,0.006663905799207723,2.140010179299414,0.36305938968445267
GBR,1985,goods,55,Oils and perfume materials; toilet and cleansing preparations,887071148.0,0.006980193877914642,0.0032503582197189753,2.147515260185121,0.3645781403193673
GBR,1985,goods,56,"Fertilizers, manufactured",109058337.0,0.0008581592784065522,0.0036340071848744125,0.23614683041310752,-0.6179307755306225
GBR,1985,goods,57,Explosives and pyrotechnic products,35348246.0,0.00027814861398718464,0.00029650118894655704,0.9381028621686898,-0.031936972510349035
GBR,1985,goods,58,"Artificial resins and plastic materials, and cellulose esters etc",1702485708.0,0.013396535715327734,0.012102463387140154,1.1069263576176265,0.05074992641818376
GBR,1985,goods,59,"Chemical materials and products, nes",1710532890.0,0.013459857457509867,0.006706795946984532,2.006898310893386,0.3348627744561885
GBR,1985,goods,61,"Leather, leather manufactures, nes, and dressed furskins",379554644.0,0.002986643189056659,0.002706890236649522,1.1033484655637178,0.049135208576111714
GBR,1985,goods,62,"Rubber manufactures, nes",708455370.0,0.005574700346865247,0.004897355917030743,1.138308189420951,0.06468112973855493
GBR,1985,goods,63,"Cork and wood, cork manufactures",112620772.0,0.0008861914007831317,0.0030783347423911905,0.2878801283627639,-0.5529395600990666
GBR,1985,goods,64,"Paper, paperboard, and articles of pulp, of paper or of paperboard",981380846.0,0.007722298925623373,0.01129280538787912,0.6838246706980295,-0.18777212069882546
GBR,1985,goods,65,"Textile yarn, fabrics, made-up articles, nes, and related products",2137198387.0,0.016817206974278062,0.02152829256992029,0.7811677084775112,-0.1228588922205086
GBR,1985,goods,66,"Non-metallic mineral manufactures, nes",2805337901.0,0.022074669530388235,0.013073649066361645,1.6884857026785365,0.256086800830891
GBR,1985,goods,67,Iron and steel,2404116734.0,0.01891753659928408,0.02628641102593078,0.71966981649273,-0.16301395815564407
GBR,1985,goods,68,Non-ferrous metals,1815332435.0,0.014284505112961783,0.013921977031878805,1.0260399855748112,0.012852651359407103
GBR,1985,goods,69,"Manufactures of metals, nes",2078017748.0,0.016351525799808305,0.013809809675227812,1.1840514955930095,0.08427067583543225
GBR,1985,goods,71,Power generating machinery and equipment,3916661958.0,0.030819466829387597,0.016773618825369787,1.8373773215099967,0.29512370989994413
GBR,1985,goods,72,Machinery specialized for particular industries,3927291859.0,0.03090311149537671,0.022447363186148976,1.3766922751285686,0.15849434067277018
GBR,1985,goods,73,Metalworking machinery,661184937.0,0.005202738314533457,0.0052316080728294495,0.9944816664600835,-0.00276680083488094
GBR,1985,goods,74,"General industrial machinery and equipment, nes, and parts of, nes",3737099135.0,0.029406521181643823,0.022200348391178543,1.3245972839475213,0.139635921537474
GBR,1985,goods,75,Office machines and automatic data processing equipment,4756015820.0,0.03742418247383826,0.02437359263686041,1.5354397290303983,0.21118219569556124
GBR,1985,goods,76,"Telecommunications, sound recording and reproducing equipment",1658537469.0,0.013050715394709067,0.020335080931806672,0.6417833023863738,-0.21818756293412722
GBR,1985,goods,77,"Electric machinery, apparatus and appliances, nes, and parts, nes",4331307904.0,0.03408223678904288,0.03135650577789334,1.0869271286302318,0.04165316912013452
GBR,1985,goods,78,Road vehicles,5042900812.0,0.03968162582473393,0.06397587254898768,0.6202592359228688,-0.23437037460294932
GBR,1985,goods,79,Other transport equipment,2541028340.0,0.019994867945446474,0.02066242932470671,0.9676920187471852,-0.016419226659965317
GBR,1985,goods,81,"Sanitary, plumbing, heating, lighting fixtures and fittings, nes",174441706.0,0.0013726485536357292,0.0013517670337055566,1.0154475729985297,0.007664586866701392
GBR,1985,goods,82,Furniture and parts thereof,458188131.0,0.003605395118700616,0.004655795189955075,0.7743886858423868,-0.12714875605200598
GBR,1985,goods,83,"Travel goods, handbags and similar containers",37855386.0,0.0002978768210408481,0.0014661112393905698,0.2031747748995287,-0.6622688920377426
GBR,1985,goods,84,Articles of apparel and clothing accessories,1500003852.0,0.011803244562947707,0.018214067808687437,0.6480290227819397,-0.2135708609208344
GBR,1985,goods,85,Footwear,203386052.0,0.0016004060984560723,0.0053188564926744345,0.30089288941340736,-0.537405589865151
GBR,1985,goods,87,"Professional, scientific, controlling instruments, apparatus, nes",2731000193.0,0.021489720267355947,0.010011077392309374,2.1465941601714715,0.3643921337821935
GBR,1985,goods,88,"Photographic equipment and supplies, optical goods; watches, etc",1039786905.0,0.008181885077629436,0.00856789713005554,0.9549466985227911,-0.02304579532078922
GBR,1985,goods,89,"Miscellaneous manufactured articles, nes",4054742179.0,0.03190599378436562,0.020708353663133457,1.540730581647687,0.2128248408365354
GBR,1985,goods,94,"Animals, live, nes, (including zoo animals, pets, insects, etc)",8977796.0,7.064456646758909e-05,5.071037714622493e-05,1.3930988180956199,0.16426351269875267
GBR,1985,goods,95,"Armoured fighting vehicles, war firearms, ammunition, parts, nes",213433043.0,0.0016794639566986487,0.0005018346892501239,3.3466477959270207,0.5398753030153309
GBR,1985,goods,96,"Coin (other than gold coin), not being legal tender",60208978.0,0.0004737729781637508,0.00018265565210198698,2.5938040937228517,0.4434866376012769
GBR,1985,goods,97,"Gold, non-monetary (excluding gold ores and concentrates)",70567229.0,0.0005552800820517732,0.003088801379380628,0.17977202605468887,-0.6952427721890136
GBR,1985,services,financial,Financial services,0.0,0.0,0.011718638704892231,0.0,-1.0
GBR,1985,services,ict,ICT,16067858261.0,0.12643491575337812,0.10970794353568203,1.152468195817158,0.07083412248015838
GBR,1985,services,transport,Transport,8077481175.0,0.06356016061826167,0.08984875742366255,0.7074127950212752,-0.17136289820006828
GBR,1985,services,travel,Travel & tourism,7160717664.0,0.05634632319224978,0.07953416303023873,0.7084543427058763,-0.17064878469761693
GBR,1986,goods,00,Live animals chiefly for food,426296282.0,0.0031504404256557984,0.0021795545635382003,1.4454515057156916,0.1821551172348129
GBR,1986,goods,01,Meat and preparations,730140091.0,0.005395925219630237,0.007442202540539494,0.7250441237304837,-0.15939063383196958
GBR,1986,goods,02,Dairy products and birds' eggs,443967447.0,0.0032810349321883087,0.004878443428580155,0.6725577492538919,-0.19577336022757733
GBR,1986,goods,03,"Fish, crustacean and molluscs, and preparations thereof",471341179.0,0.0034833339329895115,0.008236516672593504,0.42291348047410476,-0.4055668369475381
GBR,1986,goods,04,Cereals and cereal preparations,1712139030.0,0.012653152847472185,0.011370661695805721,1.1127894915860117,0.053384159678560215
GBR,1986,goods,05,Vegetables and fruit,346640743.0,0.002561765269926896,0.0113283082405647,0.22613837967029007,-0.6311372624497752
GBR,1986,goods,06,"Sugar, sugar preparations and honey",260308639.0,0.0019237485619286766,0.002641561048124857,0.728262011318751,-0.1572319398919723
GBR,1986,goods,07,"Coffee, tea, cocoa, spices, and manufactures thereof",537612151.0,0.003973093656571392,0.009746546177053401,0.4076411873906031,-0.42081662423324967
GBR,1986,goods,08,Feeding stuff for animals (not including unmilled cereals),199575339.0,0.0014749136750612343,0.0038056136198602957,0.38756264360736087,-0.4413763653945275
GBR,1986,goods,09,Miscellaneous edible products and preparations,214855752.0,0.001587839902355697,0.001766091947075108,0.8990697822870316,-0.053147187456913304
GBR,1986,goods,11,Beverages,1919195359.0,0.014183352984825218,0.004307915976042831,3.292393134801523,0.534059454204099
GBR,1986,goods,12,Tobacco and tobacco manufactures,582170663.0,0.004302392652221251,0.003129677893590659,1.3747078129133425,0.15779112313343632
GBR,1986,goods,21,"Hides, skins and furskins, raw",374676041.0,0.002768953415575577,0.002048816019877756,1.3514895377188572,0.14947527177170927
GBR,1986,goods,22,Oil seeds and oleaginous fruit,215787356.0,0.0015947246982740031,0.0030216583350106147,0.5277647309745895,-0.30910208846368825
GBR,1986,goods,23,Crude rubber (including synthetic and reclaimed),260551924.0,0.0019255465013696678,0.002527151640345406,0.7619433953343963,-0.13511024548006173
GBR,1986,goods,24,Cork and wood,35812561.0,0.0002646641424863852,0.006042415799310743,0.04380104767311369,-0.9160739534209956
GBR,1986,goods,25,Pulp and waste paper,37831187.0,0.0002795823137752445,0.0034492738059781953,0.08105541325559004,-0.8500439251092738
GBR,1986,goods,26,Textile fibres (not wool tops) and their wastes (not in yarn),462136863.0,0.0034153116432316328,0.005399418491090449,0.632533234619102,-0.2250899139989847
GBR,1986,goods,27,Crude fertilizer and crude minerals,115500524.0,0.0008535789200104443,0.0033986434278683864,0.25115283145363826,-0.5985257354022225
GBR,1986,goods,28,Metalliferous ores and metal scrap,699385591.0,0.005168641463796703,0.007917759040351698,0.6527909522701411,-0.21007438796355973
GBR,1986,goods,29,"Crude animal and vegetable materials, nes",153617125.0,0.0011352705174966081,0.0031397119028222682,0.3615842958317673,-0.468877105973256
GBR,1986,goods,32,"Coal, coke and briquettes",274887767.0,0.0020314921106326985,0.006653868510202841,0.3053099272276977,-0.5322031636178011
GBR,1986,goods,33,"Petroleum, petroleum products and related materials",11394310563.0,0.08420691930912051,0.058451461544835145,1.4406298334307632,0.18053939495256244
GBR,1986,goods,34,"Gas, natural and manufactured",367755391.0,0.0027178080116571474,0.009870698567968848,0.2753409997218066,-0.5682080325467974
GBR,1986,goods,35,Electric current,3875977.0,2.8644478371763245e-05,0.0011367797123481892,0.02519791482959682,-0.950842828560015
GBR,1986,goods,41,Animal oils and fats,22129308.0,0.0001635413430957117,0.00036532700517033414,0.44765741590731944,-0.38154233040453134
GBR,1986,goods,42,Fixed vegetable oils and fats,118483318.0,0.0008756225436491875,0.002519559690227407,0.3475299859120054,-0.4841970278282189
GBR,1986,goods,43,"Animal and vegetable oils and fats, processed, and waxes",49695879.0,0.0003672654742742961,0.00046854152291195907,0.7838482958602301,-0.12117157307680948
GBR,1986,goods,51,Organic chemicals,3331516360.0,0.024620772599836225,0.014680563228593024,1.6771000006241494,0.2529229391753344
GBR,1986,goods,52,Inorganic chemicals,1094815855.0,0.008090973986587377,0.006462960806966421,1.251898971422838,0.1118606894090272
GBR,1986,goods,53,"Dyeing, tanning and colouring materials",1097976654.0,0.008114333113484412,0.004022600779765284,2.0171857854504465,0.33713064351408084
GBR,1986,goods,54,Medicinal and pharmaceutical products,2193098421.0,0.016207567869335297,0.007740517179795936,2.093861106805602,0.35355856938743085
GBR,1986,goods,55,Oils and perfume materials; toilet and cleansing preparations,1054360077.0,0.007791995262530487,0.003679295116579758,2.1177956689089568,0.35852114365792254
GBR,1986,goods,56,"Fertilizers, manufactured",99889068.0,0.000738206198824603,0.003274077993403295,0.22546994919240215,-0.6320269634665635
GBR,1986,goods,57,Explosives and pyrotechnic products,40443690.0,0.0002988893905921778,0.00029387687473946775,1.0170565168053927,0.008456142236612545
GBR,1986,goods,58,"Artificial resins and plastic materials, and cellulose esters etc",1897483482.0,0.014022896565414864,0.013606715439755125,1.0305864503084832,0.015062865362780554
GBR,1986,goods,59,"Chemical materials and products, nes",1946740718.0,0.014386920353805467,0.007182890021899302,2.0029431482234044,0.3339867252621029
GBR,1986,goods,61,"Leather, leather manufactures, nes, and dressed furskins",467096314.0,0.003451963276330931,0.0029403641063005426,1.1739917750098179,0.08003331797749423
GBR,1986,goods,62,"Rubber manufactures, nes",859917272.0,0.006355012348966377,0.005424349098229051,1.1715714150922127,0.07900795428591843
GBR,1986,goods,63,"Cork and wood, cork manufactures",111967006.0,0.0008274653027399506,0.0034189784407789255,0.2420212110350231,-0.6102784575903697
GBR,1986,goods,64,"Paper, paperboard, and articles of pulp, of paper or of paperboard",1167365225.0,0.00862713270472478,0.012562752442232965,0.6867231320838915,-0.18573105565290088
GBR,1986,goods,65,"Textile yarn, fabrics, made-up articles, nes, and related products",2388125758.0,0.017648870626446364,0.024055461542828366,0.733674163558421,-0.15361931442465337
GBR,1986,goods,66,"Non-metallic mineral manufactures, nes",3672922074.0,0.027143849643551755,0.01464583535602638,1.8533493640827232,0.2990693585666305
GBR,1986,goods,67,Iron and steel,2679024017.0,0.019798684438114774,0.024966143468750947,0.7930213355897734,-0.11543569521560976
GBR,1986,goods,68,Non-ferrous metals,2239752975.0,0.016552357160653917,0.013437063345038282,1.2318433526449049,0.1038797603649704
GBR,1986,goods,69,"Manufactures of metals, nes",2100005469.0,0.015519586735771402,0.015003422999901924,1.0344030649454363,0.016910643489597293
GBR,1986,goods,71,Power generating machinery and equipment,4717725979.0,0.03486522230894845,0.017471899989218234,1.9955026259573083,0.3323324163800937
GBR,1986,goods,72,Machinery specialized for particular industries,4454024646.0,0.03291640085574487,0.024778019417642926,1.3284516530932693,0.14106011291105502
GBR,1986,goods,73,Metalworking machinery,828679037.0,0.006124153665638391,0.006581816855638883,0.9304655234202702,-0.03601953815602634
GBR,1986,goods,74,"General industrial machinery and equipment, nes, and parts of, nes",4337217171.0,0.032053163227838986,0.024690616395596582,1.2981921031973698,0.1297507300553808
GBR,1986,goods,75,Office machines and automatic data processing equipment,4980032417.0,0.036803735125217805,0.02674049591024542,1.3763295657922607,0.15836589806801216
GBR,1986,goods,76,"Telecommunications, sound recording and reproducing equipment",2003856591.0,0.014809021514063351,0.022768575930907937,0.6504149209419974,-0.21181647997854505
GBR,1986,goods,77,"Electric machinery, apparatus and appliances, nes, and parts, nes",4826985709.0,0.03567268013774611,0.03559368725984055,1.0022192945993176,0.0011084173473424157
GBR,1986,goods,78,Road vehicles,5665554301.0,0.04186992018761843,0.07287190038667782,0.5745687976496485,-0.27018902126435546
GBR,1986,goods,79,Other transport equipment,3075022847.0,0.022725218811558826,0.019025493669823295,1.194461452929536,0.0886146588129567
GBR,1986,goods,81,"Sanitary, plumbing, heating, lighting fixtures and fittings, nes",183567102.0,0.001356608639062166,0.0015937497320139473,0.8512055637166338,-0.08037704682814055
GBR,1986,goods,82,Furniture and parts thereof,511672392.0,0.0037813920892906137,0.0054667369017832295,0.6917091781126575,-0.18223630034997199
GBR,1986,goods,83,"Travel goods, handbags and similar containers",43953919.0,0.0003248308960939999,0.0017396651644699234,0.1867203544269256,-0.68531701048122
GBR,1986,goods,84,Articles of apparel and clothing accessories,1760559229.0,0.013010990714676242,0.022015849739248392,0.5909828995371963,-0.2570845359694208
GBR,1986,goods,85,Footwear,238515209.0,0.0017626894446321766,0.005987579827808962,0.29439097186570595,-0.545128205828912
GBR,1986,goods,87,"Professional, scientific, controlling instruments, apparatus, nes",3253794581.0,0.024046388433578154,0.011107898142505164,2.1648009483957127,0.368048723249457
GBR,1986,goods,88,"Photographic equipment and supplies, optical goods; watches, etc",1194680813.0,0.008829002006239725,0.009332412030408055,0.9460578870148408,-0.027718657982935838
GBR,1986,goods,89,"Miscellaneous manufactured articles, nes",4981765967.0,0.03681654651070368,0.023917999514597183,1.53928201596603,0.21237578676776814
GBR,1986,goods,94,"Animals, live, nes, (including zoo animals, pets, insects, etc)",8574844.0,6.337032791970743e-05,5.160659137801732e-05,1.2279502720015154,0.10231389581093862
GBR,1986,goods,95,"Armoured fighting vehicles, war firearms, ammunition, parts, nes",125286943.0,0.0009259031023733718,0.00076820301726474,1.2052843865025915,0.09308748919596556
GBR,1986,goods,96,"Coin (other than gold coin), not being legal tender",29501710.0,0.0002180253118181639,0.00010674224787737537,2.042540007857335,0.3426544943254596
GBR,1986,goods,97,"Gold, non-monetary (excluding gold ores and concentrates)",148280495.0,0.0010958314334635752,0.003835428756519191,0.28571288975214526,-0.5555572444992383
GBR,1986,services,financial,Financial services,7284059211.0,0.05383109252922098,0.016121299004578954,3.3391287211986613,0.5390779742880016
GBR,1986,services,ict,ICT,13451391342.0,0.09940928141886352,0.10813322992659921,0.9193222239485724,-0.04203451356148591
GBR,1986,services,transport,Transport,8162477847.0,0.060322834771307496,0.08685953324735135,0.6944872084394599,-0.18029808076385687
GBR,1986,services,travel,Travel & tourism,8172873048.0,0.06039965801102606,0.08779751327873049,0.6879426962729053,-0.1848743469882828
GBR,1987,goods,00,Live animals chiefly for food,517895298.0,0.0031220850290177293,0.0020257594390728547,1.5411923887895784,0.21296789301630142
GBR,1987,goods,01,Meat and preparations,989343424.0,0.005964167476622928,0.007641263016771425,0.7805211603804862,-0.12326662805434589
GBR,1987,goods,02,Dairy products and birds' eggs,485855948.0,0.0029289387012546623,0.005071556146416859,0.5775226807503664,-0.26781061496287173
GBR,1987,goods,03,"Fish, crustacean and molluscs, and preparations thereof",656680605.0,0.003958739717534189,0.008725102674664708,0.4537184105614342,-0.3757822598033884
GBR,1987,goods,04,Cereals and cereal preparations,1372153437.0,0.008271903065574697,0.009934769875947968,0.8326215069763152,-0.0913328215272593
GBR,1987,goods,05,Vegetables and fruit,471585510.0,0.0028429106546410286,0.011316564720246879,0.2512167539283961,-0.5984440695192729
GBR,1987,goods,06,"Sugar, sugar preparations and honey",358719882.0,0.002162510409977127,0.0024907314374164407,0.8682230358084021,-0.07053599150948081
GBR,1987,goods,07,"Coffee, tea, cocoa, spices, and manufactures thereof",638351152.0,0.003848242265592882,0.00710455899038717,0.541658148070802,-0.29730446565132296
GBR,1987,goods,08,Feeding stuff for animals (not including unmilled cereals),255892584.0,0.0015426253310820012,0.0037607004981029405,0.41019627376872153,-0.41824229520550343
GBR,1987,goods,09,Miscellaneous edible products and preparations,278889867.0,0.001681262374591873,0.0019156527029490333,0.8776446649247379,-0.06516426529519444
GBR,1987,goods,11,Beverages,2265666827.0,0.013658367837351559,0.0044348389214809185,3.079788934654394,0.5097785615790874
GBR,1987,goods,12,Tobacco and tobacco manufactures,725891601.0,0.00437597195596051,0.0031459090446579276,1.39100396541704,0.16353129106954073
GBR,1987,goods,21,"Hides, skins and furskins, raw",490675747.0,0.002957994424214276,0.002238618804413435,1.3213479750918702,0.13843162616718524
GBR,1987,goods,22,Oil seeds and oleaginous fruit,136027218.0,0.0008200277980834863,0.0029524008096389995,0.2777494828636611,-0.5652520520044733
GBR,1987,goods,23,Crude rubber (including synthetic and reclaimed),286245841.0,0.0017256071994781641,0.0025731381018739806,0.670623624212563,-0.19715773859159105
GBR,1987,goods,24,Cork and wood,52394956.0,0.00031585826006793103,0.006596860489343779,0.047880087896076,-0.9086153302288449
GBR,1987,goods,25,Pulp and waste paper,55545673.0,0.000334852072937751,0.004023017685391259,0.08323405441484778,-0.8463230470356474
GBR,1987,goods,26,Textile fibres (not wool tops) and their wastes (not in yarn),750600868.0,0.004524929540392376,0.005725013477852523,0.7903788450275747,-0.11708201063401014
GBR,1987,goods,27,Crude fertilizer and crude minerals,204839624.0,0.0012348571726944328,0.0030249060513743257,0.40822992573055017,-0.42022262377534414
GBR,1987,goods,28,Metalliferous ores and metal scrap,730039106.0,0.0044009748152609935,0.0076673441059780505,0.573989474638246,-0.2706565273949275
GBR,1987,goods,29,"Crude animal and vegetable materials, nes",158369764.0,0.0009547178187230248,0.003443681904143539,0.27723751650066175,-0.5658794657704245
GBR,1987,goods,32,"Coal, coke and briquettes",182913478.0,0.001102677381846714,0.005407186173257923,0.20392813313885433,-0.6612287269885829
GBR,1987,goods,33,"Petroleum, petroleum products and related materials",13332203645.0,0.08037198554343719,0.05907944128699705,1.3604053083881562,0.15268789097676844
GBR,1987,goods,34,"Gas, natural and manufactured",300247439.0,0.0018100145684327373,0.007089038534769125,0.2553258188053686,-0.5932118737932921
GBR,1987,goods,35,Electric current,192510.0,1.1605291479904554e-06,0.0011025100311848532,0.0010526245704478986,-0.9978969645658747
GBR,1987,goods,41,Animal oils and fats,27689873.0,0.00016692589850217607,0.0003264102040354031,0.5113991426691763,-0.3232771830662414
GBR,1987,goods,42,Fixed vegetable oils and fats,362848183.0,0.002187397499698067,0.002362754173728667,0.925782937564821,-0.038538643679659715
GBR,1987,goods,43,"Animal and vegetable oils and fats, processed, and waxes",55052777.0,0.0003318806939188538,0.0004700430482945008,0.7060644660591113,-0.17228864429716365
GBR,1987,goods,51,Organic chemicals,4059022421.0,0.02446945006450203,0.015314560720904088,1.5977898752983288,0.23011479141656097
GBR,1987,goods,52,Inorganic chemicals,2031295278.0,0.012245480122042364,0.00648433733689489,1.888470553863299,0.30759204128807166
GBR,1987,goods,53,"Dyeing, tanning and colouring materials",1405327269.0,0.008471888515611259,0.004306067393674004,1.9674305441798743,0.3260162385526865
GBR,1987,goods,54,Medicinal and pharmaceutical products,2584247912.0,0.015578905134847403,0.007809755700531558,1.9948005715194204,0.3321758987827044
GBR,1987,goods,55,Oils and perfume materials; toilet and cleansing preparations,1301437019.0,0.007845595526587232,0.003905105646011835,2.0090610185155167,0.335340829682917
GBR,1987,goods,56,"Fertilizers, manufactured",139636652.0,0.0008417869449576631,0.0031751650143443688,0.2651159675653838,-0.580882742195439
GBR,1987,goods,57,Explosives and pyrotechnic products,53121782.0,0.00032023986496387054,0.0002666110553596609,1.2011499843165312,0.09138404277298229
GBR,1987,goods,58,"Artificial resins and plastic materials, and cellulose esters etc",2481187414.0,0.014957614230814303,0.015073792731138963,0.99229268291021,-0.0038685666799376374
GBR,1987,goods,59,"Chemical materials and products, nes",2425081081.0,0.014619382269703926,0.00739456396616943,1.9770445338749478,0.3281927840707233
GBR,1987,goods,61,"Leather, leather manufactures, nes, and dressed furskins",602585077.0,0.003632629712755561,0.003200672467398551,1.1349582782233563,0.06321354360876044
GBR,1987,goods,62,"Rubber manufactures, nes",1079062079.0,0.006505028285131575,0.0056236482238673615,1.1567274527456293,0.07266910454823897
GBR,1987,goods,63,"Cork and wood, cork manufactures",138299122.0,0.0008337237661549428,0.003798737749547705,0.219473893993922,-0.6400515089747122
GBR,1987,goods,64,"Paper, paperboard, and articles of pulp, of paper or of paperboard",1549275992.0,0.009339670391137228,0.013321062183958635,0.7011205459564748,-0.1756956347120461
GBR,1987,goods,65,"Textile yarn, fabrics, made-up articles, nes, and related products",2947370897.0,0.017767959253583057,0.02536230685106605,0.7005655817477904,-0.17607931235704527
GBR,1987,goods,66,"Non-metallic mineral manufactures, nes",4370685003.0,0.026348279791523824,0.015301179366122745,1.7219770555634215,0.265239949061209
GBR,1987,goods,67,Iron and steel,3493267437.0,0.021058847240997415,0.023299342615405786,0.9038386871513306,-0.05050917049729317
GBR,1987,goods,68,Non-ferrous metals,2407980837.0,0.014516294993200113,0.013942911121271655,1.0411236840672167,0.02014757086413898
GBR,1987,goods,69,"Manufactures of metals, nes",2471288931.0,0.014897942120054405,0.014922193164052161,0.9983748337974757,-0.0008132439295364886
GBR,1987,goods,71,Power generating machinery and equipment,5249647115.0,0.0316470234981118,0.017368617727192844,1.8220807202500773,0.29130304967932635
GBR,1987,goods,72,Machinery specialized for particular industries,5304593157.0,0.03197826074972319,0.02481009469992828,1.2889213498171626,0.1262259840602393
GBR,1987,goods,73,Metalworking machinery,1100447209.0,0.006633946609886472,0.006241162364449763,1.0629344699753438,0.030507255994465007
GBR,1987,goods,74,"General industrial machinery and equipment, nes, and parts of, nes",4960933930.0,0.029906542138173817,0.02476985524147006,1.207376540824665,0.0939470620391708
GBR,1987,goods,75,Office machines and automatic data processing equipment,7051331545.0,0.04250831536084916,0.028685160618691665,1.4818921855068898,0.19416322285106452
GBR,1987,goods,76,"Telecommunications, sound recording and reproducing equipment",2504536891.0,0.015098374444043916,0.022233989191905255,0.6790672746004929,-0.19113750250171954
GBR,1987,goods,77,"Electric machinery, apparatus and appliances, nes, and parts, nes",6039237100.0,0.03640699540894161,0.036979563818049316,0.9845166262121177,-0.007802088218044174
GBR,1987,goods,78,Road vehicles,7924679683.0,0.04777321573221787,0.0737581087713232,0.6477012023224742,-0.2138123084336846
GBR,1987,goods,79,Other transport equipment,3411234944.0,0.020564321765911324,0.017157904731692566,1.1985333924792534,0.09030265046616838
GBR,1987,goods,81,"Sanitary, plumbing, heating, lighting fixtures and fittings, nes",214274690.0,0.0012917356159244662,0.0017333663417364246,0.7452178946952734,-0.14598870781646048
GBR,1987,goods,82,Furniture and parts thereof,630388577.0,0.0038002406013647374,0.00581696690059733,0.6533027720983766,-0.2096997801930703
GBR,1987,goods,83,"Travel goods, handbags and similar containers",55970532.0,0.0003374132970470756,0.0017375934517718519,0.19418425909870335,-0.6747834220403113
GBR,1987,goods,84,Articles of apparel and clothing accessories,2278092417.0,0.013733274384419134,0.02352266928785566,0.5838314613175888,-0.2627606212192557
GBR,1987,goods,85,Footwear,297770721.0,0.001795083897660556,0.006134392220046425,0.2926262021190048,-0.5472377062459324
GBR,1987,goods,87,"Professional, scientific, controlling instruments, apparatus, nes",3699652136.0,0.022303018758782135,0.010960042186200494,2.034939134345969,0.3410082009993914
GBR,1987,goods,88,"Photographic equipment and supplies, optical goods; watches, etc",1542743434.0,0.009300289455238114,0.009221175348723434,1.0085796119825043,0.0042714821614843095
GBR,1987,goods,89,"Miscellaneous manufactured articles, nes",6835212467.0,0.04120546101844709,0.025023084000208723,1.6466979457089856,0.24434142428585712
GBR,1987,goods,94,"Animals, live, nes, (including zoo animals, pets, insects, etc)",11472964.0,6.916372726531176e-05,4.91501946656977e-05,1.4071913190932215,0.16915619288898429
GBR,1987,goods,95,"Armoured fighting vehicles, war firearms, ammunition, parts, nes",151506489.0,0.0009133431852589233,0.00043778647382784617,2.086275478712217,0.35196970789058585
GBR,1987,goods,96,"Coin (other than gold coin), not being legal tender",37636067.0,0.00022688563071643914,0.00012262835514150727,1.8501889750916414,0.298292142212888
GBR,1987,goods,97,"Gold, non-monetary (excluding gold ores and concentrates)",639977053.0,0.003858043862924173,0.0031172964783099623,1.237624938714782,0.10619516014657306
GBR,1987,services,financial,Financial services,7376961121.0,0.044471343849736875,0.016072722920497422,2.766883002320839,0.46905704298015977
GBR,1987,services,ict,ICT,15850091105.0,0.09555084268690846,0.10413551471527009,0.9175624948718595,-0.04299077883959625
GBR,1987,services,transport,Transport,9620874218.0,0.05799857129052454,0.08475635243037564,0.6842976323004027,-0.18743858665194052
GBR,1987,services,travel,Travel & tourism,11408977224.0,0.0687779887653173,0.09100301587195656,0.7557770267975469,-0.13909680413571882
GBR,1988,goods,00,Live animals chiefly for food,431370936.0,0.002399101266067207,0.0020632964475975736,1.1627516098622823,0.07525210436562609
GBR,1988,goods,01,Meat and preparations,998211433.0,0.005551626483971236,0.007516776735226282,0.7385647704493263,-0.1503741672408941
GBR,1988,goods,02,Dairy products and birds' eggs,639737086.0,0.0035579449723816023,0.0055546308470136325,0.6405367107869068,-0.21911322486692272
GBR,1988,goods,03,"Fish, crustacean and molluscs, and preparations thereof",751283847.0,0.004178320508161315,0.00916815230647436,0.45574292054579757,-0.3738689515660812
GBR,1988,goods,04,Cereals and cereal preparations,1304399780.0,0.007254515551450565,0.011259060401408515,0.6443269058706729,-0.2163031528946477
GBR,1988,goods,05,Vegetables and fruit,396427015.0,0.0022047580729679566,0.010919180452739105,0.20191607625780075,-0.6640096921134926
GBR,1988,goods,06,"Sugar, sugar preparations and honey",347685598.0,0.0019336790885585626,0.0026015916369279287,0.7432677216174995,-0.1472707118928871
GBR,1988,goods,07,"Coffee, tea, cocoa, spices, and manufactures thereof",644451631.0,0.003584165262008233,0.006289350259058502,0.5698784634940609,-0.2739839716946128
GBR,1988,goods,08,Feeding stuff for animals (not including unmilled cereals),308209235.0,0.0017141283850938566,0.0042899627420922345,0.39956719630107285,-0.4290132015710397
GBR,1988,goods,09,Miscellaneous edible products and preparations,144298510.0,0.0008025268026694584,0.0010924675915684051,0.7346001006009778,-0.153003507440747
GBR,1988,goods,11,Beverages,2710801042.0,0.015076319865737327,0.004483451025751086,3.3626596519389174,0.5415640550573019
GBR,1988,goods,12,Tobacco and tobacco manufactures,860634802.0,0.004786483906972583,0.003095684522828752,1.5461794868550833,0.21450942075167592
GBR,1988,goods,21,"Hides, skins and furskins, raw",432405004.0,0.002404852311492297,0.002096175668559338,1.1472570489023501,0.06857914332037052
GBR,1988,goods,22,Oil seeds and oleaginous fruit,73281208.0,0.00040755884140449916,0.0029329682935041166,0.13895780677450653,-0.7559913002079844
GBR,1988,goods,23,Crude rubber (including synthetic and reclaimed),375371089.0,0.0020876539880399507,0.0028378827981817567,0.735637845712839,-0.15231412183143864
GBR,1988,goods,24,Cork and wood,63762591.0,0.00035462035113980304,0.0071572629437205125,0.04954692232607331,-0.9055841691836621
GBR,1988,goods,25,Pulp and waste paper,82098847.0,0.00045659879083823567,0.004779860675445755,0.0955255439104728,-0.8256078200249082
GBR,1988,goods,26,Textile fibres (not wool tops) and their wastes (not in yarn),657129672.0,0.003654675121797099,0.006420979564826381,0.569177192498341,-0.2745533197660942
GBR,1988,goods,27,Crude fertilizer and crude minerals,597772908.0,0.003324558102364774,0.0033100601239080393,1.0043799743551538,0.0021852016140616864
GBR,1988,goods,28,Metalliferous ores and metal scrap,1043977272.0,0.005806156571940649,0.00945268414364668,0.6142336381611854,-0.23897802196604634
GBR,1988,goods,29,"Crude animal and vegetable materials, nes",260206699.0,0.0014471587418445565,0.0033875825198976745,0.42719512612441674,-0.4013500770781421
GBR,1988,goods,32,"Coal, coke and briquettes",176820332.0,0.0009833993135959069,0.0046253365583348235,0.21261140701725334,-0.6493329919430186
GBR,1988,goods,33,"Petroleum, petroleum products and related materials",10239326105.0,0.05694676709091154,0.0469980236733341,1.211684293082779,0.09571180377996924
GBR,1988,goods,34,"Gas, natural and manufactured",244506583.0,0.001359841389121929,0.0055096417023901695,0.2468112197807724,-0.6040920776696742
GBR,1988,goods,35,Electric current,0.0,0.0,0.0010284524252426477,0.0,-1.0
GBR,1988,goods,41,Animal oils and fats,21328635.0,0.00011862077613867187,0.0003549310604543883,0.33420793318795966,-0.49901672014585846
GBR,1988,goods,42,Fixed vegetable oils and fats,90433921.0,0.0005029549194443684,0.0026272761643692057,0.19143587806465906,-0.6786467797568375
GBR,1988,goods,43,"Animal and vegetable oils and fats, processed, and waxes",59510800.0,0.0003309737020035869,0.00039413766703569347,0.8397413637037985,-0.08710932931005373
GBR,1988,goods,51,Organic chemicals,5414363964.0,0.030112384393419272,0.015955978741805068,1.8872163770514474,0.3072912664611275
GBR,1988,goods,52,Inorganic chemicals,2116774319.0,0.011772596447460823,0.006824920696158363,1.7249425995656518,0.2660395854507928
GBR,1988,goods,53,"Dyeing, tanning and colouring materials",1616131394.0,0.008988233907062205,0.004404938756405055,2.0404900962567876,0.3422113091365623
GBR,1988,goods,54,Medicinal and pharmaceutical products,2982407055.0,0.016586876732878154,0.0074307395350001176,2.232197300786952,0.3812258925180544
GBR,1988,goods,55,Oils and perfume materials; toilet and cleansing preparations,1591646343.0,0.008852058490613147,0.004020555771904605,2.2017002108193062,0.3753318960839855
GBR,1988,goods,56,"Fertilizers, manufactured",166671580.0,0.0009269562810680917,0.0034889631578006,0.2656824503851837,-0.5801751848509413
GBR,1988,goods,57,Explosives and pyrotechnic products,37462355.0,0.0002083496494774492,0.0002503642580794005,0.8321860759029478,-0.09159218395126666
GBR,1988,goods,58,"Artificial resins and plastic materials, and cellulose esters etc",3049220243.0,0.01695846320415768,0.0163939960285944,1.0344313353851458,0.01692430449053589
GBR,1988,goods,59,"Chemical materials and products, nes",2125667596.0,0.011822057063208442,0.006173414192379458,1.914994959807126,0.31389246719921177
GBR,1988,goods,61,"Leather, leather manufactures, nes, and dressed furskins",561588130.0,0.003123313791570129,0.0030753986466096725,1.015580141134964,0.007729854455795035
GBR,1988,goods,62,"Rubber manufactures, nes",1130348111.0,0.006286514361266046,0.005398691054322546,1.1644515861363562,0.07597840819803679
GBR,1988,goods,63,"Cork and wood, cork manufactures",294922037.0,0.0016402306537356048,0.003717096285628631,0.4412666575458943,-0.38766826355747697
GBR,1988,goods,64,"Paper, paperboard, and articles of pulp, of paper or of paperboard",1873874162.0,0.010421689314981636,0.01412571551228499,0.7377813397075709,-0.1508927816756017
GBR,1988,goods,65,"Textile yarn, fabrics, made-up articles, nes, and related products",3611906852.0,0.0200878862676785,0.02471596482478751,0.8127494277517529,-0.1032964453782689
GBR,1988,goods,66,"Non-metallic mineral manufactures, nes",5239759589.0,0.029141309288064066,0.016968080285439256,1.7174193425446584,0.26400759401118024
GBR,1988,goods,67,Iron and steel,4216405850.0,0.023449852015501062,0.025795170667598337,0.9090791574004485,-0.04762549643219425
GBR,1988,goods,68,Non-ferrous metals,2909390631.0,0.0161807905072125,0.017137710925573344,0.9441628801818042,-0.028720391890711516
GBR,1988,goods,69,"Manufactures of metals, nes",2956676391.0,0.016443773747889034,0.015425387631784738,1.066020131254651,0.03195522166309108
GBR,1988,goods,71,Power generating machinery and equipment,6747527064.0,0.037526869269804364,0.01792023751429226,2.0941055742076444,0.3536096451679187
GBR,1988,goods,72,Machinery specialized for particular industries,5599275117.0,0.03114078140455274,0.024774153305295293,1.256986707912905,0.11386274762359913
GBR,1988,goods,73,Metalworking machinery,1304312035.0,0.00725402755116352,0.0061914725156399,1.1716158850482765,0.07902681419392057
GBR,1988,goods,74,"General industrial machinery and equipment, nes, and parts of, nes",6069508031.0,0.0337560164266078,0.026509146403676263,1.2733724395564296,0.12024973770235768
GBR,1988,goods,75,Office machines and automatic data processing equipment,9091583006.0,0.05056350922132989,0.03163320536379331,1.5984314153381307,0.2303048723186167
GBR,1988,goods,76,"Telecommunications, sound recording and reproducing equipment",2408699247.0,0.013396158458512442,0.02202739234187751,0.6081590707877053,-0.24365806612673213
GBR,1988,goods,77,"Electric machinery, apparatus and appliances, nes, and parts, nes",7578036330.0,0.04214580778712058,0.040192329311092644,1.0486032660836304,0.023725074975862247
GBR,1988,goods,78,Road vehicles,8842060135.0,0.04917576937663895,0.0709443208307172,0.6931600556720957,-0.18122323598409304
GBR,1988,goods,79,Other transport equipment,1096446602.0,0.006097968619363098,0.017791851789800403,0.3427394006766008,-0.4894923013298101
GBR,1988,goods,81,"Sanitary, plumbing, heating, lighting fixtures and fittings, nes",230511252.0,0.0012820053238726706,0.0016193075121314255,0.7916997323042252,-0.11625846894997809
GBR,1988,goods,82,Furniture and parts thereof,643533735.0,0.0035790603157266456,0.005693553760587611,0.6286162327124956,-0.22803639054300517
GBR,1988,goods,83,"Travel goods, handbags and similar containers",67410933.0,0.0003749108741694913,0.0016468726046102989,0.2276501977869787,-0.6291285608924237
GBR,1988,goods,84,Articles of apparel and clothing accessories,2740370389.0,0.015240771969261706,0.02282083846778515,0.6678445224865956,-0.19915254271914537
GBR,1988,goods,85,Footwear,340489466.0,0.0018936572698610072,0.005928328671800095,0.31942514909282377,-0.5158116406793583
GBR,1988,goods,87,"Professional, scientific, controlling instruments, apparatus, nes",4043625086.0,0.02248891905717941,0.011296348434199452,1.990813154195447,0.33128554112635095
GBR,1988,goods,88,"Photographic equipment and supplies, optical goods; watches, etc",1743152485.0,0.00969467107007807,0.009628801747445617,1.00684086393719,0.003408772494182216
GBR,1988,goods,89,"Miscellaneous manufactured articles, nes",6883937698.0,0.03828552706851714,0.025271722022631043,1.5149552149328063,0.20475721073488964
GBR,1988,goods,94,"Animals, live, nes, (including zoo animals, pets, insects, etc)",11188211.0,6.22240603968902e-05,8.05768585718903e-05,0.7722323940114169,-0.12852016855026285
GBR,1988,goods,95,"Armoured fighting vehicles, war firearms, ammunition, parts, nes",26200499.0,0.00014571600698312369,0.0003584669707882674,0.406497721847831,-0.4219717308695222
GBR,1988,goods,96,"Coin (other than gold coin), not being legal tender",12360722.0,6.874506677405077e-05,3.512985318162757e-05,1.956884545421428,0.32361241391826095
GBR,1988,goods,97,"Gold, non-monetary (excluding gold ores and concentrates)",800138320.0,0.004450028261850465,0.004473439824789936,0.9947665412174018,-0.0026235946284742717
GBR,1988,services,financial,Financial services,7658404314.0,0.04259278025576568,0.015731598090588505,2.707466845421572,0.46054810915710775
GBR,1988,services,ict,ICT,16454435487.0,0.09151255616647035,0.09610603115516887,0.9522040923604255,-0.024483048584220575
GBR,1988,services,transport,Transport,11300002412.0,0.06284579657724482,0.0857318216169277,0.7330509884422652,-0.15403413594754017
GBR,1988,services,travel,Travel & tourism,12261354347.0,0.06819242624539348,0.09204310510891399,0.7408748994799974,-0.14884762862478157
GBR,1989,goods,00,Live animals chiefly for food,401203759.0,0.002173891443302433,0.0019346128471280622,1.1236829355959155,0.05823983115502572
GBR,1989,goods,01,Meat and preparations,1069068709.0,0.0057926658628277665,0.007473954240514204,0.7750470067674958,-0.12673072452439543
GBR,1989,goods,02,Dairy products and birds' eggs,732812864.0,0.003970689652963968,0.00518515403119508,0.7657804626584639,-0.13264363395940387
GBR,1989,goods,03,"Fish, crustacean and molluscs, and preparations thereof",786826008.0,0.004263355683462107,0.008130066101114745,0.5243937294528936,-0.3119970000911785
GBR,1989,goods,04,Cereals and cereal preparations,1629231190.0,0.008827862809486886,0.011993523160712742,0.7360525086076767,-0.1520388871209953
GBR,1989,goods,05,Vegetables and fruit,448760360.0,0.00243157319644485,0.010300439803112028,0.23606498779889082,-0.6180379023286454
GBR,1989,goods,06,"Sugar, sugar preparations and honey",373965243.0,0.0020263016574832613,0.0026131856452181208,0.7754143534314905,-0.12649759541170447
GBR,1989,goods,07,"Coffee, tea, cocoa, spices, and manufactures thereof",622621496.0,0.003373626273951635,0.005422620481936163,0.622139477617853,-0.23293960081474827
GBR,1989,goods,08,Feeding stuff for animals (not including unmilled cereals),362006321.0,0.001961503166383079,0.003929659466776367,0.49915347193994053,-0.334086227617478
GBR,1989,goods,09,Miscellaneous edible products and preparations,148148130.0,0.0008027291492756338,0.0009338418083708548,0.859598640883347,-0.0755008935960286
GBR,1989,goods,11,Beverages,2804674329.0,0.015196910268886817,0.004418241709729589,3.4395832702907776,0.549507267183434
GBR,1989,goods,12,Tobacco and tobacco manufactures,808744079.0,0.004382117050801626,0.003222295736530728,1.359936333937994,0.15251951027736965
GBR,1989,goods,21,"Hides, skins and furskins, raw",384492486.0,0.0020833427069896432,0.001799718005946545,1.1575939675582279,0.07304153141315028
GBR,1989,goods,22,Oil seeds and oleaginous fruit,64328720.0,0.00034856017878585747,0.0025418913704689725,0.13712630792776523,-0.7588195665305528
GBR,1989,goods,23,Crude rubber (including synthetic and reclaimed),360064048.0,0.0019509791108114627,0.002330737481797891,0.8370651461384278,-0.0886930189732611
GBR,1989,goods,24,Cork and wood,58378817.0,0.00031632109096569705,0.0074348649671869636,0.04254564035281726,-0.9183812416338549
GBR,1989,goods,25,Pulp and waste paper,82569291.0,0.00044739529767079915,0.004968852060897425,0.09003997144362455,-0.8347951014596692
GBR,1989,goods,26,Textile fibres (not wool tops) and their wastes (not in yarn),707659853.0,0.00383440001419667,0.0061054840462507936,0.6280255562294471,-0.22848194387811466
GBR,1989,goods,27,Crude fertilizer and crude minerals,583916141.0,0.0031639043105926553,0.0032826770505708426,0.9638183293243747,-0.018424143483818635
GBR,1989,goods,28,Metalliferous ores and metal scrap,1117803553.0,0.0060567318342592035,0.010084067121290381,0.6006239111074233,-0.2495127594440723
GBR,1989,goods,29,"Crude animal and vegetable materials, nes",290080221.0,0.0015717771734615742,0.0032225636362765353,0.48774123674952824,-0.34431979876397967
GBR,1989,goods,32,"Coal, coke and briquettes",185391003.0,0.0010045267673749678,0.004554463118002585,0.22055876649968684,-0.638593777615142
GBR,1989,goods,33,"Petroleum, petroleum products and related materials",9829929101.0,0.05326270824130906,0.0538346540966174,0.9893758794422295,-0.005340428959432867
GBR,1989,goods,34,"Gas, natural and manufactured",216875458.0,0.0011751228442714967,0.005362012221796191,0.21915706187589568,-0.6404777223064557
GBR,1989,goods,35,Electric current,462462.0,2.505814469830353e-06,0.00109162650242952,0.0022954870225790794,-0.9954195403405476
GBR,1989,goods,41,Animal oils and fats,21820392.0,0.00011823210125582312,0.00028517596470236154,0.414593499768545,-0.41383372702280824
GBR,1989,goods,42,Fixed vegetable oils and fats,87564436.0,0.0004744611033367798,0.0025289470767001264,0.18761211245111387,-0.6840515341934311
GBR,1989,goods,43,"Animal and vegetable oils and fats, processed, and waxes",54199229.0,0.0002936743176344194,0.0004099562182753547,0.7163553192823328,-0.16525988385450913
GBR,1989,goods,51,Organic chemicals,5224834924.0,0.028310362700144382,0.015649422855654918,1.8090355766643773,0.28801186549053115
GBR,1989,goods,52,Inorganic chemicals,1817488823.0,0.009847922189127618,0.006436724584086304,1.5299586086804016,0.20947323282763985
GBR,1989,goods,53,"Dyeing, tanning and colouring materials",1646165063.0,0.008919617686630672,0.004362042189773067,2.044826092590982,0.34314803565739666
GBR,1989,goods,54,Medicinal and pharmaceutical products,3112108561.0,0.016862718804651445,0.0068751885896046515,2.4526918185412443,0.42074181389145926
GBR,1989,goods,55,Oils and perfume materials; toilet and cleansing preparations,1530778312.0,0.00829440352788355,0.00411732886485053,2.014510815177417,0.3365424366930688
GBR,1989,goods,56,"Fertilizers, manufactured",177376153.0,0.0009610989244310722,0.002534205026129113,0.37925065830175103,-0.45006274817556924
GBR,1989,goods,57,Explosives and pyrotechnic products,38296267.0,0.00020750535176746767,0.0002295306591731723,0.9040419807748326,-0.05039700815111135
GBR,1989,goods,58,"Artificial resins and plastic materials, and cellulose esters etc",3043696395.0,0.016492032790502747,0.015753350717910855,1.0468904733868487,0.022908149701465107
GBR,1989,goods,59,"Chemical materials and products, nes",2126517536.0,0.011522370296493091,0.005811187688642677,1.9827909394515493,0.3294870339227518
GBR,1989,goods,61,"Leather, leather manufactures, nes, and dressed furskins",531062511.0,0.002877521016750005,0.00305433842083843,0.9421094260930367,-0.029808090692099876
GBR,1989,goods,62,"Rubber manufactures, nes",1164215641.0,0.0063082121325008745,0.005030797572991319,1.2539188947628443,0.11265662458078887
GBR,1989,goods,63,"Cork and wood, cork manufactures",371956393.0,0.0020154168596020977,0.0036041615105739996,0.5591916049514446,-0.2827159879829412
GBR,1989,goods,64,"Paper, paperboard, and articles of pulp, of paper or of paperboard",1919317837.0,0.010399674801730941,0.013519835552443602,0.7692160722954418,-0.13044417316711984
GBR,1989,goods,65,"Textile yarn, fabrics, made-up articles, nes, and related products",3732824294.0,0.02022601884963407,0.02440807170817897,0.8286610712822707,-0.09369638333121247
GBR,1989,goods,66,"Non-metallic mineral manufactures, nes",5187997013.0,0.02811075933722565,0.01726210531140184,1.6284664489132814,0.2391000460261214
GBR,1989,goods,67,Iron and steel,4596397013.0,0.02490522063274477,0.025948676997773323,0.9597876853175176,-0.020518709747871174
GBR,1989,goods,68,Non-ferrous metals,3104496695.0,0.016821474499248604,0.017581254638554863,0.9567846462083487,-0.022084879843773036
GBR,1989,goods,69,"Manufactures of metals, nes",3094424667.0,0.016766899996904762,0.01564609555989736,1.0716347687329832,0.034578860045294195
GBR,1989,goods,71,Power generating machinery and equipment,7421232966.0,0.04021137509716436,0.017660574640265287,2.2769007190447983,0.3896671973074024
GBR,1989,goods,72,Machinery specialized for particular industries,5796323925.0,0.03140693151672757,0.02535399591910646,1.2387369476958736,0.1066391243248045
GBR,1989,goods,73,Metalworking machinery,1151915390.0,0.006241564176694029,0.00648228456974165,0.9628648834438296,-0.018918834846653923
GBR,1989,goods,74,"General industrial machinery and equipment, nes, and parts of, nes",6163299152.0,0.033395358314790714,0.02702863023936291,1.2355549659396234,0.10536755728599033
GBR,1989,goods,75,Office machines and automatic data processing equipment,9386029784.0,0.05085747422924664,0.029953474474542306,1.697882303185589,0.2586778164345968
GBR,1989,goods,76,"Telecommunications, sound recording and reproducing equipment",2842802748.0,0.015403506149287703,0.021918532719803166,0.7027617380323453,-0.1745624507108865
GBR,1989,goods,77,"Electric machinery, apparatus and appliances, nes, and parts, nes",7893069091.0,0.042767982536075416,0.04027689675947943,1.0618489997248781,0.02999686191041677
GBR,1989,goods,78,Road vehicles,9692704534.0,0.05251916757071384,0.06853530138556542,0.7663082602533821,-0.132305184211217
GBR,1989,goods,79,Other transport equipment,1780921207.0,0.00964978339869727,0.018511555451816795,0.5212843093501472,-0.31467864863100276
GBR,1989,goods,81,"Sanitary, plumbing, heating, lighting fixtures and fittings, nes",235960104.0,0.001278531518061754,0.0015512609723452736,0.8241885413572975,-0.09637789880638602
GBR,1989,goods,82,Furniture and parts thereof,715629247.0,0.0038775815573309797,0.00542300319874967,0.7150247593851681,-0.16616392215643278
GBR,1989,goods,83,"Travel goods, handbags and similar containers",76945240.0,0.0004169218136334861,0.001636948695831497,0.2546944902397863,-0.5940135352134824
GBR,1989,goods,84,Articles of apparel and clothing accessories,2554569620.0,0.013841737305951679,0.023103955976814958,0.599106807502663,-0.2506981964034128
GBR,1989,goods,85,Footwear,333383586.0,0.0018064130972982252,0.005734368492705977,0.3150151755325723,-0.5208949958999625
GBR,1989,goods,87,"Professional, scientific, controlling instruments, apparatus, nes",4008036379.0,0.021717234181629304,0.011362076257759993,1.9113790199037801,0.3130403199559708
GBR,1989,goods,88,"Photographic equipment and supplies, optical goods; watches, etc",1777212995.0,0.009629690739653286,0.009271312322606228,1.0386545512195964,0.018960814717957897
GBR,1989,goods,89,"Miscellaneous manufactured articles, nes",7683711436.0,0.04163359432413854,0.02636774193723498,1.5789594127264275,0.22449341772089482
GBR,1989,goods,94,"Animals, live, nes, (including zoo animals, pets, insects, etc)",11133488.0,6.03259410072235e-05,7.733229456341686e-05,0.7800873017902348,-0.12354040051215404
GBR,1989,goods,95,"Armoured fighting vehicles, war firearms, ammunition, parts, nes",34106429.0,0.00018480303960637104,0.0009543411077698504,0.19364463932422188,-0.6755405537885157
GBR,1989,goods,96,"Coin (other than gold coin), not being legal tender",17348536.0,9.400169644029734e-05,4.612479138424566e-05,2.0379863760729,0.3416692004441011
GBR,1989,goods,97,"Gold, non-monetary (excluding gold ores and concentrates)",942287003.0,0.005105709024418172,0.0034592849127371,1.475943483469353,0.19222711933733208
GBR,1989,services,financial,Financial services,6631431299.0,0.035931896036258314,0.0153542206876242,2.340196664310037,0.40123286111564116
GBR,1989,services,ict,ICT,16441887972.0,0.08908909443709372,0.09722546237269501,0.9163144331017722,-0.04367006032656825
GBR,1989,services,transport,Transport,11655043656.0,0.06315194986768481,0.0869584492300717,0.7262313257289068,-0.15859327205494517
GBR,1989,services,travel,Travel & tourism,12655025315.0,0.06857027290976646,0.0925332661693949,0.7410337465473132,-0.1487428109686266
GBR,1990,goods,00,Live animals chiefly for food,422135184.0,0.0019009558432868468,0.0018504266176717634,1.0273067978662456,0.013469494550595975
GBR,1990,goods,01,Meat and preparations,1006098260.0,0.004530653778121772,0.0073207859553328465,0.6188753237378023,-0.2354255887860613
GBR,1990,goods,02,Dairy products and birds' eggs,740221064.0,0.003333357678460668,0.004671676161963572,0.713524988225984,-0.16718461285505046
GBR,1990,goods,03,"Fish, crustacean and molluscs, and preparations thereof",963798012.0,0.0043401676337399215,0.007988489937040355,0.5433026351595936,-0.29592210525395696
GBR,1990,goods,04,Cereals and cereal preparations,2025795666.0,0.00912254712364338,0.010084573450871145,0.9046041627923627,-0.050086962462465884
GBR,1990,goods,05,Vegetables and fruit,456969618.0,0.002057821992733158,0.010956755461704116,0.187813080243109,-0.6837666071084695
GBR,1990,goods,06,"Sugar, sugar preparations and honey",533208172.0,0.0024011388499938398,0.002675213223183982,0.8975504566084849,-0.05399041856026556
GBR,1990,goods,07,"Coffee, tea, cocoa, spices, and manufactures thereof",769548328.0,0.003465423983240456,0.0046066844648123195,0.7522598974839143,-0.14138319485129913
GBR,1990,goods,08,Feeding stuff for animals (not including unmilled cereals),403503755.0,0.0018170549386270398,0.003333343435173734,0.5451148295892093,-0.2944021775596629
GBR,1990,goods,09,Miscellaneous edible products and preparations,182106549.0,0.0008200607803929285,0.0009562031922702197,0.8576218810208512,-0.07664537139329196
GBR,1990,goods,11,Beverages,3524186561.0,0.015870089227070748,0.004626022839229936,3.4306119486674516,0.5485950872764837
GBR,1990,goods,12,Tobacco and tobacco manufactures,1093777285.0,0.004925489274485996,0.00353519049338474,1.3932740777909611,0.16432471376364918
GBR,1990,goods,21,"Hides, skins and furskins, raw",307140496.0,0.0013831126679580926,0.0015018400955787215,0.9209453603148887,-0.0411540282812377
GBR,1990,goods,22,Oil seeds and oleaginous fruit,120852930.0,0.000544223964666817,0.002275560031915399,0.23916045150816315,-0.6139959902414822
GBR,1990,goods,23,Crude rubber (including synthetic and reclaimed),410697483.0,0.001849449678025536,0.0019068257419523102,0.9699101692071613,-0.015274722301143843
GBR,1990,goods,24,Cork and wood,63399056.0,0.0002854981307648358,0.006623010696159677,0.043107001311409716,-0.9173488409967243
GBR,1990,goods,25,Pulp and waste paper,90616498.0,0.00040806350169402336,0.0038973094343479698,0.10470390113180568,-0.8104398816288545
GBR,1990,goods,26,Textile fibres (not wool tops) and their wastes (not in yarn),751660339.0,0.0033848709317464095,0.004893214866577322,0.6917478639383845,-0.18220926571410315
GBR,1990,goods,27,Crude fertilizer and crude minerals,647820349.0,0.0029172595047933137,0.002943669327923376,0.9910282643231898,-0.004506081524593505
GBR,1990,goods,28,Metalliferous ores and metal scrap,1075766443.0,0.004844382992327777,0.008468594031079801,0.5720409993145091,-0.2722314499889653
GBR,1990,goods,29,"Crude animal and vegetable materials, nes",334040131.0,0.001504246892902331,0.0031126247911215706,0.48327279831254777,-0.3483696338767281
GBR,1990,goods,32,"Coal, coke and briquettes",210151194.0,0.0009463512053712341,0.004225991726323464,0.223935886924829,-0.6340725207633648
GBR,1990,goods,33,"Petroleum, petroleum products and related materials",13760771448.0,0.061967397847156006,0.06093291009325069,1.0169774880655158,0.00841729179724208
GBR,1990,goods,34,"Gas, natural and manufactured",294655545.0,0.0013268905347264786,0.0059534851964333675,0.22287626338961863,-0.6354884462769094
GBR,1990,goods,35,Electric current,40227151.0,0.00018115059026264989,0.0011306687217071097,0.1602154431132972,-0.7238177718383433
GBR,1990,goods,41,Animal oils and fats,23496786.0,0.00010581054206834504,0.00022434883286635707,0.47163402062971993,-0.35903354500067175
GBR,1990,goods,42,Fixed vegetable oils and fats,96383559.0,0.0004340336854694219,0.0023063837943415903,0.18818797050788622,-0.6832353547100027
GBR,1990,goods,43,"Animal and vegetable oils and fats, processed, and waxes",55037019.0,0.0002478422714585648,0.00035295025412576084,0.7022017084885149,-0.17494888533270106
GBR,1990,goods,51,Organic chemicals,5537709541.0,0.02493737008756245,0.014337564109870015,1.739303126839761,0.26988730075034423
GBR,1990,goods,52,Inorganic chemicals,1862276065.0,0.008386186941420608,0.005776028120975048,1.4518951026168034,0.18430441911422515
GBR,1990,goods,53,"Dyeing, tanning and colouring materials",1992180391.0,0.008971171081425245,0.004422737645246812,2.0284203588396674,0.3395896992429758
GBR,1990,goods,54,Medicinal and pharmaceutical products,3750383160.0,0.016888695974146967,0.007183109436507578,2.3511678505566853,0.4031931287274177
GBR,1990,goods,55,Oils and perfume materials; toilet and cleansing preparations,1919283550.0,0.008642902599885687,0.004474473102870349,1.931602314100696,0.3177792259269914
GBR,1990,goods,56,"Fertilizers, manufactured",191416364.0,0.0008619846661407925,0.0022997818114454953,0.37481149813903614,-0.45474488881365027
GBR,1990,goods,57,Explosives and pyrotechnic products,60565966.0,0.0002727401821403555,0.00021756406795677075,1.2536085793107532,0.11253443993735471
GBR,1990,goods,58,"Artificial resins and plastic materials, and cellulose esters etc",3615643935.0,0.01628193935496004,0.015531854279386387,1.048293337168966,0.02357735403060691
GBR,1990,goods,59,"Chemical materials and products, nes",2566372200.0,0.011556867123492175,0.005845510831713606,1.977049988649887,0.3281940150064413
GBR,1990,goods,61,"Leather, leather manufactures, nes, and dressed furskins",547792756.0,0.002466816034051324,0.0031029800682024944,0.7949828809181846,-0.11421675452244054
GBR,1990,goods,62,"Rubber manufactures, nes",1372767059.0,0.006181833832352978,0.004911861119947283,1.2585522435168779,0.11447698155269428
GBR,1990,goods,63,"Cork and wood, cork manufactures",485922868.0,0.002188204040607293,0.0035722916292460142,0.6125491050878022,-0.2402723077949935
GBR,1990,goods,64,"Paper, paperboard, and articles of pulp, of paper or of paperboard",2575717611.0,0.011598951304867511,0.013533738859830774,0.8570396861501541,-0.07698290721304842
GBR,1990,goods,65,"Textile yarn, fabrics, made-up articles, nes, and related products",4441059486.0,0.019998944177787796,0.024132411001211475,0.8287172042935879,-0.09366281199972451
GBR,1990,goods,66,"Non-metallic mineral manufactures, nes",5612073069.0,0.025272243342474614,0.016654827057328382,1.517412534845532,0.20553347045174716
GBR,1990,goods,67,Iron and steel,5248395008.0,0.02363453115610263,0.02271692337678796,1.0403931361696752,0.019796741840400013
GBR,1990,goods,68,Non-ferrous metals,3703749077.0,0.016678693738050074,0.01572979632166062,1.0603248380961412,0.029279284984927337
GBR,1990,goods,69,"Manufactures of metals, nes",3958313986.0,0.017825048435789113,0.01584048554620376,1.1252842208527478,0.05894939586126455
GBR,1990,goods,71,Power generating machinery and equipment,9003967982.0,0.040546597859870824,0.017350503381949826,2.3369119020519307,0.4006434515786401
GBR,1990,goods,72,Machinery specialized for particular industries,7020509474.0,0.03161470309343124,0.025107666842247394,1.2591653096270494,0.11471728453099932
GBR,1990,goods,73,Metalworking machinery,1454211749.0,0.006548594920337025,0.006424267296158554,1.019352809969911,0.009583669517462536
GBR,1990,goods,74,"General industrial machinery and equipment, nes, and parts of, nes",7537533846.0,0.03394296318244366,0.02747537963991935,1.2353956024370074,0.10530377807864583
GBR,1990,goods,75,Office machines and automatic data processing equipment,10543017945.0,0.04747723555880107,0.02918512137462292,1.6267616279329071,0.23860620669494412
GBR,1990,goods,76,"Telecommunications, sound recording and reproducing equipment",3776692289.0,0.01700717103711243,0.021840773457499515,0.778689045523369,-0.12442363381819305
GBR,1990,goods,77,"Electric machinery, apparatus and appliances, nes, and parts, nes",9472722857.0,0.04265749112931327,0.03947269191065115,1.0806836084519167,0.038777451854848516
GBR,1990,goods,78,Road vehicles,12489265791.0,0.056241563564538063,0.06732468546975844,0.835378036631173,-0.08969376340091206
GBR,1990,goods,79,Other transport equipment,1854020261.0,0.008349009469725117,0.019150155046477473,0.435976076927944,-0.39278086322907335
GBR,1990,goods,81,"Sanitary, plumbing, heating, lighting fixtures and fittings, nes",293995524.0,0.0013239183333459794,0.0016363324212896665,0.8090766375590972,-0.10553635953118426
GBR,1990,goods,82,Furniture and parts thereof,879856214.0,0.003962161588633517,0.0057153451400187,0.6932497498515993,-0.18116066467766206
GBR,1990,goods,83,"Travel goods, handbags and similar containers",103023180.0,0.0004639331745799057,0.001545330514684313,0.3002161480482251,-0.5382057844783973
GBR,1990,goods,84,Articles of apparel and clothing accessories,3170557671.0,0.01427763038857568,0.022933267035660666,0.6225728923129145,-0.23261026328936008
GBR,1990,goods,85,Footwear,437358884.0,0.0019695110894931093,0.005889455531134748,0.3344131013607695,-0.4987862439004063
GBR,1990,goods,87,"Professional, scientific, controlling instruments, apparatus, nes",4576426035.0,0.020608525757481767,0.011288870670400481,1.825561330197316,0.2921760435260716
GBR,1990,goods,88,"Photographic equipment and supplies, optical goods; watches, etc",1979477377.0,0.008913966968605655,0.009097973414683727,0.9797750072800725,-0.0102158036370576
GBR,1990,goods,89,"Miscellaneous manufactured articles, nes",9749081439.0,0.04390198692404277,0.027180536654210725,1.6151994157643539,0.2352399637503541
GBR,1990,goods,94,"Animals, live, nes, (including zoo animals, pets, insects, etc)",13152270.0,5.922719890836272e-05,7.672850322333407e-05,0.7719060899177167,-0.12872799037158647
GBR,1990,goods,95,"Armoured fighting vehicles, war firearms, ammunition, parts, nes",46266099.0,0.00020834513343985498,0.0009361410453303476,0.22255741747370308,-0.6359149855986371
GBR,1990,goods,96,"Coin (other than gold coin), not being legal tender",11926016.0,5.370514153194211e-05,5.084172603477086e-05,1.056320186596595,0.02738882152871837
GBR,1990,goods,97,"Gold, non-monetary (excluding gold ores and concentrates)",1384019493.0,0.0062325057047157885,0.003366260916349109,1.8514624562956565,0.29860552938922225
GBR,1990,services,financial,Financial services,8845102913.0,0.039831197929573334,0.01697599711708999,2.346324498928824,0.4023293315874744
GBR,1990,services,ict,ICT,18412220023.0,0.08291376451720957,0.10295705277690241,0.805323795513799,-0.10783450867371734
GBR,1990,services,transport,Transport,13576296615.0,0.061136672228865166,0.0867440390970129,0.7047939301107602,-0.17316231872673332
GBR,1990,services,travel,Travel & tourism,15588308422.0,0.07019714798697865,0.09663589176195544,0.726408653214442,-0.1584742675357608
GBR,1991,goods,00,Live animals chiefly for food,474398754.0,0.0022696213521075635,0.0018329075795355167,1.238262843936035,0.1064498946500155
GBR,1991,goods,01,Meat and preparations,1109826572.0,0.005309638913907312,0.007581155994539326,0.7003732567608189,-0.17621233576089337
GBR,1991,goods,02,Dairy products and birds' eggs,731790329.0,0.0035010356624254934,0.004931727009281839,0.7099005390680204,-0.16965867563858306
GBR,1991,goods,03,"Fish, crustacean and molluscs, and preparations thereof",1099974933.0,0.005262506643767211,0.008372255801182558,0.6285649613123259,-0.2280750522769232
GBR,1991,goods,04,Cereals and cereal preparations,1952757933.0,0.009342396165387548,0.009479689434273068,0.9855171132095164,-0.007294264397989768
GBR,1991,goods,05,Vegetables and fruit,509275424.0,0.002436478525013227,0.011429028971597508,0.21318333614064372,-0.648555449469297
GBR,1991,goods,06,"Sugar, sugar preparations and honey",421065538.0,0.002014464261601873,0.002401955898324283,0.8386766230834037,-0.08773885243945831
GBR,1991,goods,07,"Coffee, tea, cocoa, spices, and manufactures thereof",804387144.0,0.003848353778313721,0.004445351378186842,0.8657029446980132,-0.07198201390185638
GBR,1991,goods,08,Feeding stuff for animals (not including unmilled cereals),498939368.0,0.0023870287041686733,0.0034137323086190054,0.6992430830448813,-0.17699463952867242
GBR,1991,goods,09,Miscellaneous edible products and preparations,186082539.0,0.0008902571944124213,0.00107122304429094,0.831066134319111,-0.09225983841578048
GBR,1991,goods,11,Beverages,3767934572.0,0.0180265750823525,0.004792764442346502,3.761206147141006,0.579938373136615
GBR,1991,goods,12,Tobacco and tobacco manufactures,1288205042.0,0.006163038255399424,0.003768705007822875,1.6353198890882998,0.241078850320555
GBR,1991,goods,21,"Hides, skins and furskins, raw",215810120.0,0.001032480064972716,0.0010896164682096037,0.9475628306804401,-0.026924507129374293
GBR,1991,goods,22,Oil seeds and oleaginous fruit,93874062.0,0.000449112848058343,0.0021457400001647572,0.20930441154280507,-0.6538433010828449
GBR,1991,goods,23,Crude rubber (including synthetic and reclaimed),76906394.0,0.00036793602947784515,0.001732340440837941,0.21239244943094027,-0.6496308608146961
GBR,1991,goods,24,Cork and wood,62098074.0,0.0002970899764950806,0.006125858594496282,0.04849768761590387,-0.9074910928488953
GBR,1991,goods,25,Pulp and waste paper,67375324.0,0.00032233742746205687,0.0031124666492926335,0.10356333538073866,-0.812311025456444
GBR,1991,goods,26,Textile fibres (not wool tops) and their wastes (not in yarn),483527080.0,0.0023132931438732698,0.004648615675719733,0.4976305432079215,-0.33544284941999386
GBR,1991,goods,27,Crude fertilizer and crude minerals,566510901.0,0.002710304835900336,0.0026906678711487867,1.007298174911185,0.003635820030328983
GBR,1991,goods,28,Metalliferous ores and metal scrap,870905922.0,0.0041665933132870835,0.00740916587927772,0.5623565973789836,-0.28011748620974813
GBR,1991,goods,29,"Crude animal and vegetable materials, nes",244074190.0,0.0011677011974663793,0.003052193830572403,0.3825776678302868,-0.44657334378809205
GBR,1991,goods,32,"Coal, coke and briquettes",171939527.0,0.0008225941119366323,0.004206666932952053,0.19554533911230576,-0.6728767488525387
GBR,1991,goods,33,"Petroleum, petroleum products and related materials",11146391631.0,0.053326633409898565,0.05363111468232599,0.9943226749205016,-0.002846743483837025
GBR,1991,goods,34,"Gas, natural and manufactured",418488809.0,0.0020021366593312422,0.006846523625801473,0.2924311327556204,-0.5474712341041775
GBR,1991,goods,35,Electric current,368232.0,1.761697733567977e-06,0.0011379800216129335,0.0015480919700778294,-0.9969086018285298
GBR,1991,goods,41,Animal oils and fats,21009984.0,0.00010051609092935829,0.00021397156379343384,0.46976378144525593,-0.36076288261325185
GBR,1991,goods,42,Fixed vegetable oils and fats,79544344.0,0.000380556525622302,0.002311051438482765,0.16466813299151067,-0.7172273743447379
GBR,1991,goods,43,"Animal and vegetable oils and fats, processed, and waxes",65686200.0,0.0003142563103334117,0.0003350675539714776,0.937889409489534,-0.03205063725841132
GBR,1991,goods,51,Organic chemicals,3658826307.0,0.01750457866931932,0.013794483588396423,1.268954981688748,0.11853694051195716
GBR,1991,goods,52,Inorganic chemicals,1200275418.0,0.005742364823122261,0.005555841804679849,1.0335724135063202,0.016509081891229092
GBR,1991,goods,53,"Dyeing, tanning and colouring materials",1303316506.0,0.006235334611717436,0.004228763552525619,1.4745053806551556,0.19175766776046552
GBR,1991,goods,54,Medicinal and pharmaceutical products,4060357011.0,0.019425584261431775,0.007659900639250688,2.5360099531698412,0.4343907323543848
GBR,1991,goods,55,Oils and perfume materials; toilet and cleansing preparations,2090029451.0,0.009999131381620889,0.004591037143489444,2.1779678685023645,0.3706670165477439
GBR,1991,goods,56,"Fertilizers, manufactured",116745195.0,0.0005585330591487202,0.002886317618552987,0.19351060172952572,-0.6757287259131038
GBR,1991,goods,57,Explosives and pyrotechnic products,93025154.0,0.0004450514973348651,0.0002051978068897351,2.1688901264623044,0.36886420160210276
GBR,1991,goods,58,"Artificial resins and plastic materials, and cellulose esters etc",2225961914.0,0.01064946028292608,0.015393733909743804,0.6918048827767036,-0.1821694217582975
GBR,1991,goods,59,"Chemical materials and products, nes",1996963435.0,0.009553884392061587,0.005749709524953912,1.661629052841268,0.2485804895069748
GBR,1991,goods,61,"Leather, leather manufactures, nes, and dressed furskins",447175633.0,0.002139380334036492,0.003126524594263824,0.6842678730119612,-0.18745956747569958
GBR,1991,goods,62,"Rubber manufactures, nes",1331558785.0,0.006370451491578758,0.004925674413505447,1.2933155862092616,0.1279002279377074
GBR,1991,goods,63,"Cork and wood, cork manufactures",368475093.0,0.0017628607405503855,0.00339382186049398,0.5194323134844198,-0.31628107566932295
GBR,1991,goods,64,"Paper, paperboard, and articles of pulp, of paper or of paperboard",2422651229.0,0.011590462478423859,0.013175880317466112,0.8796727200883417,-0.0640150163513588
GBR,1991,goods,65,"Textile yarn, fabrics, made-up articles, nes, and related products",3514819914.0,0.01681562242388872,0.024471990890659406,0.6871374911432724,-0.18543984144689912
GBR,1991,goods,66,"Non-metallic mineral manufactures, nes",5506782536.0,0.02634558189652968,0.016046596076896232,1.6418174776930947,0.2429454279534659
GBR,1991,goods,67,Iron and steel,4873541096.0,0.023316024417415093,0.022079466991315966,1.0560048585677124,0.027239652831719197
GBR,1991,goods,68,Non-ferrous metals,3252982899.0,0.01556294021297358,0.014230451331982892,1.0936364455283245,0.04472431005312174
GBR,1991,goods,69,"Manufactures of metals, nes",3888985404.0,0.018605707195750894,0.016056963923694708,1.1587313320356343,0.07352991531649021
GBR,1991,goods,71,Power generating machinery and equipment,8301708032.0,0.03971708114644428,0.017454408156384053,2.2754756729988306,0.38940166263884385
GBR,1991,goods,72,Machinery specialized for particular industries,6306968137.0,0.030173834627730198,0.023627248865216416,1.2770777842083654,0.12168129965955139
GBR,1991,goods,73,Metalworking machinery,1259865811.0,0.0060274575372006815,0.006222066246569405,0.9687228162387338,-0.015887042860112527
GBR,1991,goods,74,"General industrial machinery and equipment, nes, and parts of, nes",7260191058.0,0.03473424941924953,0.027589566426184948,1.2589632211937787,0.11463808651870223
GBR,1991,goods,75,Office machines and automatic data processing equipment,10692126382.0,0.05115333489265402,0.030588871280736285,1.6722857938491003,0.2515770563898987
GBR,1991,goods,76,"Telecommunications, sound recording and reproducing equipment",3974479064.0,0.01901472647451111,0.02242074773851883,0.8480861876807,-0.08220061019445629
GBR,1991,goods,77,"Electric machinery, apparatus and appliances, nes, and parts, nes",8680685887.0,0.04153018926368003,0.041209826213524606,1.0077739480990648,0.0038719239814945894
GBR,1991,goods,78,Road vehicles,12939894608.0,0.061907121063682916,0.06692594517246517,0.9250092905546725,-0.03895602468688328
GBR,1991,goods,79,Other transport equipment,1740262751.0,0.00832577544659202,0.021447355987756274,0.38819589003628163,-0.4407188598921211
GBR,1991,goods,81,"Sanitary, plumbing, heating, lighting fixtures and fittings, nes",261391401.0,0.00125055030175503,0.0017366557176648552,0.7200910860078513,-0.1627291230499819
GBR,1991,goods,82,Furniture and parts thereof,911961879.0,0.004363013467962301,0.005871609348936571,0.7430694395144837,-0.14740121917178584
GBR,1991,goods,83,"Travel goods, handbags and similar containers",105395262.0,0.000504232641905655,0.001538209403701474,0.32780494040167324,-0.506245337056045
GBR,1991,goods,84,Articles of apparel and clothing accessories,3491445245.0,0.01670379319285991,0.02449555753422116,0.6819111248855683,-0.18912347412891597
GBR,1991,goods,85,Footwear,497156497.0,0.002378499082082749,0.006020877648694295,0.3950419226005294,-0.4336486722002981
GBR,1991,goods,87,"Professional, scientific, controlling instruments, apparatus, nes",4416531622.0,0.021129596962536395,0.011586587341207086,1.8236255715598069,0.2916907892659527
GBR,1991,goods,88,"Photographic equipment and supplies, optical goods; watches, etc",2078964517.0,0.009946194458295705,0.009243129651830821,1.0760635015355027,0.03663833089847417
GBR,1991,goods,89,"Miscellaneous manufactured articles, nes",8574657601.0,0.04102292810457301,0.0272331100835096,1.5063622178582359,0.2020307417061761
GBR,1991,goods,94,"Animals, live, nes, (including zoo animals, pets, insects, etc)",13841529.0,6.622072570666163e-05,7.583334091044139e-05,0.8732402517366051,-0.06766870834954622
GBR,1991,goods,95,"Armoured fighting vehicles, war firearms, ammunition, parts, nes",48017817.0,0.0002297271268650793,0.0009777127768181928,0.2349638179145913,-0.6194806446858331
GBR,1991,goods,96,"Coin (other than gold coin), not being legal tender",15090280.0,7.219500769869586e-05,4.315130067408771e-05,1.673066780627747,0.25179572224143354
GBR,1991,goods,97,"Gold, non-monetary (excluding gold ores and concentrates)",1391384085.0,0.006656668049129498,0.003802908258771284,1.750415102382791,0.2728370353015722
GBR,1991,services,financial,Financial services,8216783531.0,0.03931078484157102,0.01853350492161712,2.1210658754416003,0.35919327568918435
GBR,1991,services,ict,ICT,20859557884.0,0.099796421406811,0.10741596521379093,0.9290650715485851,-0.036771661826042426
GBR,1991,services,transport,Transport,12650924223.0,0.060524627221966915,0.08537703821602736,0.7089098952908507,-0.17033671904603653
GBR,1991,services,travel,Travel & tourism,14550194032.0,0.06961112518507002,0.09678021906684744,0.719270175829925,-0.16328429825438065
GBR,1992,goods,00,Live animals chiefly for food,572877724.0,0.002503951549191187,0.0018717718339981689,1.3377440047501197,0.14447433254618525
GBR,1992,goods,01,Meat and preparations,1413326909.0,0.006177412657267403,0.007598709004071261,0.8129555499437666,-0.1031710071777739
GBR,1992,goods,02,Dairy products and birds' eggs,876287664.0,0.003830105032692677,0.005540593930224015,0.6912805884942049,-0.18253589239184537
GBR,1992,goods,03,"Fish, crustacean and molluscs, and preparations thereof",1139020168.0,0.004978464329717254,0.00781070914555184,0.6373895426066997,-0.22145643901941006
GBR,1992,goods,04,Cereals and cereal preparations,2200525395.0,0.009618123974820146,0.00984681825417447,0.976774804464643,-0.011749034580419433
GBR,1992,goods,05,Vegetables and fruit,580224364.0,0.0025360624689192333,0.0108861585098789,0.232962111163256,-0.6221098620079013
GBR,1992,goods,06,"Sugar, sugar preparations and honey",512562340.0,0.0022403232165125343,0.002517898899822656,0.889759003695632,-0.058336007971799365
GBR,1992,goods,07,"Coffee, tea, cocoa, spices, and manufactures thereof",887070278.0,0.0038772340130990273,0.004129645523483264,0.9388781654626538,-0.03152432970060363
GBR,1992,goods,08,Feeding stuff for animals (not including unmilled cereals),577344566.0,0.00252347535938195,0.003487925463380304,0.7234889007451258,-0.160436832018662
GBR,1992,goods,09,Miscellaneous edible products and preparations,219623948.0,0.000959939096591727,0.0011352255375316003,0.8455932894876459,-0.08366237100657148
GBR,1992,goods,11,Beverages,4145180341.0,0.018117881533344107,0.004887159931910984,3.7072413806313946,0.5751227017528184
GBR,1992,goods,12,Tobacco and tobacco manufactures,1578147783.0,0.006897816795012067,0.003923065743330706,1.75827203679635,0.2749083580882255
GBR,1992,goods,21,"Hides, skins and furskins, raw",223214375.0,0.0009756322451856978,0.0010678328995657608,0.9136562898393965,-0.04511975876705105
GBR,1992,goods,22,Oil seeds and oleaginous fruit,86563247.0,0.00037835329835354077,0.001990269652083578,0.19010152617131523,-0.6805288927191072
GBR,1992,goods,23,Crude rubber (including synthetic and reclaimed),79448894.0,0.00034725766577865124,0.0016865495741834081,0.20589828552581155,-0.6585146724277279
GBR,1992,goods,24,Cork and wood,69197719.0,0.0003024515152740455,0.00615166029639798,0.04916583502686939,-0.9062763323290828
GBR,1992,goods,25,Pulp and waste paper,76996838.0,0.0003365401441109671,0.003011509616326732,0.11175130980370555,-0.7989634753415551
GBR,1992,goods,26,Textile fibres (not wool tops) and their wastes (not in yarn),610072710.0,0.0026665245362617134,0.0040239782029011465,0.6626587923213011,-0.20289262549637382
GBR,1992,goods,27,Crude fertilizer and crude minerals,577270853.0,0.0025231531723378165,0.0024669375839689546,1.0227876006001007,0.011265444079912422
GBR,1992,goods,28,Metalliferous ores and metal scrap,787309920.0,0.0034411983767020926,0.0065988469802461544,0.5214847968142651,-0.31450541220501566
GBR,1992,goods,29,"Crude animal and vegetable materials, nes",303681519.0,0.001327340509334908,0.0029993596877755536,0.44254129131118564,-0.3864421157623273
GBR,1992,goods,32,"Coal, coke and briquettes",121711293.0,0.0005319794572103357,0.0037859330766748453,0.14051475460246882,-0.7535941485448897
GBR,1992,goods,33,"Petroleum, petroleum products and related materials",11076741116.0,0.048414560237636184,0.049249962489527205,0.9830375048088886,-0.008553794444117737
GBR,1992,goods,34,"Gas, natural and manufactured",400529527.0,0.001750646756913284,0.005994515898301881,0.2920413902662607,-0.5479380266508684
GBR,1992,goods,35,Electric current,0.0,0.0,0.001106192468970188,0.0,-1.0
GBR,1992,goods,41,Animal oils and fats,24891393.0,0.00010879606494155927,0.00022518881880226313,0.48313262408064944,-0.34849707135242974
GBR,1992,goods,42,Fixed vegetable oils and fats,74688389.0,0.00032645030432906834,0.002285431940942991,0.1428396525316662,-0.750026782470766
GBR,1992,goods,43,"Animal and vegetable oils and fats, processed, and waxes",51073596.0,0.00022323404187202226,0.0004050210111442851,0.5511665709424076,-0.2893521801368532
GBR,1992,goods,51,Organic chemicals,4202402558.0,0.018367990156707693,0.01335384818397556,1.3754829247459197,0.1580659329664856
GBR,1992,goods,52,Inorganic chemicals,1691273838.0,0.007392271630318488,0.005494785081907612,1.3453249799812244,0.1472397142949413
GBR,1992,goods,53,"Dyeing, tanning and colouring materials",1373538312.0,0.006003503435588024,0.004396419719828174,1.3655437419934646,0.15452842215693618
GBR,1992,goods,54,Medicinal and pharmaceutical products,4859334343.0,0.02123932777702627,0.008342506252037597,2.5459169145769254,0.4359709919377436
GBR,1992,goods,55,Oils and perfume materials; toilet and cleansing preparations,2413939823.0,0.010550922310700895,0.0048349358957366145,2.182225894660685,0.37150910519717945
GBR,1992,goods,56,"Fertilizers, manufactured",128414890.0,0.0005612797448460675,0.0027329943387893866,0.20537171880666727,-0.6592391946776588
GBR,1992,goods,57,Explosives and pyrotechnic products,56844751.0,0.00024845878337876736,0.00019730399564482778,1.2592688889383907,0.11475787154322242
GBR,1992,goods,58,"Artificial resins and plastic materials, and cellulose esters etc",2575274044.0,0.011256086878437698,0.015097050774973711,0.745581838877885,-0.14574977549357584
GBR,1992,goods,59,"Chemical materials and products, nes",2904832202.0,0.012696529796187968,0.005849140933655054,2.170665733686479,0.3692176444993355
GBR,1992,goods,61,"Leather, leather manufactures, nes, and dressed furskins",471404686.0,0.002060430078453679,0.0032173609316991053,0.6404099888679742,-0.21920740154732554
GBR,1992,goods,62,"Rubber manufactures, nes",1515749297.0,0.0066250835761395436,0.005125181351998151,1.2926534928479414,0.1276483750208612
GBR,1992,goods,63,"Cork and wood, cork manufactures",403764080.0,0.0017647844404991289,0.0034927932872656337,0.5052644961651043,-0.3286701474028727
GBR,1992,goods,64,"Paper, paperboard, and articles of pulp, of paper or of paperboard",2644725375.0,0.011559646888829793,0.012684804157694228,0.9112988064398339,-0.04640885729709076
GBR,1992,goods,65,"Textile yarn, fabrics, made-up articles, nes, and related products",3794882087.0,0.016586787167066623,0.0244355080438267,0.6787985392944204,-0.19132817499387206
GBR,1992,goods,66,"Non-metallic mineral manufactures, nes",5136574767.0,0.022451098736326516,0.015744907762020095,1.4259276126395044,0.1755730922968796
GBR,1992,goods,67,Iron and steel,5151812465.0,0.02251770013469614,0.02057846240754029,1.094236279113122,0.0449979212245476
GBR,1992,goods,68,Non-ferrous metals,2994925764.0,0.013090313503759833,0.013203286631533358,0.9914435601584448,-0.004296601727881463
GBR,1992,goods,69,"Manufactures of metals, nes",4024237264.0,0.017589259818218562,0.01619065929504711,1.0863831730187354,0.041403311786564014
GBR,1992,goods,71,Power generating machinery and equipment,9255877441.0,0.040455873368041295,0.017800817771368688,2.272697461861084,0.3888833223029847
GBR,1992,goods,72,Machinery specialized for particular industries,6615669571.0,0.028915971728798527,0.022607304194562482,1.2790543923301305,0.1224430593974645
GBR,1992,goods,73,Metalworking machinery,1137781939.0,0.0049730522403779185,0.005562324369050227,0.8940600925844735,-0.05593270658639447
GBR,1992,goods,74,"General industrial machinery and equipment, nes, and parts of, nes",7485144856.0,0.03271630100614917,0.027770893499742478,1.1780788042146555,0.081759578152116
GBR,1992,goods,75,Office machines and automatic data processing equipment,10995842960.0,0.04806096809300096,0.03161848267427674,1.520027655599711,0.2063579161300735
GBR,1992,goods,76,"Telecommunications, sound recording and reproducing equipment",3955381273.0,0.017288301938181417,0.02184362682729363,0.7914574843670039,-0.11640941381686364
GBR,1992,goods,77,"Electric machinery, apparatus and appliances, nes, and parts, nes",9953955434.0,0.043507054097890414,0.043221419796248155,1.0066086283835372,0.003293431658798787
GBR,1992,goods,78,Road vehicles,13721052834.0,0.05997239910174693,0.067952369563327,0.8825652363138967,-0.06238018285944931
GBR,1992,goods,79,Other transport equipment,1603424823.0,0.007008298457704483,0.021599296641501124,0.32446882757462864,-0.5100393141470956
GBR,1992,goods,81,"Sanitary, plumbing, heating, lighting fixtures and fittings, nes",284384970.0,0.0012429985603667655,0.0018140578231221403,0.6852033846569809,-0.18680036974118416
GBR,1992,goods,82,Furniture and parts thereof,1027937560.0,0.0044929410553128935,0.005984367149614029,0.7507796468675343,-0.14234821245401533
GBR,1992,goods,83,"Travel goods, handbags and similar containers",110022305.0,0.00048088886948994945,0.001615342815950324,0.29770081294294004,-0.5411872906701648
GBR,1992,goods,84,Articles of apparel and clothing accessories,3855710210.0,0.01685265659511274,0.02534531109401249,0.6649220651741761,-0.20125742930241586
GBR,1992,goods,85,Footwear,541082772.0,0.002364981196563443,0.005963461502768556,0.3965785970892062,-0.4320712090021027
GBR,1992,goods,87,"Professional, scientific, controlling instruments, apparatus, nes",4485320610.0,0.019604577066830862,0.011760575449994079,1.6669743032719315,0.25008651281479
GBR,1992,goods,88,"Photographic equipment and supplies, optical goods; watches, etc",2307516584.0,0.01008576434941142,0.009208646265356526,1.0952494056976285,0.045459698229058584
GBR,1992,goods,89,"Miscellaneous manufactured articles, nes",9631547362.0,0.0420978629956088,0.0280066233573101,1.5031395416192042,0.2010033932402101
GBR,1992,goods,94,"Animals, live, nes, (including zoo animals, pets, insects, etc)",14687125.0,6.419493699307222e-05,7.632281694987651e-05,0.8410975846873021,-0.08630852412947268
GBR,1992,goods,95,"Armoured fighting vehicles, war firearms, ammunition, parts, nes",47362562.0,0.00020701374049859834,0.0009589421673966445,0.21587719002972142,-0.644902969148645
GBR,1992,goods,96,"Coin (other than gold coin), not being legal tender",89849708.0,0.00039271786301988554,5.413833345672413e-05,7.253970300615319,0.7576923677747056
GBR,1992,goods,97,"Gold, non-monetary (excluding gold ores and concentrates)",1833303796.0,0.00801306053249905,0.003631895526865843,2.2063025968739662,0.37622855623485735
GBR,1992,services,financial,Financial services,9728080075.0,0.042519791142118436,0.02268520394961499,1.8743402632198984,0.3041881555945097
GBR,1992,services,ict,ICT,24584536162.0,0.1074548456504248,0.10472266815154531,1.0260896475147647,0.012876847550534953
GBR,1992,services,transport,Transport,14158076339.0,0.061882554858436314,0.08359037969407995,0.7403071392295514,-0.1492224302920557
GBR,1992,services,travel,Travel & tourism,15756397791.0,0.06886854734544896,0.10294870754424756,0.6689598052102705,-0.19835120879260604
GBR,1993,goods,00,Live animals chiefly for food,400636222.0,0.001871712669181429,0.0016932719459154396,1.1053822002404454,0.0500537148211903
GBR,1993,goods,01,Meat and preparations,1271469067.0,0.005940113825195244,0.0069747435338408876,0.8516605372476128,-0.08011158620515037
GBR,1993,goods,02,Dairy products and birds' eggs,1043635240.0,0.0048757081697725305,0.005461091052556354,0.8928084375172972,-0.05663096188608533
GBR,1993,goods,03,"Fish, crustacean and molluscs, and preparations thereof",808960867.0,0.0037793445037925025,0.007834761315953516,0.4823815750579179,-0.34918028775543725
GBR,1993,goods,04,Cereals and cereal preparations,1649534663.0,0.007706379896401426,0.008735443959320266,0.882196707149511,-0.06258819410479999
GBR,1993,goods,05,Vegetables and fruit,401835767.0,0.0018773167644939922,0.010312063386786963,0.18205054547079613,-0.6919750239643303
GBR,1993,goods,06,"Sugar, sugar preparations and honey",469437688.0,0.002193142855717222,0.00231454782786153,0.9475470021907142,-0.02693285335362054
GBR,1993,goods,07,"Coffee, tea, cocoa, spices, and manufactures thereof",993679167.0,0.004642320848302001,0.004277146592707706,1.085378007902955,0.040941262245692604
GBR,1993,goods,08,Feeding stuff for animals (not including unmilled cereals),450057698.0,0.0021026024332099196,0.0033685652055440106,0.6241833851841254,-0.23138804290457027
GBR,1993,goods,09,Miscellaneous edible products and preparations,172343707.0,0.0008051640918418807,0.0011455634661953714,0.7028541984810146,-0.17449867509740197
GBR,1993,goods,11,Beverages,3641947909.0,0.01701463738786483,0.004595029102118386,3.702835609903057,0.5747246627569813
GBR,1993,goods,12,Tobacco and tobacco manufactures,968533010.0,0.004524841753668053,0.0037132466781361526,1.2185675086739125,0.09851740270214053
GBR,1993,goods,21,"Hides, skins and furskins, raw",216459346.0,0.001011265776839635,0.0011733474997621094,0.8618638357730036,-0.07419240954838427
GBR,1993,goods,22,Oil seeds and oleaginous fruit,71729651.0,0.0003351102300796515,0.0019287567041246778,0.1737441686465757,-0.7039488275423474
GBR,1993,goods,23,Crude rubber (including synthetic and reclaimed),285633802.0,0.001334438517019212,0.001680504699280432,0.7940700895335785,-0.11478364845821552
GBR,1993,goods,24,Cork and wood,46767895.0,0.0002184926294119427,0.006940583980542096,0.03148043882539078,-0.938960667327362
GBR,1993,goods,25,Pulp and waste paper,45494167.0,0.00021254196218872012,0.002483875834083831,0.08556867427598912,-0.8423523517145363
GBR,1993,goods,26,Textile fibres (not wool tops) and their wastes (not in yarn),475028060.0,0.0022192602398259337,0.00360051874475979,0.6163723610815398,-0.2373386529956309
GBR,1993,goods,27,Crude fertilizer and crude minerals,615781049.0,0.0028768372093303392,0.0022814035555362194,1.260994444559884,0.11543347449961916
GBR,1993,goods,28,Metalliferous ores and metal scrap,822997835.0,0.003844923124495686,0.006158683501264831,0.624309257604493,-0.2312926190850935
GBR,1993,goods,29,"Crude animal and vegetable materials, nes",216704516.0,0.0010124111745094023,0.00265644949802748,0.3811144067527571,-0.4481059572047705
GBR,1993,goods,32,"Coal, coke and briquettes",110164465.0,0.0005146719480449127,0.003589733269334678,0.14337331200663334,-0.7492099728040502
GBR,1993,goods,33,"Petroleum, petroleum products and related materials",9658905469.0,0.04512496560221929,0.04682318553224047,0.9637312175428163,-0.01846932112357321
GBR,1993,goods,34,"Gas, natural and manufactured",510324439.0,0.0023841596576088054,0.006104646565497587,0.39054835231308327,-0.43828152158329126
GBR,1993,goods,35,Electric current,61244622.0,0.000286125738567462,0.001125552897688379,0.254209055083148,-0.5946304899444453
GBR,1993,goods,41,Animal oils and fats,23174283.0,0.00010826679343610577,0.0002180965096711736,0.496416900936841,-0.3365259365541031
GBR,1993,goods,42,Fixed vegetable oils and fats,102242314.0,0.0004776608402627803,0.002310399068564745,0.20674386808834305,-0.6573525276480496
GBR,1993,goods,43,"Animal and vegetable oils and fats, processed, and waxes",83577216.0,0.00039046028654421774,0.00040544150625707916,0.9630496150945083,-0.018822950077964695
GBR,1993,goods,51,Organic chemicals,4858599173.0,0.022698650614218583,0.013516898750893729,1.6792794732384722,0.25353065255914503
GBR,1993,goods,52,Inorganic chemicals,1358575936.0,0.006347064124062697,0.005259610951817415,1.2067554391774018,0.0936920491989238
GBR,1993,goods,53,"Dyeing, tanning and colouring materials",1376246344.0,0.0064296176344719605,0.004474861647170102,1.4368304858180463,0.17926174527129732
GBR,1993,goods,54,Medicinal and pharmaceutical products,4081006031.0,0.019065851442729806,0.008478947678351214,2.24861057833975,0.3843521863361877
GBR,1993,goods,55,Oils and perfume materials; toilet and cleansing preparations,2317939107.0,0.010829065757721197,0.004929611402234021,2.19673821608203,0.37436228279861156
GBR,1993,goods,56,"Fertilizers, manufactured",202883214.0,0.0009478401131888845,0.002305681525776052,0.4110889134482084,-0.41734513037360527
GBR,1993,goods,57,Explosives and pyrotechnic products,34579242.0,0.00016154906068900223,0.00019460304360298305,0.8301466292510025,-0.09280861327406917
GBR,1993,goods,58,"Artificial resins and plastic materials, and cellulose esters etc",2838493679.0,0.013261019070751182,0.014617007052020986,0.9072321730129889,-0.0486400283613396
GBR,1993,goods,59,"Chemical materials and products, nes",2241195532.0,0.010470531222604263,0.005795874958868305,1.8065488467074735,0.28738101161277957
GBR,1993,goods,61,"Leather, leather manufactures, nes, and dressed furskins",451146439.0,0.0021076888687623124,0.003258090842346781,0.6469091780277552,-0.21439604969296872
GBR,1993,goods,62,"Rubber manufactures, nes",1319060097.0,0.006162452018546103,0.004960430115163405,1.2423221122918897,0.1080674854712158
GBR,1993,goods,63,"Cork and wood, cork manufactures",280135914.0,0.001308753204363332,0.0038185639188663694,0.3427343975826038,-0.48949785125092976
GBR,1993,goods,64,"Paper, paperboard, and articles of pulp, of paper or of paperboard",2494128087.0,0.011652194391447565,0.011862665958437149,0.9822576503690649,-0.008950576948275005
GBR,1993,goods,65,"Textile yarn, fabrics, made-up articles, nes, and related products",3666105560.0,0.017127498329915055,0.023635181427367005,0.7246611743831697,-0.15964806867952255
GBR,1993,goods,66,"Non-metallic mineral manufactures, nes",5990248356.0,0.027985546797284912,0.01636370624213955,1.7102205565886404,0.26205267865084614
GBR,1993,goods,67,Iron and steel,4547882191.0,0.021247027221715602,0.021127313970663524,1.005666278790494,0.002825135392868544
GBR,1993,goods,68,Non-ferrous metals,2760263032.0,0.012895537157066003,0.012380082183443945,1.0416358280974405,0.020393366693726215
GBR,1993,goods,69,"Manufactures of metals, nes",3339434792.0,0.015601341228930744,0.015543393670899665,1.0037281149315267,0.0018605892205360878
GBR,1993,goods,71,Power generating machinery and equipment,8534098446.0,0.03987003497007753,0.01798830087406294,2.2164425227935527,0.37819501333325395
GBR,1993,goods,72,Machinery specialized for particular industries,5592381242.0,0.026126770987631703,0.02215736210736531,1.1791462747700876,0.08220938486058653
GBR,1993,goods,73,Metalworking machinery,1044978331.0,0.004881982890585377,0.005290233263916233,0.9228294192402704,-0.040133867303850844
GBR,1993,goods,74,"General industrial machinery and equipment, nes, and parts of, nes",6822630512.0,0.03187431206970143,0.02758527668912669,1.1554827754280004,0.07213361999477225
GBR,1993,goods,75,Office machines and automatic data processing equipment,11282272585.0,0.052709094622260116,0.033833595947033085,1.5578921822196157,0.21810621499124475
GBR,1993,goods,76,"Telecommunications, sound recording and reproducing equipment",4143807145.0,0.019359248879750636,0.023265063892937643,0.832116729566659,-0.09163350114326475
GBR,1993,goods,77,"Electric machinery, apparatus and appliances, nes, and parts, nes",10546044251.0,0.049269545663658626,0.047721720460721734,1.032434396496892,0.015958397748432152
GBR,1993,goods,78,Road vehicles,11512669597.0,0.053785475095671095,0.06620093142261552,0.8124579811772398,-0.10347385747444843
GBR,1993,goods,79,Other transport equipment,1676486667.0,0.00783229563885426,0.019761337480221314,0.39634440971889845,-0.4323113882789312
GBR,1993,goods,81,"Sanitary, plumbing, heating, lighting fixtures and fittings, nes",240821504.0,0.0011250821450890334,0.0017580564441857117,0.6399579199006569,-0.21954348689700115
GBR,1993,goods,82,Furniture and parts thereof,815024227.0,0.003807671617285021,0.005884823373588276,0.6470324384541877,-0.21430516685942622
GBR,1993,goods,83,"Travel goods, handbags and similar containers",116324317.0,0.0005434498577684188,0.0016030812211946343,0.33900332096924807,-0.4936482745631164
GBR,1993,goods,84,Articles of apparel and clothing accessories,3212463521.0,0.015008150390203314,0.024909590559732048,0.602504900841885,-0.2480461051627915
GBR,1993,goods,85,Footwear,515597073.0,0.0024087926171761924,0.006040771234022144,0.398755808465261,-0.4298421410628025
GBR,1993,goods,87,"Professional, scientific, controlling instruments, apparatus, nes",4234389192.0,0.019782434691866965,0.011971655857825034,1.6524393055398907,0.24597709141815405
GBR,1993,goods,88,"Photographic equipment and supplies, optical goods; watches, etc",2190448277.0,0.01023344761684462,0.009191028777263454,1.1134169922479056,0.05366522208533548
GBR,1993,goods,89,"Miscellaneous manufactured articles, nes",8811184638.0,0.041164540328161796,0.028051410076863164,1.467467774895008,0.18945243364521713
GBR,1993,goods,94,"Animals, live, nes, (including zoo animals, pets, insects, etc)",10897749.0,5.091265778973736e-05,8.09143140468469e-05,0.6292169486879726,-0.22758359567191053
GBR,1993,goods,95,"Armoured fighting vehicles, war firearms, ammunition, parts, nes",259771690.0,0.0012136145874190845,0.0009501451280674381,1.2772939118127502,0.1217646568913985
GBR,1993,goods,96,"Coin (other than gold coin), not being legal tender",84704223.0,0.00039572549514074886,4.248239254257528e-05,9.31504728092134,0.8061084990178193
GBR,1993,goods,97,"Gold, non-monetary (excluding gold ores and concentrates)",247655193.0,0.0011570081207651563,0.00417798042587801,0.2769300003414949,-0.5662565680696133
GBR,1993,services,financial,Financial services,10055609085.0,0.046978305722767066,0.021228708217797772,2.212961111000682,0.3775212550340839
GBR,1993,services,ict,ICT,23131929971.0,0.10806892640211226,0.10920354192757503,0.9896100849346511,-0.005222086047925404
GBR,1993,services,transport,Transport,13406627185.0,0.06263376243887568,0.08465117941526508,0.7399041911940684,-0.149488581108269
GBR,1993,services,travel,Travel & tourism,15782890309.0,0.07373530930424982,0.10402162972251798,0.7088459342633049,-0.17038052401266565
GBR,1994,goods,00,Live animals chiefly for food,451191192.0,0.0017873826845347103,0.001627595897301135,1.098173500866236,0.046789982251565436
GBR,1994,goods,01,Meat and preparations,1684378942.0,0.006672625282821778,0.006886792042278275,0.968901811156527,-0.01579468750917856
GBR,1994,goods,02,Dairy products and birds' eggs,1176362245.0,0.0046601297736622894,0.005332277105917539,0.8739474114146603,-0.06726580896428756
GBR,1994,goods,03,"Fish, crustacean and molluscs, and preparations thereof",1035524248.0,0.004102203551639871,0.007919438262751733,0.5179917331932703,-0.31753023173108447
GBR,1994,goods,04,Cereals and cereal preparations,1578803149.0,0.006254389404861153,0.007974682580197668,0.7842806709814055,-0.12089988561045313
GBR,1994,goods,05,Vegetables and fruit,582242236.0,0.002306538135680566,0.010392002119751033,0.22195320103878358,-0.6367238927806713
GBR,1994,goods,06,"Sugar, sugar preparations and honey",527332040.0,0.002089012760019405,0.0023164379425365147,0.9018211632865598,-0.05162359038206104
GBR,1994,goods,07,"Coffee, tea, cocoa, spices, and manufactures thereof",1224618017.0,0.004851293814164336,0.0051657775533011955,0.9391217031914415,-0.03139477873326047
GBR,1994,goods,08,Feeding stuff for animals (not including unmilled cereals),544412259.0,0.00215667562274803,0.003149719906227744,0.6847198122232299,-0.18714102219805478
GBR,1994,goods,09,Miscellaneous edible products and preparations,226159805.0,0.0008959264421871662,0.0011261823550141837,0.7955429582058071,-0.11386920087865578
GBR,1994,goods,11,Beverages,4256115572.0,0.016860495975221396,0.004882160557715214,3.453490678133675,0.5509140706592563
GBR,1994,goods,12,Tobacco and tobacco manufactures,1324815744.0,0.005248224617435727,0.0036306909843674675,1.4455167459948572,0.18217693529373774
GBR,1994,goods,21,"Hides, skins and furskins, raw",277298090.0,0.001098509486241362,0.0014272256720204498,0.7696817033050273,-0.13014673557670522
GBR,1994,goods,22,Oil seeds and oleaginous fruit,54433657.0,0.00021563757826571585,0.0020276694530558135,0.10634750054587927,-0.807750276484727
GBR,1994,goods,23,Crude rubber (including synthetic and reclaimed),305448249.0,0.0012100256409350444,0.0018111965062370576,0.6680808166138714,-0.19898267522787624
GBR,1994,goods,24,Cork and wood,80978105.0,0.00032079274877208516,0.006909919708688276,0.046424960389732504,-0.9112693940854739
GBR,1994,goods,25,Pulp and waste paper,73197433.0,0.00028996981017437415,0.002983002189922407,0.0972073742198348,-0.8228094770344508
GBR,1994,goods,26,Textile fibres (not wool tops) and their wastes (not in yarn),593010757.0,0.002349197363774381,0.004144001406438545,0.5668910633390297,-0.276412921609253
GBR,1994,goods,27,Crude fertilizer and crude minerals,620211689.0,0.0024569531793178865,0.0022509334100010276,1.0915263723047075,0.043760563345826814
GBR,1994,goods,28,Metalliferous ores and metal scrap,872812065.0,0.003457623285859676,0.005856981516757159,0.5903421883724951,-0.2575909855266655
GBR,1994,goods,29,"Crude animal and vegetable materials, nes",251695819.0,0.0009970867264855261,0.002675949285161734,0.3726104721096246,-0.45707762008118236
GBR,1994,goods,32,"Coal, coke and briquettes",116554902.0,0.0004617293451784406,0.003186930598673682,0.14488214627911897,-0.7469046980075849
GBR,1994,goods,33,"Petroleum, petroleum products and related materials",11333849914.0,0.04489876452508146,0.04188658576304798,1.0719127307026965,0.03470837822320204
GBR,1994,goods,34,"Gas, natural and manufactured",457820691.0,0.0018136452799262892,0.005554274585795378,0.3265314402288545,-0.5076913666327864
GBR,1994,goods,35,Electric current,131750.0,5.219243479545764e-07,0.0011499608997097878,0.00045386269053695035,-0.999092686414711
GBR,1994,goods,41,Animal oils and fats,26360009.0,0.00010442451999545932,0.00022928103843201732,0.4554433315096031,-0.37415174929935346
GBR,1994,goods,42,Fixed vegetable oils and fats,190179627.0,0.0007533918619826911,0.002930718193368884,0.25706731670323485,-0.591004692767901
GBR,1994,goods,43,"Animal and vegetable oils and fats, processed, and waxes",85031223.0,0.0003368490749150298,0.0004777143334337382,0.7051265815991112,-0.1729334476296469
GBR,1994,goods,51,Organic chemicals,5804061106.0,0.022992643705787987,0.014297287343403211,1.6081822483897148,0.23318241996517114
GBR,1994,goods,52,Inorganic chemicals,1453542876.0,0.005758173948996734,0.005298187102668713,1.0868196682024165,0.04160381921127034
GBR,1994,goods,53,"Dyeing, tanning and colouring materials",1557082121.0,0.0061683420927108445,0.004586325262081908,1.3449421356371045,0.14710048934464906
GBR,1994,goods,54,Medicinal and pharmaceutical products,4566750028.0,0.018091066646189324,0.008392612282351988,2.1555942342566303,0.3662049517367229
GBR,1994,goods,55,Oils and perfume materials; toilet and cleansing preparations,2910503313.0,0.011529886480889255,0.005186534668216031,2.223042400843547,0.3794682938466611
GBR,1994,goods,56,"Fertilizers, manufactured",232274512.0,0.0009201497018752746,0.002523572233688552,0.364621899699042,-0.4656074334151359
GBR,1994,goods,57,Explosives and pyrotechnic products,32140813.0,0.00012732503125430718,0.0001768142385017821,0.7201062105245777,-0.16271889942776477
GBR,1994,goods,58,"Artificial resins and plastic materials, and cellulose esters etc",3392667630.0,0.013439968429710422,0.015823987882651852,0.8493414257757946,-0.08146606793334792
GBR,1994,goods,59,"Chemical materials and products, nes",3014092958.0,0.011940254282949756,0.0060894237542707605,1.9608184230200059,0.32451109313214166
GBR,1994,goods,61,"Leather, leather manufactures, nes, and dressed furskins",545481804.0,0.0021609125986625124,0.003296588061613503,0.655499734354089,-0.20809442520407379
GBR,1994,goods,62,"Rubber manufactures, nes",1575785499.0,0.006242435059444796,0.004999423901237519,1.248630878829777,0.11056989440577658
GBR,1994,goods,63,"Cork and wood, cork manufactures",341161064.0,0.0013515010692651955,0.0038977830818129103,0.34673583442118966,-0.4850722382831486
GBR,1994,goods,64,"Paper, paperboard, and articles of pulp, of paper or of paperboard",2894766738.0,0.011467546430445891,0.012304070897495129,0.9320123824043034,-0.03519005272165442
GBR,1994,goods,65,"Textile yarn, fabrics, made-up articles, nes, and related products",4393183520.0,0.017403487241903534,0.024336112317262418,0.7151301331543682,-0.16609227564658058
GBR,1994,goods,66,"Non-metallic mineral manufactures, nes",6758016074.0,0.026771712583597694,0.01652308557551149,1.6202610862994908,0.2367172834579875
GBR,1994,goods,67,Iron and steel,5437534843.0,0.021540659031598214,0.021270517777126133,1.0127002669752865,0.00631006374057505
GBR,1994,goods,68,Non-ferrous metals,3351272455.0,0.013275982473578803,0.013497883080029888,0.983560340155903,-0.00828795550671521
GBR,1994,goods,69,"Manufactures of metals, nes",4141496743.0,0.016406436335076106,0.015955618234740204,1.0282545053224157,0.013930453623187834
GBR,1994,goods,71,Power generating machinery and equipment,9065019579.0,0.035910849586072435,0.018134215929731,1.980281349093053,0.32892241847950643
GBR,1994,goods,72,Machinery specialized for particular industries,6622919182.0,0.026236529606233065,0.021572921740756364,1.2161787782628461,0.09754573068888335
GBR,1994,goods,73,Metalworking machinery,1295140274.0,0.005130665981154925,0.005431895763560895,0.9445442630864297,-0.028518629257402228
GBR,1994,goods,74,"General industrial machinery and equipment, nes, and parts of, nes",8070976460.0,0.03197297249519723,0.028544665390868723,1.120103250725973,0.05664971773655212
GBR,1994,goods,75,Office machines and automatic data processing equipment,14199429943.0,0.05625068853379099,0.03578649470734836,1.5718412488787434,0.22234702438498158
GBR,1994,goods,76,"Telecommunications, sound recording and reproducing equipment",5280496936.0,0.02091855726905456,0.0248434998007651,0.8420133007351217,-0.08576848994620614
GBR,1994,goods,77,"Electric machinery, apparatus and appliances, nes, and parts, nes",13605884286.0,0.053899372176971286,0.05309675274706255,1.0151161679082745,0.007501387835106979
GBR,1994,goods,78,Road vehicles,14456547107.0,0.057269251783647765,0.06729841634735567,0.8509747315309303,-0.08051177897269932
GBR,1994,goods,79,Other transport equipment,2223246641.0,0.008807336269040813,0.018448275943579683,0.4774070106050163,-0.35372310111143673
GBR,1994,goods,81,"Sanitary, plumbing, heating, lighting fixtures and fittings, nes",284628450.0,0.001127548525051778,0.0017673115929727583,0.6380021098346059,-0.22099964828613444
GBR,1994,goods,82,Furniture and parts thereof,1004996110.0,0.00398126709228566,0.0061837309280126694,0.6438292898952448,-0.21667134920527706
GBR,1994,goods,83,"Travel goods, handbags and similar containers",146002849.0,0.0005783866547539694,0.0016900439810341322,0.3422317177805376,-0.4900556837586304
GBR,1994,goods,84,Articles of apparel and clothing accessories,4155518515.0,0.016461983236087625,0.024423578021184666,0.6740201301303491,-0.19472876341353682
GBR,1994,goods,85,Footwear,651080379.0,0.002579238726949476,0.005909314682392803,0.43647002496490667,-0.3923019382523213
GBR,1994,goods,87,"Professional, scientific, controlling instruments, apparatus, nes",4990109666.0,0.019768195321813124,0.012179462056098309,1.6230762270748325,0.23753645458091258
GBR,1994,goods,88,"Photographic equipment and supplies, optical goods; watches, etc",2794396968.0,0.011069934083109263,0.00922011245034053,1.2006289665914447,0.09116892017567095
GBR,1994,goods,89,"Miscellaneous manufactured articles, nes",10870279870.0,0.04306234332625053,0.02804312699898822,1.5355756627213575,0.2112244846783788
GBR,1994,goods,94,"Animals, live, nes, (including zoo animals, pets, insects, etc)",14864397.0,5.8884938990231206e-05,8.169899758881422e-05,0.7207547305120596,-0.16228069261494518
GBR,1994,goods,95,"Armoured fighting vehicles, war firearms, ammunition, parts, nes",203851623.0,0.0008075531340702628,0.000998581162722027,0.8087005485552703,-0.10576623731193831
GBR,1994,goods,96,"Coin (other than gold coin), not being legal tender",72301007.0,0.00028641864087236633,3.5156831059094426e-05,8.14688446723002,0.7813463144565478
GBR,1994,goods,97,"Gold, non-monetary (excluding gold ores and concentrates)",145474507.0,0.000576293641062531,0.0034235437947921256,0.16833248692164696,-0.7118414684073816
GBR,1994,services,financial,Financial services,11741549366.0,0.04651385576338535,0.016180641675393036,2.874660764172414,0.4838257794093159
GBR,1994,services,ict,ICT,26789258114.0,0.10612497968376694,0.10752212764429038,0.9870059494623697,-0.006539512647733185
GBR,1994,services,transport,Transport,14679301269.0,0.0581516868557997,0.08308052265657907,0.6999436810980958,-0.17650956454515
GBR,1994,services,travel,Travel & tourism,16715163164.0,0.06621670311442167,0.10174197859275538,0.6508297168022313,-0.21151199281421654
GBR,1995,goods,00,Live animals chiefly for food,536080739.0,0.0017933078304622754,0.0015668481084794572,1.144532019892206,0.06739559892394184
GBR,1995,goods,01,Meat and preparations,2232301780.0,0.007467539814051919,0.006746729627101762,1.1068384575624088,0.05071032246393483
GBR,1995,goods,02,Dairy products and birds' eggs,1396199685.0,0.004670594643392816,0.005529305373174925,0.84469826283278,-0.08418815168651671
GBR,1995,goods,03,"Fish, crustacean and molluscs, and preparations thereof",1146644992.0,0.0038357793767217463,0.007497011451556664,0.5116411254681081,-0.3230653534784338
GBR,1995,goods,04,Cereals and cereal preparations,1974498118.0,0.00660512993406097,0.008424139481104069,0.784071767671551,-0.12103113576549887
GBR,1995,goods,05,Vegetables and fruit,684462936.0,0.002289678873894403,0.010062934549204568,0.2275359004571278,-0.6292802509932384
GBR,1995,goods,06,"Sugar, sugar preparations and honey",631870937.0,0.002113747084585397,0.002549895659243599,0.8289543444347911,-0.09352100892276116
GBR,1995,goods,07,"Coffee, tea, cocoa, spices, and manufactures thereof",1343438374.0,0.004494096468251785,0.005064802359794675,0.8873192178093152,-0.05970414603284639
GBR,1995,goods,08,Feeding stuff for animals (not including unmilled cereals),564850637.0,0.0018895494590297232,0.0029639067572171467,0.6375198728599166,-0.22135922326671645
GBR,1995,goods,09,Miscellaneous edible products and preparations,248902661.0,0.0008326340764020571,0.001138019664653266,0.7316517475607468,-0.15496663969372368
GBR,1995,goods,11,Beverages,4736188693.0,0.015843591555905145,0.004713952384558043,3.360999489049901,0.5413895358112677
GBR,1995,goods,12,Tobacco and tobacco manufactures,1712880031.0,0.0057299599645469915,0.0033848972554513307,1.6928017402356805,0.2572791490304982
GBR,1995,goods,21,"Hides, skins and furskins, raw",332024357.0,0.001110694408500847,0.0013319628102604875,0.8338779430963483,-0.09058512183377296
GBR,1995,goods,22,Oil seeds and oleaginous fruit,44497683.0,0.0001488545242460727,0.00185127272036415,0.08040658872604824,-0.8511549456193913
GBR,1995,goods,23,Crude rubber (including synthetic and reclaimed),347107311.0,0.0011611502028372714,0.0021388865988020127,0.5428760007602226,-0.29628045222982163
GBR,1995,goods,24,Cork and wood,88253299.0,0.00029522667137053864,0.006280781273014197,0.047004768760058574,-0.9102109748445079
GBR,1995,goods,25,Pulp and waste paper,180051445.0,0.0006023116346370873,0.004221146428886274,0.14268911178141808,-0.7502573354200075
GBR,1995,goods,26,Textile fibres (not wool tops) and their wastes (not in yarn),738013968.0,0.002468818839254986,0.004236059491005061,0.5828102377922993,-0.2635753498723865
GBR,1995,goods,27,Crude fertilizer and crude minerals,721863113.0,0.002414790681492428,0.00219727675622063,1.098992502722291,0.04716191343890111
GBR,1995,goods,28,Metalliferous ores and metal scrap,1055719317.0,0.00353161302060208,0.006714911277342204,0.525935917056511,-0.310671029919753
GBR,1995,goods,29,"Crude animal and vegetable materials, nes",292822763.0,0.000979556465328442,0.0026273984680809264,0.37282371792045615,-0.45685128679856013
GBR,1995,goods,32,"Coal, coke and briquettes",141887220.0,0.0004746439186439854,0.0031497967297760237,0.1506903331751622,-0.7380870789809206
GBR,1995,goods,33,"Petroleum, petroleum products and related materials",12460119363.0,0.04168183632906557,0.039586636821395196,1.0529269388840325,0.025781209200169363
GBR,1995,goods,34,"Gas, natural and manufactured",708702637.0,0.0023707659983683233,0.005279010334009951,0.4490928883193685,-0.380173773621623
GBR,1995,goods,35,Electric current,2638565.0,8.82657952701355e-06,0.001177986647827063,0.0074929368200354635,-0.98512557945332
GBR,1995,goods,41,Animal oils and fats,37510032.0,0.00012547929670439162,0.0002616221749103207,0.47962026440382444,-0.3516981675064105
GBR,1995,goods,42,Fixed vegetable oils and fats,238244339.0,0.0007969796480451593,0.003195113448040923,0.2494370422226559,-0.6007209106287966
GBR,1995,goods,43,"Animal and vegetable oils and fats, processed, and waxes",118198873.0,0.0003954011944135826,0.0005289407335569806,0.7475340228660754,-0.14446984941664434
GBR,1995,goods,51,Organic chemicals,6388870308.0,0.021372174595409833,0.015465495136513538,1.3819263080010167,0.16034346097026847
GBR,1995,goods,52,Inorganic chemicals,1497813334.0,0.005010514620322906,0.005434921791910173,0.9219110802626463,-0.04063087025164666
GBR,1995,goods,53,"Dyeing, tanning and colouring materials",1773220659.0,0.005931812619968382,0.004607705843428842,1.287367905316239,0.1256325686166822
GBR,1995,goods,54,Medicinal and pharmaceutical products,5863130937.0,0.01961346091255056,0.008521897840493911,2.3015367327395473,0.39422149080848146
GBR,1995,goods,55,Oils and perfume materials; toilet and cleansing preparations,3229652479.0,0.010803896985865407,0.005196699941349447,2.078991880962809,0.3504367412055031
GBR,1995,goods,56,"Fertilizers, manufactured",273051247.0,0.0009134164011861446,0.0028883152954432005,0.3162453914318882,-0.5194735062466459
GBR,1995,goods,57,Explosives and pyrotechnic products,18498963.0,6.188309482115511e-05,0.0001653407861974364,0.37427604068157383,-0.45531169924791653
GBR,1995,goods,58,"Artificial resins and plastic materials, and cellulose esters etc",4289397397.0,0.01434897652609862,0.017426342492116047,0.8234072372094331,-0.09684768119097018
GBR,1995,goods,59,"Chemical materials and products, nes",3504903681.0,0.011724672719781027,0.006154342214091916,1.9051057467903614,0.3115569021163331
GBR,1995,goods,61,"Leather, leather manufactures, nes, and dressed furskins",634795444.0,0.002123530202914037,0.0031550805249653865,0.6730510318551485,-0.19542079824206973
GBR,1995,goods,62,"Rubber manufactures, nes",1838563278.0,0.006150398034050221,0.005036626422893184,1.2211344494589802,0.09955923627803967
GBR,1995,goods,63,"Cork and wood, cork manufactures",397874498.0,0.0013309775951578198,0.0037412264041969236,0.35575970319912303,-0.4751876717390944
GBR,1995,goods,64,"Paper, paperboard, and articles of pulp, of paper or of paperboard",3522164510.0,0.011782413984396712,0.013980199702188282,0.8427929668667353,-0.08530911283027127
GBR,1995,goods,65,"Textile yarn, fabrics, made-up articles, nes, and related products",4901633023.0,0.016397039182186275,0.023935764711628987,0.6850434644446481,-0.18691300384892703
GBR,1995,goods,66,"Non-metallic mineral manufactures, nes",7512729870.0,0.025131731703605997,0.01618025816962651,1.5532342834172537,0.21667979590059547
GBR,1995,goods,67,Iron and steel,6840026956.0,0.022881392686574107,0.023082899685586394,0.9912702909185143,-0.0043839900194859935
GBR,1995,goods,68,Non-ferrous metals,4396584733.0,0.014707541710391113,0.015610673592029547,0.942146514286254,-0.02978842496597504
GBR,1995,goods,69,"Manufactures of metals, nes",5092628481.0,0.01703596094433175,0.016582687325261355,1.0273341473658433,0.013482803217890396
GBR,1995,goods,71,Power generating machinery and equipment,10167923730.0,0.03401393842010837,0.017533719958101365,1.9399156882503081,0.3197083821168012
GBR,1995,goods,72,Machinery specialized for particular industries,7975592396.0,0.026680108528059205,0.02172194112110341,1.228256184809322,0.10243713732981496
GBR,1995,goods,73,Metalworking machinery,1661039694.0,0.0055565426497422845,0.005923566204144988,0.9380401025743782,-0.03197038974751757
GBR,1995,goods,74,"General industrial machinery and equipment, nes, and parts of, nes",10206285314.0,0.03414226634530946,0.02979033252071441,1.1460854396831246,0.06807065412302248
GBR,1995,goods,75,Office machines and automatic data processing equipment,18322292289.0,0.06129209248437905,0.038386971597296184,1.5966899688616283,0.22978868329175747
GBR,1995,goods,76,"Telecommunications, sound recording and reproducing equipment",6876861838.0,0.023004613458221253,0.02389917080174365,0.9625695238155655,-0.01907217845290055
GBR,1995,goods,77,"Electric machinery, apparatus and appliances, nes, and parts, nes",17153339280.0,0.05738168789048795,0.05877491314457702,0.9762955795330236,-0.011994370028686445
GBR,1995,goods,78,Road vehicles,18550308401.0,0.0620548564663194,0.065024320646189,0.9543330226235337,-0.023367039725482448
GBR,1995,goods,79,Other transport equipment,1672115358.0,0.005593593178764871,0.015931837303455133,0.35109529881728013,-0.480280481880706
GBR,1995,goods,81,"Sanitary, plumbing, heating, lighting fixtures and fittings, nes",329517391.0,0.0011023080565366094,0.001702440029976071,0.6474871579189213,-0.21397000904478497
GBR,1995,goods,82,Furniture and parts thereof,1240589652.0,0.004150044900833621,0.006230111175966902,0.6661269411760604,-0.2003887282371596
GBR,1995,goods,83,"Travel goods, handbags and similar containers",150912090.0,0.0005048340912476388,0.0016766383601911586,0.3010989747306516,-0.5371620751711315
GBR,1995,goods,84,Articles of apparel and clothing accessories,4702572248.0,0.01573113716300295,0.022997300214790854,0.6840427796339926,-0.18761828629714325
GBR,1995,goods,85,Footwear,741011740.0,0.0024788470451024276,0.0054668120276051965,0.4534355731613323,-0.3760499859308168
GBR,1995,goods,87,"Professional, scientific, controlling instruments, apparatus, nes",5964000500.0,0.019950891758360536,0.012446664812270629,1.6029106639629127,0.23162941099368564
GBR,1995,goods,88,"Photographic equipment and supplies, optical goods; watches, etc",3131046949.0,0.01047403982777064,0.009040174494842568,1.1586103602033448,0.07347799451328654
GBR,1995,goods,89,"Miscellaneous manufactured articles, nes",12273208894.0,0.04105657975245673,0.027892710709976398,1.4719465662321591,0.19092102259779797
GBR,1995,goods,94,"Animals, live, nes, (including zoo animals, pets, insects, etc)",12416885.0,4.153720788772747e-05,8.15481761450961e-05,0.5093579016877291,-0.32506677028930403
GBR,1995,goods,95,"Armoured fighting vehicles, war firearms, ammunition, parts, nes",769144574.0,0.0025729575546488176,0.001005723547638819,2.558314917344296,0.4379362011351499
GBR,1995,goods,96,"Coin (other than gold coin), not being legal tender",73904544.0,0.0002472269339673921,3.991740584390076e-05,6.193461943248186,0.7219697531204418
GBR,1995,goods,97,"Gold, non-monetary (excluding gold ores and concentrates)",472395458.0,0.0015802665760506142,0.003443970706041116,0.45885017932314204,-0.3709426974385632
GBR,1995,services,financial,Financial services,13591810477.0,0.04546759169902445,0.01735147677940064,2.6203874331320756,0.4475729360628797
GBR,1995,services,ict,ICT,29668327431.0,0.0992470723681998,0.10187387603852925,0.9742151396169909,-0.013060815848069882
GBR,1995,services,transport,Transport,16048652694.0,0.05368626859865542,0.08153266173076744,0.6584633379925114,-0.2059356117096335
GBR,1995,services,travel,Travel & tourism,20487247739.0,0.06853434403090772,0.09864347722773581,0.6947681281823038,-0.18010243805155088
GBR,1996,goods,00,Live animals chiefly for food,467288964.0,0.0014430974663436115,0.0013898548924240772,1.0383080091380423,0.018794023752201214
GBR,1996,goods,01,Meat and preparations,1564148702.0,0.004830456532760848,0.006456347002206849,0.7481717651033543,-0.14405234080745913
GBR,1996,goods,02,Dairy products and birds' eggs,1281633849.0,0.003957984679201863,0.005114691993872483,0.7738461443902425,-0.1274935012402091
GBR,1996,goods,03,"Fish, crustacean and molluscs, and preparations thereof",1147388267.0,0.003543402966007319,0.006811641371030357,0.5201981098237604,-0.31561800207202206
GBR,1996,goods,04,Cereals and cereal preparations,2251674789.0,0.006953697676103658,0.008971673234730838,0.7750725527078649,-0.1267145091895029
GBR,1996,goods,05,Vegetables and fruit,696728674.0,0.002151660881463368,0.009588387892673604,0.22440277818833673,-0.6334494135657388
GBR,1996,goods,06,"Sugar, sugar preparations and honey",616713954.0,0.0019045567369233882,0.0027370027496644083,0.6958548862097093,-0.17934619068148275
GBR,1996,goods,07,"Coffee, tea, cocoa, spices, and manufactures thereof",1372544284.0,0.004238737336593308,0.004636465083268265,0.9142174610329219,-0.044813371893906655
GBR,1996,goods,08,Feeding stuff for animals (not including unmilled cereals),609301209.0,0.001881664448955399,0.0032261277995476773,0.5832578762748394,-0.26321809603479773
GBR,1996,goods,09,Miscellaneous edible products and preparations,272144198.0,0.0008404448486267143,0.0010890247029637277,0.7717408487975385,-0.12883326100280332
GBR,1996,goods,11,Beverages,4800995063.0,0.014826594131470838,0.004563500082898987,3.2489523090031738,0.529295728793621
GBR,1996,goods,12,Tobacco and tobacco manufactures,1827699418.0,0.005644362701776739,0.0035679437784645906,1.5819651463806705,0.22539620536568963
GBR,1996,goods,21,"Hides, skins and furskins, raw",351812951.0,0.0010864805662625689,0.0012774264415927044,0.8505229975574462,-0.08077554434062825
GBR,1996,goods,22,Oil seeds and oleaginous fruit,83776197.0,0.00025872046409083026,0.0020684544357432856,0.12507912169593466,-0.7776527547548986
GBR,1996,goods,23,Crude rubber (including synthetic and reclaimed),304290838.0,0.0009397211814944005,0.0019872685525314355,0.47287075533770145,-0.3578923967034961
GBR,1996,goods,24,Cork and wood,89394506.0,0.0002760711145612221,0.005628115969963054,0.04905213681356221,-0.9064829380881767
GBR,1996,goods,25,Pulp and waste paper,74075523.0,0.0002287625169752092,0.0025271000711196917,0.09052372701404363,-0.833981187622747
GBR,1996,goods,26,Textile fibres (not wool tops) and their wastes (not in yarn),708244131.0,0.002187223302365071,0.003764470149190851,0.5810175710478674,-0.2650080787365565
GBR,1996,goods,27,Crude fertilizer and crude minerals,715214711.0,0.0022087500815357974,0.0020580345275318596,1.073232762612922,0.035322981545316656
GBR,1996,goods,28,Metalliferous ores and metal scrap,944165853.0,0.0029158046845558605,0.0059192026021282285,0.4926009262645433,-0.3399428908337198
GBR,1996,goods,29,"Crude animal and vegetable materials, nes",288433561.0,0.0008907502063061039,0.0024639704577298594,0.36151009989250543,-0.46895715291271434
GBR,1996,goods,32,"Coal, coke and briquettes",143601641.0,0.00044347540869782854,0.0031838867838786464,0.13928743036446223,-0.7554832491746114
GBR,1996,goods,33,"Petroleum, petroleum products and related materials",14278403827.0,0.044095046049866964,0.044654254057876756,0.9874769376443956,-0.006300984991779093
GBR,1996,goods,34,"Gas, natural and manufactured",800490249.0,0.002472100860838363,0.007318593397605506,0.33778360492703197,-0.49501009926720396
GBR,1996,goods,35,Electric current,2666167.0,8.233746437352087e-06,0.001255885853693415,0.006556126429115824,-0.9869731527989909
GBR,1996,goods,41,Animal oils and fats,32119335.0,9.919200865000887e-05,0.0002171295348708006,0.4568333308917714,-0.3728406383836235
GBR,1996,goods,42,Fixed vegetable oils and fats,221370968.0,0.0006836452551933855,0.002810965849000608,0.2432065318176826,-0.6087431563569856
GBR,1996,goods,43,"Animal and vegetable oils and fats, processed, and waxes",61873424.0,0.00019107958519731701,0.00037314643967890226,0.512076667170518,-0.32268425498722314
GBR,1996,goods,51,Organic chemicals,6723249199.0,0.02076296388774466,0.01438962073384466,1.4429125181117373,0.18130510807406602
GBR,1996,goods,52,Inorganic chemicals,1484653274.0,0.004584956083208821,0.005066942123192638,0.90487634785137,-0.04993691703712207
GBR,1996,goods,53,"Dyeing, tanning and colouring materials",1758946378.0,0.005432037255487319,0.0044100764721283145,1.2317331206879965,0.1038354983128798
GBR,1996,goods,54,Medicinal and pharmaceutical products,6299122740.0,0.01945316231838385,0.008466342379027995,2.297705602666311,0.3935177238432292
GBR,1996,goods,55,Oils and perfume materials; toilet and cleansing preparations,3544010630.0,0.010944732606284762,0.005174609717960217,2.115083688011755,0.3579626744228732
GBR,1996,goods,56,"Fertilizers, manufactured",260165946.0,0.0008034532086691627,0.002545814523094685,0.31559770021756617,-0.5202215690018699
GBR,1996,goods,57,Explosives and pyrotechnic products,20030786.0,6.185974579419146e-05,0.00018329183837665117,0.3374931821408996,-0.4953347252197866
GBR,1996,goods,58,"Artificial resins and plastic materials, and cellulose esters etc",4304515844.0,0.013293350339667625,0.01610866507825877,0.8252297924803922,-0.09575244072808181
GBR,1996,goods,59,"Chemical materials and products, nes",3689616704.0,0.01139439817226556,0.005998048064650549,1.8996843722240837,0.31026975930280914
GBR,1996,goods,61,"Leather, leather manufactures, nes, and dressed furskins",659416006.0,0.002036430647493365,0.0030501315417245625,0.6676533846608973,-0.19928998339584963
GBR,1996,goods,62,"Rubber manufactures, nes",1923227941.0,0.005939377093567184,0.004979842545127451,1.192683712335161,0.0878757438891891
GBR,1996,goods,63,"Cork and wood, cork manufactures",412506044.0,0.001273915013639882,0.00365637310140084,0.34840946979721954,-0.4832289781387918
GBR,1996,goods,64,"Paper, paperboard, and articles of pulp, of paper or of paperboard",3446168170.0,0.01064257223656795,0.012495564950986103,0.8517079682522141,-0.0800839194356092
GBR,1996,goods,65,"Textile yarn, fabrics, made-up articles, nes, and related products",4882061271.0,0.015076945516552734,0.02230146138993522,0.6760519076726087,-0.19328046514814123
GBR,1996,goods,66,"Non-metallic mineral manufactures, nes",8253979203.0,0.025490215675416983,0.01571120737792205,1.6224224569294876,0.2373463723530886
GBR,1996,goods,67,Iron and steel,6344629804.0,0.019593698761181454,0.019999023720947008,0.9797327626877598,-0.010237360160027185
GBR,1996,goods,68,Non-ferrous metals,4024900955.0,0.012429834252290372,0.013075041402038457,0.9506535291240076,-0.025297404249002002
GBR,1996,goods,69,"Manufactures of metals, nes",5398031894.0,0.016670383316549728,0.0158857378197492,1.0493930786031893,0.024101320102463845
GBR,1996,goods,71,Power generating machinery and equipment,11068607527.0,0.03418244535765567,0.017122653649746536,1.9963287266609908,0.332516495201535
GBR,1996,goods,72,Machinery specialized for particular industries,8437488613.0,0.026056935596115154,0.021118325380806796,1.2338542534152244,0.10468644185613125
GBR,1996,goods,73,Metalworking machinery,1898494591.0,0.005862994731754784,0.006037763125401271,0.9710541155695187,-0.014685484382105683
GBR,1996,goods,74,"General industrial machinery and equipment, nes, and parts of, nes",11474092901.0,0.035434678902505214,0.029198913564034982,1.2135615534048834,0.09647870558484567
GBR,1996,goods,75,Office machines and automatic data processing equipment,18963009951.0,0.058562203952535016,0.038750912032013744,1.5112471134654673,0.20358295713875693
GBR,1996,goods,76,"Telecommunications, sound recording and reproducing equipment",7947759147.0,0.024544536618127714,0.022466554643204947,1.0924922404847357,0.04420195147930844
GBR,1996,goods,77,"Electric machinery, apparatus and appliances, nes, and parts, nes",16927893897.0,0.05227729023211895,0.05479137795272473,0.9541152675011205,-0.023481077734762216
GBR,1996,goods,78,Road vehicles,22265004577.0,0.06875953461036075,0.06338220606930212,1.0848397188191754,0.04069364088440691
GBR,1996,goods,79,Other transport equipment,2354929907.0,0.007272573597968594,0.01613518737430891,0.4507275576823035,-0.37861860375439443
GBR,1996,goods,81,"Sanitary, plumbing, heating, lighting fixtures and fittings, nes",395756386.0,0.0012221881574885735,0.001672999303933624,0.7305371583926634,-0.1557105204592173
GBR,1996,goods,82,Furniture and parts thereof,1406065531.0,0.004342258776946388,0.006185712136499607,0.7019820323232179,-0.17510053691341582
GBR,1996,goods,83,"Travel goods, handbags and similar containers",184664599.0,0.0005702874141497145,0.0015736934837178181,0.3623878601838157,-0.4680107320760745
GBR,1996,goods,84,Articles of apparel and clothing accessories,5104722090.0,0.015764574132906904,0.02247475862755615,0.701434635813088,-0.1754785978270817
GBR,1996,goods,85,Footwear,859377541.0,0.0026539585729435356,0.00534316439358244,0.4967016504547658,-0.33627166068288183
GBR,1996,goods,87,"Professional, scientific, controlling instruments, apparatus, nes",6462836326.0,0.019958748110824324,0.012222380970738276,1.6329672719748927,0.24040073673233583
GBR,1996,goods,88,"Photographic equipment and supplies, optical goods; watches, etc",3365766430.0,0.010394272883871023,0.008612731500468773,1.2068497529854825,0.09373078194636987
GBR,1996,goods,89,"Miscellaneous manufactured articles, nes",13661705802.0,0.04219053850541614,0.027904227636259406,1.5119765741372022,0.20381423115502287
GBR,1996,goods,94,"Animals, live, nes, (including zoo animals, pets, insects, etc)",15452030.0,4.7719477798036496e-05,7.539837251960503e-05,0.632897981791696,-0.22481626060037235
GBR,1996,goods,95,"Armoured fighting vehicles, war firearms, ammunition, parts, nes",692315804.0,0.0021380329081815003,0.0009738915540325418,2.1953500873158407,0.3740904923253524
GBR,1996,goods,96,"Coin (other than gold coin), not being legal tender",46155412.0,0.0001425386928573933,2.0369505391660902e-05,6.997651151399455,0.7499265769237717
GBR,1996,goods,97,"Gold, non-monetary (excluding gold ores and concentrates)",256535629.0,0.0007922419418335861,0.003684939161990566,0.21499457847375295,-0.6460978801340431
GBR,1996,services,financial,Financial services,16993526770.0,0.05247997987392944,0.018121381464619363,2.8960253376042364,0.48665631593919506
GBR,1996,services,ict,ICT,35163374865.0,0.10859271475491583,0.1136402771514181,0.9555829805855126,-0.02271293003439245
GBR,1996,services,transport,Transport,17038190684.0,0.052617912472591,0.08521834464637662,0.6174481878395446,-0.23651565165214777
GBR,1996,services,travel,Travel & tourism,21388549350.0,0.06605283615418382,0.10411347581110458,0.6344311880819824,-0.22366730063871054
GBR,1997,goods,00,Live animals chiefly for food,449825061.0,0.001278548413927327,0.0012251752725708795,1.0435636782355644,0.02131750466086663
GBR,1997,goods,01,Meat and preparations,1385689605.0,0.003938578350280787,0.005888691222002879,0.6688376418115511,-0.1984389313204648
GBR,1997,goods,02,Dairy products and birds' eggs,1412647614.0,0.004015201737099132,0.004528949586005637,0.8865635752506551,-0.06012859902390162
GBR,1997,goods,03,"Fish, crustacean and molluscs, and preparations thereof",1113334784.0,0.0031644577985247544,0.0065359340291401115,0.48416305678977006,-0.3475608295533107
GBR,1997,goods,04,Cereals and cereal preparations,1971789316.0,0.0056044634262177075,0.007562404582785759,0.7410954234021151,-0.1487021177116089
GBR,1997,goods,05,Vegetables and fruit,705075315.0,0.002004052250198129,0.009043354650114391,0.22160496051902367,-0.6371904704367437
GBR,1997,goods,06,"Sugar, sugar preparations and honey",738819226.0,0.0020999633668283223,0.0023274570463361803,0.9022565508283075,-0.05138289529303064
GBR,1997,goods,07,"Coffee, tea, cocoa, spices, and manufactures thereof",1458605765.0,0.004145829677075297,0.004832615443110254,0.8578852850759952,-0.07649272862301171
GBR,1997,goods,08,Feeding stuff for animals (not including unmilled cereals),608270937.0,0.0017289028761770992,0.003124990591834568,0.5532505860000441,-0.28762224075539045
GBR,1997,goods,09,Miscellaneous edible products and preparations,303801515.0,0.0008635022341540216,0.0010712125931266023,0.8060979115580355,-0.10735967701479393
GBR,1997,goods,11,Beverages,5304957823.0,0.01507840713780955,0.004470003431736065,3.373242854973242,0.5426734653609268
GBR,1997,goods,12,Tobacco and tobacco manufactures,1939014365.0,0.005511306407521508,0.0033543395046522666,1.6430377425653124,0.2432949527013507
GBR,1997,goods,21,"Hides, skins and furskins, raw",319614215.0,0.000908447045499045,0.0012136874599151368,0.74850163283599,-0.1438365068930997
GBR,1997,goods,22,Oil seeds and oleaginous fruit,137807149.0,0.0003916925201768535,0.0021481364608142337,0.18234061351409006,-0.6915599254056799
GBR,1997,goods,23,Crude rubber (including synthetic and reclaimed),322028432.0,0.000915309031599518,0.001665277553586629,0.5496435291691469,-0.2906193988189756
GBR,1997,goods,24,Cork and wood,93988026.0,0.00026714439009537617,0.005522553524878595,0.04837334557137659,-0.9077173303275609
GBR,1997,goods,25,Pulp and waste paper,98104424.0,0.00027884452552645573,0.0023983319420509117,0.11626602666518479,-0.7916876015432872
GBR,1997,goods,26,Textile fibres (not wool tops) and their wastes (not in yarn),705048403.0,0.00200397575758378,0.0035333928222934853,0.5671534013823637,-0.2761992528847709
GBR,1997,goods,27,Crude fertilizer and crude minerals,751194311.0,0.002135137363723453,0.0020028683584860526,1.0660397897230656,0.03196443265592558
GBR,1997,goods,28,Metalliferous ores and metal scrap,952114565.0,0.0027062177555239792,0.006177501780127141,0.4380764023783546,-0.3907466923817895
GBR,1997,goods,29,"Crude animal and vegetable materials, nes",365826583.0,0.0010397975524691892,0.0022766964086439975,0.45671330991754566,-0.37295374895229455
GBR,1997,goods,32,"Coal, coke and briquettes",154052572.0,0.00043786727034318207,0.00313102856551019,0.13984774050499063,-0.7546203136867501
GBR,1997,goods,33,"Petroleum, petroleum products and related materials",14445451322.0,0.04105864807787468,0.043898116899154654,0.9353168422280398,-0.03342251581787172
GBR,1997,goods,34,"Gas, natural and manufactured",1010103673.0,0.0028710415692386635,0.007985252267715492,0.35954300164646424,-0.47108256052064196
GBR,1997,goods,35,Electric current,9118736.0,2.5918399085866003e-05,0.0010832756881351431,0.02392594920179966,-0.9532662509032981
GBR,1997,goods,41,Animal oils and fats,38134463.0,0.00010839048646207006,0.00020596913426552485,0.5262462594144742,-0.31040452198538104
GBR,1997,goods,42,Fixed vegetable oils and fats,271004806.0,0.0007702833721796193,0.002971646563455733,0.25921096460537874,-0.5882962078771093
GBR,1997,goods,43,"Animal and vegetable oils and fats, processed, and waxes",115169013.0,0.00032734761059639075,0.0003521964445874623,0.9294460964244607,-0.03656692130777103
GBR,1997,goods,51,Organic chemicals,6884477511.0,0.019567913319101186,0.014295385583360435,1.3688272488346083,0.15570035721940473
GBR,1997,goods,52,Inorganic chemicals,1569557327.0,0.004461189926907752,0.005183226068704691,0.8606975400597607,-0.07486571940959584
GBR,1997,goods,53,"Dyeing, tanning and colouring materials",1907182999.0,0.005420831362796421,0.004456303152173882,1.216441336615984,0.09765263489736306
GBR,1997,goods,54,Medicinal and pharmaceutical products,6716861929.0,0.019091495584528575,0.00880938069325162,2.167177949200619,0.36852300941764554
GBR,1997,goods,55,Oils and perfume materials; toilet and cleansing preparations,3888972827.0,0.011053719480887979,0.0051850828610555556,2.1318308264484926,0.36139590200406607
GBR,1997,goods,56,"Fertilizers, manufactured",259920703.0,0.0007387787639682571,0.002244841932017552,0.32910057204084725,-0.5047770214476546
GBR,1997,goods,57,Explosives and pyrotechnic products,19965075.0,5.674720505443366e-05,0.00017018873722685074,0.3334369005793448,-0.49988349589774395
GBR,1997,goods,58,"Artificial resins and plastic materials, and cellulose esters etc",4425398658.0,0.01257841531239635,0.016159255545733053,0.7784031434367503,-0.12460439995344107
GBR,1997,goods,59,"Chemical materials and products, nes",3685959274.0,0.010476689255811432,0.0059375977039336815,1.7644659975650732,0.2765329717342918
GBR,1997,goods,61,"Leather, leather manufactures, nes, and dressed furskins",642579565.0,0.0018264191012978305,0.002868623816414102,0.6366882582676628,-0.22197980580424095
GBR,1997,goods,62,"Rubber manufactures, nes",1875009064.0,0.005329382626097309,0.0048234832858451105,1.1048825734996948,0.04982823023961435
GBR,1997,goods,63,"Cork and wood, cork manufactures",520819204.0,0.0014803367463270193,0.0035587724974407084,0.41596835633398976,-0.4124609431089945
GBR,1997,goods,64,"Paper, paperboard, and articles of pulp, of paper or of paperboard",3615340299.0,0.01027596727229477,0.01176375441299903,0.8735278646194582,-0.06750480618350996
GBR,1997,goods,65,"Textile yarn, fabrics, made-up articles, nes, and related products",5259514494.0,0.014949242488584886,0.02192828014846233,0.681733468715884,-0.18924909160970302
GBR,1997,goods,66,"Non-metallic mineral manufactures, nes",8661009082.0,0.02461739103682637,0.015150110082157612,1.6248984927059005,0.23806577452132946
GBR,1997,goods,67,Iron and steel,6035429130.0,0.017154643016948957,0.019511667794744447,0.8791992154340407,-0.06428311781625443
GBR,1997,goods,68,Non-ferrous metals,4365269448.0,0.012407508636131366,0.013412570089340678,0.9250657072794676,-0.03892557663729345
GBR,1997,goods,69,"Manufactures of metals, nes",5786448248.0,0.016446958765049688,0.015770799385281958,1.0428741348646382,0.02098716417860911
GBR,1997,goods,71,Power generating machinery and equipment,14270646581.0,0.040561796426577895,0.01753091489193061,2.313729584372592,0.39645044983998845
GBR,1997,goods,72,Machinery specialized for particular industries,9207276960.0,0.026170061151389746,0.020489329131312184,1.2772531976850408,0.12174895526192898
GBR,1997,goods,73,Metalworking machinery,1975877218.0,0.00561608256679376,0.0056604468231558555,0.9921624108929689,-0.0039342119217669665
GBR,1997,goods,74,"General industrial machinery and equipment, nes, and parts of, nes",12472992715.0,0.03545228231001197,0.028151702701920113,1.2593299483655713,0.11478179561740152
GBR,1997,goods,75,Office machines and automatic data processing equipment,21790320702.0,0.06193514409929664,0.04151491129448114,1.4918770670125483,0.1973921882118559
GBR,1997,goods,76,"Telecommunications, sound recording and reproducing equipment",8769165508.0,0.02492480660547195,0.02257944580321339,1.1038714954609197,0.049371596927389017
GBR,1997,goods,77,"Electric machinery, apparatus and appliances, nes, and parts, nes",17063760306.0,0.048500729653371585,0.056315502399421055,0.8612322999336359,-0.07455689441415345
GBR,1997,goods,78,Road vehicles,24257611856.0,0.06894798412344022,0.06387246700930965,1.0794633016662845,0.038213370537777756
GBR,1997,goods,79,Other transport equipment,2506483828.0,0.007124238288768654,0.016904321836722573,0.4214447853975494,-0.4070191262762559
GBR,1997,goods,81,"Sanitary, plumbing, heating, lighting fixtures and fittings, nes",491298055.0,0.0013964280860417216,0.0016287066252419049,0.8573846660900738,-0.07678287460515197
GBR,1997,goods,82,Furniture and parts thereof,1471753846.0,0.0041832007787906324,0.006137854870247188,0.6815411682456681,-0.18938509372718848
GBR,1997,goods,83,"Travel goods, handbags and similar containers",206795898.0,0.0005877808737618941,0.00152998627368076,0.38417395232431856,-0.4449050978322343
GBR,1997,goods,84,Articles of apparel and clothing accessories,5312257228.0,0.015099154409347991,0.02391381088810892,0.6313989217358914,-0.2259417199270294
GBR,1997,goods,85,Footwear,900805702.0,0.002560381360230155,0.00515717481585517,0.4964697633205185,-0.3364787241422089
GBR,1997,goods,87,"Professional, scientific, controlling instruments, apparatus, nes",7578817445.0,0.02154145214187946,0.012807426463151743,1.6819500938659604,0.2542739685670091
GBR,1997,goods,88,"Photographic equipment and supplies, optical goods; watches, etc",3530185247.0,0.010033929053191414,0.008578882685398108,1.1696079106280242,0.07817445253457281
GBR,1997,goods,89,"Miscellaneous manufactured articles, nes",14416298663.0,0.04097578678543501,0.02817434364681895,1.4543652657570043,0.18512536503683924
GBR,1997,goods,94,"Animals, live, nes, (including zoo animals, pets, insects, etc)",14823748.0,4.2133889676409974e-05,7.202323651206423e-05,0.585004114184071,-0.2618263776744585
GBR,1997,goods,95,"Armoured fighting vehicles, war firearms, ammunition, parts, nes",398989670.0,0.0011340577793016464,0.0007181651376645277,1.5791044703027513,0.22453703483937287
GBR,1997,goods,96,"Coin (other than gold coin), not being legal tender",60426588.0,0.0001717519207904694,2.2106027150340374e-05,7.769461225321297,0.7719358181064626
GBR,1997,goods,97,"Gold, non-monetary (excluding gold ores and concentrates)",185815617.0,0.0005281481246734665,0.0034797375786255838,0.15177814784587085,-0.7364455157796906
GBR,1997,services,financial,Financial services,22084775494.0,0.06277207992152042,0.019156337915472284,3.2768308952631475,0.5323640216368801
GBR,1997,services,ict,ICT,38640961170.0,0.1098301181946173,0.12007808758611559,0.9146557910980317,-0.04457417844960237
GBR,1997,services,transport,Transport,18330405025.0,0.052100943907523324,0.08341129748355516,0.6246269447828121,-0.23105184634702064
GBR,1997,services,travel,Travel & tourism,22585964483.0,0.06419662124329394,0.10035463325775584,0.639697631881212,-0.21973707902804981
GBR,1998,goods,00,Live animals chiefly for food,407093531.0,0.0011472634819013365,0.0011864898848645328,0.966939117253684,-0.01680828982265445
GBR,1998,goods,01,Meat and preparations,1162447562.0,0.003275988282672661,0.0054975462401902165,0.5959000869739498,-0.2532112857968949
GBR,1998,goods,02,Dairy products and birds' eggs,1405386724.0,0.003960634949009181,0.004523368252465243,0.8755941873294594,-0.06632874718367208
GBR,1998,goods,03,"Fish, crustacean and molluscs, and preparations thereof",1246599748.0,0.003513144421417516,0.0062772686220878265,0.5596613165566651,-0.28232968194369956
GBR,1998,goods,04,Cereals and cereal preparations,1773063002.0,0.004996813455394742,0.007145105689366183,0.6993337359349813,-0.17693185141151263
GBR,1998,goods,05,Vegetables and fruit,650551365.0,0.0018333718601034887,0.009200560294505241,0.1992674143115409,-0.6676847683284488
GBR,1998,goods,06,"Sugar, sugar preparations and honey",761813307.0,0.0021469282132797925,0.0021961108955488606,0.977604645389833,-0.011324485236406943
GBR,1998,goods,07,"Coffee, tea, cocoa, spices, and manufactures thereof",1540726901.0,0.0043420481400386485,0.004762395281024234,0.91173619236092,-0.0461694495253959
GBR,1998,goods,08,Feeding stuff for animals (not including unmilled cereals),588745329.0,0.0016591912292059682,0.002667538332423885,0.6219933970726965,-0.23305064225878688
GBR,1998,goods,09,Miscellaneous edible products and preparations,307451538.0,0.0008664542547147503,0.001081893663929105,0.8008682217141885,-0.11057543016460382
GBR,1998,goods,11,Beverages,4619086722.0,0.013017425019917477,0.004422351649464164,2.9435526732693766,0.49284308700714957
GBR,1998,goods,12,Tobacco and tobacco manufactures,1716193728.0,0.004836545516127387,0.003157559622322776,1.5317352939069788,0.21002799747141174
GBR,1998,goods,21,"Hides, skins and furskins, raw",249748987.0,0.0007038379895723562,0.0010294106982407965,0.6837290410670636,-0.18783958179666466
GBR,1998,goods,22,Oil seeds and oleaginous fruit,95686331.0,0.0002696614534840736,0.0019381634368823963,0.13913246342002691,-0.7557220641358805
GBR,1998,goods,23,Crude rubber (including synthetic and reclaimed),350325631.0,0.0009872812329713555,0.0014243999526269398,0.6931207987971137,-0.18125062394892918
GBR,1998,goods,24,Cork and wood,105406583.0,0.0002970548884204751,0.00479418644658568,0.061961480165635074,-0.8833074808777982
GBR,1998,goods,25,Pulp and waste paper,80534058.0,0.0002269595971367184,0.002278200182806003,0.0996223241704677,-0.8188062901585402
GBR,1998,goods,26,Textile fibres (not wool tops) and their wastes (not in yarn),592153673.0,0.0016687965614139062,0.002958878053616742,0.5639963970039511,-0.2787753244389012
GBR,1998,goods,27,Crude fertilizer and crude minerals,765644143.0,0.0021577242046510064,0.0019240887424908485,1.1214265522169744,0.05723815990239156
GBR,1998,goods,28,Metalliferous ores and metal scrap,794859171.0,0.002240057457809787,0.005514939741187118,0.4061798610563973,-0.42229316134387906
GBR,1998,goods,29,"Crude animal and vegetable materials, nes",322559270.0,0.0009090305864372807,0.00233601810425633,0.3891367899850545,-0.4397430220111856
GBR,1998,goods,32,"Coal, coke and briquettes",124154212.0,0.0003498891107455026,0.0030590472834457665,0.11437845784174383,-0.7947224176187601
GBR,1998,goods,33,"Petroleum, petroleum products and related materials",9875189730.0,0.027830077589899405,0.029982359693586914,0.9282150529283434,-0.037228703801807886
GBR,1998,goods,34,"Gas, natural and manufactured",590785884.0,0.0016649418836773386,0.006268021308953671,0.2656247963450637,-0.580247167861836
GBR,1998,goods,35,Electric current,6625829.0,1.8672789101683983e-05,0.0011208059387871946,0.016660144682931907,-0.9672257346369612
GBR,1998,goods,41,Animal oils and fats,42336749.0,0.0001193126453049015,0.00020628119716274154,0.5783980650973831,-0.26710748335630097
GBR,1998,goods,42,Fixed vegetable oils and fats,214133966.0,0.0006034683941624767,0.0030451247660718715,0.19817526062846172,-0.6692048865630631
GBR,1998,goods,43,"Animal and vegetable oils and fats, processed, and waxes",89394703.0,0.0002519305034776292,0.0003871841278470601,0.6506736339593527,-0.21162654982423332
GBR,1998,goods,51,Organic chemicals,6857713278.0,0.01932628109779349,0.014065580609298245,1.3740123237442177,0.1575443901463566
GBR,1998,goods,52,Inorganic chemicals,1622577885.0,0.004572719073743292,0.004887856729406352,0.9355264130867162,-0.033310621067920904
GBR,1998,goods,53,"Dyeing, tanning and colouring materials",2288330523.0,0.006448930881090533,0.004494075743520367,1.4349849110551172,0.17863967414345552
GBR,1998,goods,54,Medicinal and pharmaceutical products,7171409711.0,0.02021033460043588,0.009796336895530689,2.063050180486983,0.34705607738949046
GBR,1998,goods,55,Oils and perfume materials; toilet and cleansing preparations,3802425733.0,0.010715926080664793,0.005352999760623394,2.001854391903961,0.33374516585680336
GBR,1998,goods,56,"Fertilizers, manufactured",268067170.0,0.0007554619550995456,0.002219124492333663,0.3404324352731969,-0.49205580779039787
GBR,1998,goods,57,Explosives and pyrotechnic products,26407267.0,7.442047288616399e-05,0.00016566961896999856,0.44921014093501926,-0.3800621065966425
GBR,1998,goods,58,"Artificial resins and plastic materials, and cellulose esters etc",4633538065.0,0.013058151528264597,0.015966618240012262,0.8178407808073558,-0.10020636631979508
GBR,1998,goods,59,"Chemical materials and products, nes",3685034940.0,0.010385097512621694,0.005903775570242412,1.7590603485957506,0.2751155294526564
GBR,1998,goods,61,"Leather, leather manufactures, nes, and dressed furskins",523297842.0,0.0014747483282518076,0.002599917521088979,0.5672288894895816,-0.27613778268939654
GBR,1998,goods,62,"Rubber manufactures, nes",1984983092.0,0.005594042745039839,0.00503894185846474,1.1101621932078072,0.05220555726114201
GBR,1998,goods,63,"Cork and wood, cork manufactures",529210293.0,0.0014914106886292095,0.0033369632303691847,0.4469365065386733,-0.38223065833369013
GBR,1998,goods,64,"Paper, paperboard, and articles of pulp, of paper or of paperboard",3448260450.0,0.009717824011233599,0.01209936136080584,0.80316834264601,-0.10915878051915816
GBR,1998,goods,65,"Textile yarn, fabrics, made-up articles, nes, and related products",4918885333.0,0.013862311936887533,0.02068440466081222,0.6701818188246177,-0.19747441713111824
GBR,1998,goods,66,"Non-metallic mineral manufactures, nes",7454534078.0,0.021008230470452867,0.014470057113262665,1.4518415722905185,0.1842866102757229
GBR,1998,goods,67,Iron and steel,5565797829.0,0.015685428803479166,0.019097419103516457,0.821337622558169,-0.09809404650132349
GBR,1998,goods,68,Non-ferrous metals,3757554494.0,0.010589470782380117,0.012645362462684849,0.837419315866077,-0.0884831691547173
GBR,1998,goods,69,"Manufactures of metals, nes",6121093744.0,0.017250353510986957,0.01606794131328384,1.0735882820735463,0.035488376699331796
GBR,1998,goods,71,Power generating machinery and equipment,15192261542.0,0.04281455131899575,0.019157973457952882,2.23481629792229,0.38172686922450827
GBR,1998,goods,72,Machinery specialized for particular industries,8727167889.0,0.024594743608125958,0.02002080861849734,1.228459053616982,0.10251884738298113
GBR,1998,goods,73,Metalworking machinery,1913893303.0,0.0053936988126382914,0.005562070561181424,0.9697285845817517,-0.01536831807955717
GBR,1998,goods,74,"General industrial machinery and equipment, nes, and parts of, nes",12209155504.0,0.03440761689380396,0.028276211659921124,1.2168396993071575,0.09781478533379197
GBR,1998,goods,75,Office machines and automatic data processing equipment,21568298877.0,0.060783382156754794,0.042175312726921,1.4412076218691803,0.18073334603607252
GBR,1998,goods,76,"Telecommunications, sound recording and reproducing equipment",12516448976.0,0.03527362568983239,0.023336728480753455,1.5115068814775676,0.20366533145895196
GBR,1998,goods,77,"Electric machinery, apparatus and appliances, nes, and parts, nes",16820324530.0,0.04740272840886352,0.05507863574743155,0.8606373009352183,-0.07490051876028359
GBR,1998,goods,78,Road vehicles,23674994039.0,0.06672043161299099,0.06736036858331296,0.9904998000488896,-0.004772771115514335
GBR,1998,goods,79,Other transport equipment,1835533152.0,0.005172865680120216,0.020651132303395436,0.25048823493662375,-0.5993753032801323
GBR,1998,goods,81,"Sanitary, plumbing, heating, lighting fixtures and fittings, nes",451020961.0,0.0012710589550668809,0.0016889624259027831,0.7525679290274769,-0.14118258520788202
GBR,1998,goods,82,Furniture and parts thereof,1475991424.0,0.004159611812536397,0.006491538572624753,0.6407744121058997,-0.21893661020288693
GBR,1998,goods,83,"Travel goods, handbags and similar containers",193470808.0,0.0005452358633336892,0.0014464002301207185,0.37696057562724744,-0.45247441023425033
GBR,1998,goods,84,Articles of apparel and clothing accessories,5006192217.0,0.014108358587360582,0.023853372008277616,0.5914618101987714,-0.2567062477925265
GBR,1998,goods,85,Footwear,817684006.0,0.002304381986896749,0.0048819700752559285,0.47201886766500634,-0.3586782370340844
GBR,1998,goods,87,"Professional, scientific, controlling instruments, apparatus, nes",7406892550.0,0.02087396799479496,0.012964224756609539,1.6101208044972224,0.2337519410772053
GBR,1998,goods,88,"Photographic equipment and supplies, optical goods; watches, etc",3271801673.0,0.00922053113994729,0.008063800021962187,1.1434473963682985,0.0669236840667727
GBR,1998,goods,89,"Miscellaneous manufactured articles, nes",13804334722.0,0.038903121549463376,0.028528461518128854,1.3636599900328232,0.15385461173194087
GBR,1998,goods,94,"Animals, live, nes, (including zoo animals, pets, insects, etc)",14111490.0,3.976874088970942e-05,6.393400185345762e-05,0.6220280247881698,-0.2330243185910378
GBR,1998,goods,95,"Armoured fighting vehicles, war firearms, ammunition, parts, nes",60799562.0,0.0001713442044309866,0.0006404154263636859,0.26755165065883635,-0.5778449729921921
GBR,1998,goods,96,"Coin (other than gold coin), not being legal tender",15839930.0,4.463979862375518e-05,1.2345335413886333e-05,3.615924325032372,0.5667173334809872
GBR,1998,goods,97,"Gold, non-monetary (excluding gold ores and concentrates)",129106782.0,0.00036384635218975465,0.0035831372113491237,0.1015440745716682,-0.8156332063042446
GBR,1998,services,financial,Financial services,22206442265.0,0.0625817860848909,0.01979908348789254,3.1608425775445954,0.5193281257998844
GBR,1998,services,ict,ICT,47618401578.0,0.13419730120190088,0.12851048110791252,1.0442517998918162,0.02164694187582861
GBR,1998,services,transport,Transport,19081616031.0,0.05377545841677701,0.08446097638711983,0.6366899924327383,-0.22197851104792674
GBR,1998,services,travel,Travel & tourism,23689138381.0,0.06676029293678128,0.1041139509068789,0.6412233169068062,-0.2186032085928293
GBR,1999,goods,00,Live animals chiefly for food,470221278.0,0.0013905690421326467,0.0011081590574083273,1.254846073617624,0.11302149472613653
GBR,1999,goods,01,Meat and preparations,976189962.0,0.002886852645570507,0.005357406277701703,0.538852664130776,-0.2996695828120127
GBR,1999,goods,02,Dairy products and birds' eggs,1295671781.0,0.003831645124794779,0.004136089994031737,0.9263930742135051,-0.038209712634347276
GBR,1999,goods,03,"Fish, crustacean and molluscs, and preparations thereof",1208268016.0,0.003573169008418699,0.006300934483968916,0.567085567626468,-0.27625449517043976
GBR,1999,goods,04,Cereals and cereal preparations,1505463381.0,0.004452054531830322,0.006431760626781039,0.6921984181582457,-0.18189449803218663
GBR,1999,goods,05,Vegetables and fruit,669821038.0,0.0019808384749699804,0.008906636215773731,0.22240028973698264,-0.6361252666508525
GBR,1999,goods,06,"Sugar, sugar preparations and honey",595151989.0,0.0017600222916051653,0.0018710773648513564,0.9406464557092146,-0.03058441897862046
GBR,1999,goods,07,"Coffee, tea, cocoa, spices, and manufactures thereof",1363136935.0,0.0040311574798590506,0.004136305446609936,0.974579254818557,-0.012874006003764529
GBR,1999,goods,08,Feeding stuff for animals (not including unmilled cereals),525351401.0,0.0015536034387444585,0.002373698720164811,0.6545074257092697,-0.20881899284472616
GBR,1999,goods,09,Miscellaneous edible products and preparations,298668081.0,0.00088324073525181,0.0010193104192579483,0.8665081005399747,-0.07151959288117019
GBR,1999,goods,11,Beverages,4574842762.0,0.013529023494044886,0.004440773463973039,3.046546644138167,0.5057514033855998
GBR,1999,goods,12,Tobacco and tobacco manufactures,1629805746.0,0.004819767886125952,0.00284115971975162,1.6964086364519155,0.2582726620280703
GBR,1999,goods,21,"Hides, skins and furskins, raw",155392982.0,0.00045953826473559884,0.000850569476417471,0.54027128585796,-0.29847256023211677
GBR,1999,goods,22,Oil seeds and oleaginous fruit,104401297.0,0.00030874232698311873,0.001659256982886055,0.18607263984274627,-0.6862373625490317
GBR,1999,goods,23,Crude rubber (including synthetic and reclaimed),356996567.0,0.0010557335395992718,0.0013232910621216465,0.7978090155816538,-0.11246521886693862
GBR,1999,goods,24,Cork and wood,117428951.0,0.00034726855536025217,0.004882836409807869,0.07112025188120455,-0.8672039824542644
GBR,1999,goods,25,Pulp and waste paper,97471706.0,0.00028824968836789846,0.0022314756269065684,0.1291744731119877,-0.771205467024091
GBR,1999,goods,26,Textile fibres (not wool tops) and their wastes (not in yarn),560633921.0,0.0016579432088397327,0.002447370412076091,0.6774386094801679,-0.1922940062884285
GBR,1999,goods,27,Crude fertilizer and crude minerals,692149462.0,0.0020468695472048944,0.0018490083954521967,1.1070093311849503,0.05078730767877987
GBR,1999,goods,28,Metalliferous ores and metal scrap,713323228.0,0.0021094859894684043,0.00506009469291911,0.4168866626982955,-0.41154550512264204
GBR,1999,goods,29,"Crude animal and vegetable materials, nes",299733063.0,0.0008863901695052479,0.0022612689456373023,0.3919879460669076,-0.4367940510196542
GBR,1999,goods,32,"Coal, coke and briquettes",106504015.0,0.00031496062184117293,0.0023969482224848095,0.13140067811505218,-0.7677203476067034
GBR,1999,goods,33,"Petroleum, petroleum products and related materials",12673404529.0,0.03747861872905521,0.0388414730895961,0.9649123925501698,-0.01785708491781234
GBR,1999,goods,34,"Gas, natural and manufactured",1079460461.0,0.003192250902930929,0.0064039063321169095,0.49848494612126554,-0.3346814094975561
GBR,1999,goods,35,Electric current,29646322.0,8.7672037645e-05,0.0010527939892850493,0.08327558718732612,-0.846252259033092
GBR,1999,goods,41,Animal oils and fats,40655758.0,0.00012022986007714583,0.00016674627692199142,0.7210347498996498,-0.16209158479607466
GBR,1999,goods,42,Fixed vegetable oils and fats,168940950.0,0.0004996031996205824,0.0025745172206723234,0.1940570432425048,-0.6749618548950794
GBR,1999,goods,43,"Animal and vegetable oils and fats, processed, and waxes",59852799.0,0.00017700060220241212,0.0003252880497815884,0.5441349669047403,-0.2952235671529758
GBR,1999,goods,51,Organic chemicals,7417842503.0,0.021936527815075917,0.014177947252325141,1.547228764832539,0.21483298727922265
GBR,1999,goods,52,Inorganic chemicals,1542757127.0,0.004562342030672002,0.0047413056805429895,0.9622543531404429,-0.01923585838866809
GBR,1999,goods,53,"Dyeing, tanning and colouring materials",2231312985.0,0.006598584337669183,0.004409209065805222,1.496546033356241,0.19889320153600676
GBR,1999,goods,54,Medicinal and pharmaceutical products,7621123567.0,0.022537683840282808,0.010523685305675504,2.141615145801449,0.3633847854748022
GBR,1999,goods,55,Oils and perfume materials; toilet and cleansing preparations,3718817695.0,0.010997530315933698,0.005340259915654298,2.0593623699280674,0.3462690070130448
GBR,1999,goods,56,"Fertilizers, manufactured",255727721.0,0.0007562547010850809,0.002045956436123981,0.3696338239331179,-0.4602443113274518
GBR,1999,goods,57,Explosives and pyrotechnic products,20906027.0,6.182466702450937e-05,0.0001612000317727833,0.3835276354762339,-0.4455800872467327
GBR,1999,goods,58,"Artificial resins and plastic materials, and cellulose esters etc",4536050160.0,0.013414303480449558,0.015893035687891605,0.844036579535871,-0.08457718366052357
GBR,1999,goods,59,"Chemical materials and products, nes",3306608824.0,0.009778519348707647,0.00573965170455109,1.7036781763175723,0.2602669883129311
GBR,1999,goods,61,"Leather, leather manufactures, nes, and dressed furskins",491414126.0,0.001453241914931531,0.0024210837302158037,0.6002443851051761,-0.24980910329427586
GBR,1999,goods,62,"Rubber manufactures, nes",1674002993.0,0.004950470868532652,0.004785612734638155,1.0344486992650404,0.016932694974066045
GBR,1999,goods,63,"Cork and wood, cork manufactures",553931288.0,0.0016381217452296221,0.00354093789454425,0.4626236872873657,-0.3674057225951753
GBR,1999,goods,64,"Paper, paperboard, and articles of pulp, of paper or of paperboard",3105177910.0,0.009182834707790816,0.011780526689882375,0.7794927128069267,-0.12391581353837113
GBR,1999,goods,65,"Textile yarn, fabrics, made-up articles, nes, and related products",4445600713.0,0.013146820474552455,0.01963326362215287,0.6696197192461908,-0.1978775627440308
GBR,1999,goods,66,"Non-metallic mineral manufactures, nes",8594243911.0,0.025415458811231428,0.015280081050463443,1.6633065444676145,0.2490537733425677
GBR,1999,goods,67,Iron and steel,4244782706.0,0.012552948362204155,0.016151015611814406,0.7772234677936737,-0.12535088369212863
GBR,1999,goods,68,Non-ferrous metals,3179160399.0,0.009401620551130127,0.012255625585842199,0.7671269398104784,-0.1317806066690924
GBR,1999,goods,69,"Manufactures of metals, nes",5855524953.0,0.017316340425319973,0.015797428871441,1.0961492889912547,0.04586948529678694
GBR,1999,goods,71,Power generating machinery and equipment,15423243306.0,0.04561062136920817,0.019293385296952868,2.364054864773356,0.4054793752197782
GBR,1999,goods,72,Machinery specialized for particular industries,7779435295.0,0.023005853611118496,0.017733282993095012,1.2973262548213165,0.12942273836697268
GBR,1999,goods,73,Metalworking machinery,1698743669.0,0.005023635609765468,0.005070963552826297,0.9906668737474064,-0.004688442037026587
GBR,1999,goods,74,"General industrial machinery and equipment, nes, and parts of, nes",10858319356.0,0.03211093043314662,0.027288512370749533,1.1767197125617672,0.08118625082592143
GBR,1999,goods,75,Office machines and automatic data processing equipment,22961471130.0,0.06790316050989195,0.04491489639415096,1.5118182598932732,0.20376404936041048
GBR,1999,goods,76,"Telecommunications, sound recording and reproducing equipment",11018168219.0,0.03258364591989221,0.02423468177713087,1.344504797692036,0.14694139164533654
GBR,1999,goods,77,"Electric machinery, apparatus and appliances, nes, and parts, nes",16892313940.0,0.049955052895223846,0.058847127103775924,0.8488953557091912,-0.08172698569673716
GBR,1999,goods,78,Road vehicles,23666568724.0,0.06998832111782728,0.06713282496724936,1.042535021458891,0.020824622839764207
GBR,1999,goods,79,Other transport equipment,1764853214.0,0.005219139069450411,0.019672226060707,0.2653049559996181,-0.5806466184430275
GBR,1999,goods,81,"Sanitary, plumbing, heating, lighting fixtures and fittings, nes",424477329.0,0.0012552920516594622,0.0016754400574446964,0.7492312518622573,-0.14335940309251316
GBR,1999,goods,82,Furniture and parts thereof,1452742021.0,0.004296143486317979,0.006715658830823336,0.6397203304312697,-0.21972019428091838
GBR,1999,goods,83,"Travel goods, handbags and similar containers",196125310.0,0.0005799945626124312,0.0014678154172147846,0.39514134802656925,-0.43354650253109095
GBR,1999,goods,84,Articles of apparel and clothing accessories,4516850134.0,0.01335752391088754,0.023087821228377502,0.5785528127041133,-0.2669832671445016
GBR,1999,goods,85,Footwear,779410557.0,0.0023049237505486995,0.00469322169192768,0.4911175950867946,-0.3412758367213718
GBR,1999,goods,87,"Professional, scientific, controlling instruments, apparatus, nes",7275592429.0,0.021515856615365814,0.013728030486031204,1.5672937671036657,0.2209695572718456
GBR,1999,goods,88,"Photographic equipment and supplies, optical goods; watches, etc",3183765104.0,0.0094152378851827,0.008085450741666984,1.1644666680934541,0.07598484676057529
GBR,1999,goods,89,"Miscellaneous manufactured articles, nes",13061303637.0,0.038625739279086274,0.02886335409445425,1.338227676266763,0.14465130136804327
GBR,1999,goods,94,"Animals, live, nes, (including zoo animals, pets, insects, etc)",13223793.0,3.910626342470704e-05,6.573288110900687e-05,0.5949269644800128,-0.25397591522446383
GBR,1999,goods,95,"Armoured fighting vehicles, war firearms, ammunition, parts, nes",39607274.0,0.00011712921478569349,0.0006308605772588407,0.18566576991485653,-0.6868160072999505
GBR,1999,goods,96,"Coin (other than gold coin), not being legal tender",14912225.0,4.4099404694137447e-05,1.212038220954721e-05,3.6384500036146052,0.5688214816498055
GBR,1999,goods,97,"Gold, non-monetary (excluding gold ores and concentrates)",241872053.0,0.0007152798156847057,0.00273883632302668,0.26116194300149054,-0.5858391629231363
GBR,1999,services,financial,Financial services,33109783137.0,0.09791441088728815,0.026995628174250472,3.6270469520202866,0.567758870670904
GBR,1999,services,ict,ICT,21557039703.0,0.06374988426409778,0.11973400608791011,0.5324292266416933,-0.3051173687041876
GBR,1999,services,transport,Transport,20515387923.0,0.06066944365938663,0.08190727699470535,0.7407088342505689,-0.14895722974891681
GBR,1999,services,travel,Travel & tourism,24541472829.0,0.07257564461884455,0.10748286166825737,0.6752299249609404,-0.19386597039605294
GBR,2000,goods,00,Live animals chiefly for food,470982932.0,0.0013146563244114129,0.0010523061877471104,1.2493096968535078,0.11083831506273223
GBR,2000,goods,01,Meat and preparations,899244825.0,0.0025100652615167047,0.004918417239071768,0.5103400422348915,-0.32420510883134984
GBR,2000,goods,02,Dairy products and birds' eggs,1145362973.0,0.0031970557187858102,0.003670598082048653,0.8709904073729187,-0.06895256764476165
GBR,2000,goods,03,"Fish, crustacean and molluscs, and preparations thereof",1065227330.0,0.002973372814963034,0.005995228152338632,0.49595657403015997,-0.3369372044082331
GBR,2000,goods,04,Cereals and cereal preparations,1626463230.0,0.004539952568264437,0.005631926965349525,0.8061099861906114,-0.10735227383263363
GBR,2000,goods,05,Vegetables and fruit,596299776.0,0.0016644536744348708,0.007712224271415121,0.21582018570233555,-0.6449800912333693
GBR,2000,goods,06,"Sugar, sugar preparations and honey",552848366.0,0.0015431675999724244,0.001600934299905349,0.9639168828250229,-0.01837303680748082
GBR,2000,goods,07,"Coffee, tea, cocoa, spices, and manufactures thereof",1211240583.0,0.0033809401246513047,0.003407271871078647,0.9922718974523725,-0.003879040083589899
GBR,2000,goods,08,Feeding stuff for animals (not including unmilled cereals),466914691.0,0.00130330062891483,0.002308966938358337,0.5644518365609296,-0.27840305035949087
GBR,2000,goods,09,Miscellaneous edible products and preparations,295452592.0,0.0008246978653497041,0.0009407505387998324,0.8766382067682011,-0.06573552258868418
GBR,2000,goods,11,Beverages,4537190866.0,0.012664676916675603,0.003929445352121259,3.2230189713260025,0.5264051585891852
GBR,2000,goods,12,Tobacco and tobacco manufactures,1484431666.0,0.004143499361168931,0.0024450399377210622,1.6946550840518966,0.2577899814203153
GBR,2000,goods,21,"Hides, skins and furskins, raw",234721394.0,0.0006551786575076208,0.0009006232441588651,0.7274725161235688,-0.15776082185549337
GBR,2000,goods,22,Oil seeds and oleaginous fruit,41726182.0,0.00011647043944225491,0.001650888912619897,0.07055013729386601,-0.8681983499209062
GBR,2000,goods,23,Crude rubber (including synthetic and reclaimed),342902430.0,0.0009571447660348376,0.0013501719846154198,0.7089058112159458,-0.1703395160069885
GBR,2000,goods,24,Cork and wood,121669197.0,0.00033961566004712056,0.004470454854958315,0.07596892733866728,-0.8587897374944257
GBR,2000,goods,25,Pulp and waste paper,121662363.0,0.00033959658427874215,0.002871430714858763,0.1182673788789105,-0.7884810357296188
GBR,2000,goods,26,Textile fibres (not wool tops) and their wastes (not in yarn),606338883.0,0.0016924758693219518,0.0024663315821659717,0.686232087185776,-0.18607635046127283
GBR,2000,goods,27,Crude fertilizer and crude minerals,654328969.0,0.0018264307661608624,0.0016674568872111495,1.0953391240091368,0.04550056977255252
GBR,2000,goods,28,Metalliferous ores and metal scrap,1020335691.0,0.002848066624197412,0.0054266096922951255,0.5248335122095087,-0.3116186022839748
GBR,2000,goods,29,"Crude animal and vegetable materials, nes",311233699.0,0.0008687477251517642,0.002023750246711555,0.4292761552782588,-0.3993097083541772
GBR,2000,goods,32,"Coal, coke and briquettes",112081543.0,0.0003128536075161631,0.0023236061638932095,0.134641408848725,-0.7626714346952308
GBR,2000,goods,33,"Petroleum, petroleum products and related materials",20294032407.0,0.056646804457178755,0.0560406934958704,1.0108155506918024,0.005378688606262972
GBR,2000,goods,34,"Gas, natural and manufactured",2014989761.0,0.0056244480488369195,0.008032958812302883,0.7001714038696168,-0.17635198159901322
GBR,2000,goods,35,Electric current,85028713.0,0.000237340947425273,0.0013489609643754727,0.17594352519693152,-0.7007619474456195
GBR,2000,goods,41,Animal oils and fats,42263323.0,0.00011796976301593946,0.0001331136957711341,0.8862330981987608,-0.06031433862012055
GBR,2000,goods,42,Fixed vegetable oils and fats,124274795.0,0.00034688867496302786,0.0017739542564869871,0.1955454452641758,-0.6728766003186658
GBR,2000,goods,43,"Animal and vegetable oils and fats, processed, and waxes",38615956.0,0.00010778885460459287,0.0002698150083545132,0.39949169344563584,-0.4290902971177165
GBR,2000,goods,51,Organic chemicals,7653413074.0,0.021362998990942402,0.014791901629598819,1.4442361452833568,0.1817484559094666
GBR,2000,goods,52,Inorganic chemicals,1588227703.0,0.004433225606473488,0.004719656779844339,0.9393110163022704,-0.031294095267631016
GBR,2000,goods,53,"Dyeing, tanning and colouring materials",2121770032.0,0.005922504197063782,0.004113392939872586,1.4398099777083866,0.1802640294640823
GBR,2000,goods,54,Medicinal and pharmaceutical products,7912511175.0,0.02208622043694299,0.009847102096246181,2.242915755424379,0.38327105887514085
GBR,2000,goods,55,Oils and perfume materials; toilet and cleansing preparations,3587948652.0,0.010015053766354327,0.004894521142334472,2.0461764236199795,0.34343920972795683
GBR,2000,goods,56,"Fertilizers, manufactured",244752058.0,0.000683177285418931,0.0015979779255154,0.4275261094101685,-0.4010251629137408
GBR,2000,goods,57,Explosives and pyrotechnic products,15343883.0,4.2829434903978146e-05,0.00015082248461146746,0.28397247939729076,-0.557665784969799
GBR,2000,goods,58,"Artificial resins and plastic materials, and cellulose esters etc",4648074194.0,0.012974185942423028,0.015820432425827917,0.8200904749760063,-0.09884647356685135
GBR,2000,goods,59,"Chemical materials and products, nes",3162523162.0,0.008827562090978023,0.005489117948188709,1.6081931877399225,0.23318563617096943
GBR,2000,goods,61,"Leather, leather manufactures, nes, and dressed furskins",457989042.0,0.0012783864332825213,0.0024208676546768225,0.5280695253261094,-0.3088409701601599
GBR,2000,goods,62,"Rubber manufactures, nes",1641548548.0,0.004582060269769122,0.004320136324494287,1.0606286296545273,0.029422395079841217
GBR,2000,goods,63,"Cork and wood, cork manufactures",546904601.0,0.0015265767476991085,0.003196595832629751,0.4775632665588618,-0.3535799415600359
GBR,2000,goods,64,"Paper, paperboard, and articles of pulp, of paper or of paperboard",2975499962.0,0.008305523571137008,0.011223545938606356,0.7400088721130424,-0.14941942656374388
GBR,2000,goods,65,"Textile yarn, fabrics, made-up articles, nes, and related products",4285764664.0,0.011962870069496603,0.01851723058755337,0.6460399147126041,-0.21503736460072215
GBR,2000,goods,66,"Non-metallic mineral manufactures, nes",9130274650.0,0.02548536793311164,0.015018431994317714,1.6969393304676637,0.2584186164643202
GBR,2000,goods,67,Iron and steel,4349360893.0,0.012140386448505359,0.016578020197509712,0.732318232446661,-0.15452228264969264
GBR,2000,goods,68,Non-ferrous metals,4429814154.0,0.012364955920575255,0.013463563257287398,0.9184014427891145,-0.0425346621363313
GBR,2000,goods,69,"Manufactures of metals, nes",5624774033.0,0.015700451658550843,0.015055670124857673,1.0428264918363617,0.020964331531584737
GBR,2000,goods,71,Power generating machinery and equipment,14797319570.0,0.04130381046809838,0.01818892789983823,2.270821606174256,0.38853283950899514
GBR,2000,goods,72,Machinery specialized for particular industries,6981275084.0,0.019486857841456595,0.01699248714950894,1.1467925601473672,0.06837761732195055
GBR,2000,goods,73,Metalworking machinery,1611266111.0,0.004497532796232904,0.00498823382376865,0.901628302747641,-0.051730244606805025
GBR,2000,goods,74,"General industrial machinery and equipment, nes, and parts of, nes",10538330395.0,0.02941567891577815,0.02643494163675643,1.1127574753135507,0.05336981486567293
GBR,2000,goods,75,Office machines and automatic data processing equipment,25863585223.0,0.07219311693734692,0.04770050108451985,1.5134666365334182,0.20428623522196146
GBR,2000,goods,76,"Telecommunications, sound recording and reproducing equipment",12520972115.0,0.034949833763325625,0.026835651729611477,1.3023657526737333,0.13132828801097157
GBR,2000,goods,77,"Electric machinery, apparatus and appliances, nes, and parts, nes",19433249568.0,0.054244098273260904,0.0627075066423905,0.8650335689888793,-0.07236675696099788
GBR,2000,goods,78,Road vehicles,22793417683.0,0.0636233474208082,0.06364291244251277,0.999692581295329,-0.0001537329825326737
GBR,2000,goods,79,Other transport equipment,2139740306.0,0.0059726646864581324,0.0176859957798965,0.3377058753597127,-0.4950969692513272
GBR,2000,goods,81,"Sanitary, plumbing, heating, lighting fixtures and fittings, nes",366493673.0,0.0010229950860856636,0.0015787355579333215,0.6479838127069475,-0.21360415349883644
GBR,2000,goods,82,Furniture and parts thereof,1393798994.0,0.0038905160631603633,0.0065481022747458165,0.5941440588313635,-0.25459175970969766
GBR,2000,goods,83,"Travel goods, handbags and similar containers",193536459.0,0.0005402190027313774,0.0013945227550043748,0.38738629455328083,-0.44155957706355475
GBR,2000,goods,84,Articles of apparel and clothing accessories,4252006116.0,0.011868639715027737,0.022069428291075666,0.5377864600066293,-0.30057069171449075
GBR,2000,goods,85,Footwear,700676663.0,0.001955801248399452,0.004308973423118221,0.4538903020163262,-0.3756196029551213
GBR,2000,goods,87,"Professional, scientific, controlling instruments, apparatus, nes",7420604209.0,0.020713158782398936,0.014011398139892873,1.4783077731140186,0.19299772945997748
GBR,2000,goods,88,"Photographic equipment and supplies, optical goods; watches, etc",3300205377.0,0.009211874944821995,0.007979037846417777,1.1545094937678113,0.07171446411108856
GBR,2000,goods,89,"Miscellaneous manufactured articles, nes",13140650968.0,0.03667954553810488,0.02885795649203023,1.2710375229872828,0.11934524209479587
GBR,2000,goods,94,"Animals, live, nes, (including zoo animals, pets, insects, etc)",13990119.0,3.905066866121228e-05,5.924779685139463e-05,0.6591075235955051,-0.20546738023689745
GBR,2000,goods,95,"Armoured fighting vehicles, war firearms, ammunition, parts, nes",56695718.0,0.00015825495824070752,0.0005422313483309273,0.2918587402366923,-0.5481568825656303
GBR,2000,goods,96,"Coin (other than gold coin), not being legal tender",27024585.0,7.543381972246036e-05,8.05280486047938e-05,0.9367396954155153,-0.03266329736217475
GBR,2000,goods,97,"Gold, non-monetary (excluding gold ores and concentrates)",1791390293.0,0.005000314062722052,0.0028402446800128425,1.7605222880654925,0.27549941956760954
GBR,2000,services,financial,Financial services,34847373268.0,0.09726959629165799,0.02734156442390414,3.5575724484374156,0.561169894142723
GBR,2000,services,ict,ICT,23004376168.0,0.06421219658635186,0.11751147309241268,0.5464334238738925,-0.29329848225208477
GBR,2000,services,transport,Transport,21647368183.0,0.06042437539677838,0.08152722917417762,0.7411557587427096,-0.14866231235062058
GBR,2000,services,travel,Travel & tourism,24525849193.0,0.06845908962394841,0.10058925083010604,0.6805805695836719,-0.19006493124900137
GBR,2001,goods,00,Live animals chiefly for food,495542309.0,0.001430872723460288,0.0010276801608360812,1.392332729568492,0.1639958876620216
GBR,2001,goods,01,Meat and preparations,556382429.0,0.0016065478709077904,0.005291332418635024,0.3036187757264781,-0.5341908518350726
GBR,2001,goods,02,Dairy products and birds' eggs,1085496620.0,0.0031343590179024198,0.004051451892957343,0.7736384636211256,-0.12762552291334858
GBR,2001,goods,03,"Fish, crustacean and molluscs, and preparations thereof",1024783302.0,0.002959050009772963,0.006202639380885909,0.4770630417256869,-0.354038347383842
GBR,2001,goods,04,Cereals and cereal preparations,1222674486.0,0.003530458529804824,0.0060152175911552174,0.5869211672402365,-0.2603020498353649
GBR,2001,goods,05,Vegetables and fruit,553158846.0,0.0015972398120342336,0.008131791010547042,0.19641919104445651,-0.6716548973558583
GBR,2001,goods,06,"Sugar, sugar preparations and honey",511271081.0,0.001476289371886822,0.0018993375754177348,0.7772653955746288,-0.1253243353412371
GBR,2001,goods,07,"Coffee, tea, cocoa, spices, and manufactures thereof",1167068754.0,0.0033698976175642447,0.00331090617697874,1.0178173096524696,0.008829991480020718
GBR,2001,goods,08,Feeding stuff for animals (not including unmilled cereals),388456341.0,0.0011216632212772135,0.002544556293544162,0.44080896308838,-0.3881090770791651
GBR,2001,goods,09,Miscellaneous edible products and preparations,292637401.0,0.0008449871329860765,0.0009902865018614623,0.8532754222113869,-0.0791704114942272
GBR,2001,goods,11,Beverages,4473884068.0,0.012918288841457435,0.00419681134107754,3.078119980046717,0.5095779403780345
GBR,2001,goods,12,Tobacco and tobacco manufactures,1296557025.0,0.003743793512257535,0.0024504333033807555,1.5278087785912748,0.20880091210278096
GBR,2001,goods,21,"Hides, skins and furskins, raw",193584353.0,0.0005589725950048148,0.0010165933985429587,0.549848735793452,-0.290448515271454
GBR,2001,goods,22,Oil seeds and oleaginous fruit,22671365.0,6.546330594369542e-05,0.0018159607951259388,0.03604885420401131,-0.9304108989499199
GBR,2001,goods,23,Crude rubber (including synthetic and reclaimed),345414642.0,0.0009973808099634947,0.001321607760568758,0.7546723314747098,-0.13981394937657973
GBR,2001,goods,24,Cork and wood,114443163.0,0.0003304533182114621,0.004215660359813503,0.07838708292574144,-0.8546216211843494
GBR,2001,goods,25,Pulp and waste paper,107410521.0,0.00031014664524146304,0.0022786691733282256,0.13610867644663954,-0.7603949705369014
GBR,2001,goods,26,Textile fibres (not wool tops) and their wastes (not in yarn),397673717.0,0.0011482782885696363,0.002352205672640437,0.4881708695484319,-0.3439316955632095
GBR,2001,goods,27,Crude fertilizer and crude minerals,599577566.0,0.0017312733326835077,0.0016801387237309344,1.030434754124959,0.014989279543767083
GBR,2001,goods,28,Metalliferous ores and metal scrap,1020865378.0,0.0029477370492398793,0.0052709939417285466,0.5592374193230834,-0.282678298516121
GBR,2001,goods,29,"Crude animal and vegetable materials, nes",293474333.0,0.0008474037645197345,0.0020187467012065885,0.419767256592047,-0.40868159250321123
GBR,2001,goods,32,"Coal, coke and briquettes",91785333.0,0.0002650290944247496,0.0028602754079328093,0.09265859283679699,-0.8303979057241776
GBR,2001,goods,33,"Petroleum, petroleum products and related materials",18266386876.0,0.05274398222380923,0.049708551919943264,1.0610645489885642,0.029627674212595947
GBR,2001,goods,34,"Gas, natural and manufactured",1885048848.0,0.005443056889403642,0.008639735428023954,0.6300027280636945,-0.2269918114651446
GBR,2001,goods,35,Electric current,349348183.0,0.0010087388644046398,0.0017105759397861367,0.5897071512246083,-0.2580933528916496
GBR,2001,goods,41,Animal oils and fats,26820958.0,7.744520805240466e-05,0.00013630648295489607,0.5681696598248475,-0.2753722069991998
GBR,2001,goods,42,Fixed vegetable oils and fats,152039566.0,0.00043901249989158886,0.0018260905797530184,0.24041113007163423,-0.6123686344901622
GBR,2001,goods,43,"Animal and vegetable oils and fats, processed, and waxes",33011240.0,9.531957620111343e-05,0.00025104952835618377,0.37968434685077773,-0.4496069369527417
GBR,2001,goods,51,Organic chemicals,7554152686.0,0.02181252908367037,0.014734829916420106,1.480338029512174,0.19365829326361841
GBR,2001,goods,52,Inorganic chemicals,1740224070.0,0.005024877006964196,0.004893522901427896,1.0268424421796354,0.01324347745095047
GBR,2001,goods,53,"Dyeing, tanning and colouring materials",2139421016.0,0.006177553601769443,0.0041103251802033485,1.5029354931630552,0.20093825611441404
GBR,2001,goods,54,Medicinal and pharmaceutical products,9740182840.0,0.028124666035876187,0.012357829939887887,2.275857992275571,0.3894729244320196
GBR,2001,goods,55,Oils and perfume materials; toilet and cleansing preparations,3607309886.0,0.010416065847862935,0.005452026247741006,1.9104944427181967,0.31283153451681533
GBR,2001,goods,56,"Fertilizers, manufactured",231522637.0,0.0006685189541442316,0.0016222866328283589,0.4120843632784603,-0.4163459719620193
GBR,2001,goods,57,Explosives and pyrotechnic products,13501273.0,3.898477065797999e-05,0.00014783652014591634,0.2637018959828165,-0.5826517364243912
GBR,2001,goods,58,"Artificial resins and plastic materials, and cellulose esters etc",4738833641.0,0.013683327689226437,0.015985108447820178,0.8560046829768224,-0.07758348798572282
GBR,2001,goods,59,"Chemical materials and products, nes",3108512999.0,0.008975795567822721,0.005764110610696171,1.557186559044649,0.21789046132512555
GBR,2001,goods,61,"Leather, leather manufactures, nes, and dressed furskins",405603903.0,0.0011711766095268618,0.002583582428409759,0.4533149771605088,-0.3761641704867077
GBR,2001,goods,62,"Rubber manufactures, nes",1297062551.0,0.0037452532127740454,0.004309354139125592,0.8690984987216651,-0.07003456552335927
GBR,2001,goods,63,"Cork and wood, cork manufactures",552343638.0,0.0015948859083009669,0.003157242903965992,0.5051514745024971,-0.3287699171015774
GBR,2001,goods,64,"Paper, paperboard, and articles of pulp, of paper or of paperboard",2782669119.0,0.008034925108266327,0.011304763618686944,0.7107556937311342,-0.16907399889345276
GBR,2001,goods,65,"Textile yarn, fabrics, made-up articles, nes, and related products",3991008457.0,0.011523991062931888,0.01813261068636262,0.6355395404589468,-0.22283806078988613
GBR,2001,goods,66,"Non-metallic mineral manufactures, nes",6834132217.0,0.019733478252462366,0.014609800295828673,1.350701436904417,0.14919012316861788
GBR,2001,goods,67,Iron and steel,4186668689.0,0.012088957734697368,0.015792251954461684,0.7654992948160223,-0.13282401520778536
GBR,2001,goods,68,Non-ferrous metals,4057596944.0,0.011716264554043197,0.012949534168562348,0.9047633993265051,-0.04999917612191053
GBR,2001,goods,69,"Manufactures of metals, nes",5644994391.0,0.016299856443071584,0.015199717213501418,1.072378927457476,0.03492552761394606
GBR,2001,goods,71,Power generating machinery and equipment,16708320009.0,0.04824508204752272,0.019456829459058703,2.479596285152245,0.42522067616459336
GBR,2001,goods,72,Machinery specialized for particular industries,6618730794.0,0.019111509118510513,0.016962239923834155,1.1267090434003562,0.05957986768033082
GBR,2001,goods,73,Metalworking machinery,1581789473.0,0.004567398928538963,0.004889752846567386,0.9340756213773226,-0.03408572958265736
GBR,2001,goods,74,"General industrial machinery and equipment, nes, and parts of, nes",10172637930.0,0.029373375139345622,0.026595119523269456,1.104464866707793,0.04963963445548841
GBR,2001,goods,75,Office machines and automatic data processing equipment,22086293533.0,0.06377391880519945,0.04380268630134854,1.4559362493536399,0.18564661418782122
GBR,2001,goods,76,"Telecommunications, sound recording and reproducing equipment",12705532489.0,0.03668707907551967,0.026288166195049475,1.395573917302322,0.16512699292860122
GBR,2001,goods,77,"Electric machinery, apparatus and appliances, nes, and parts, nes",18618694281.0,0.053761265807737435,0.0554023620007205,0.9703785879569229,-0.015033360707492983
GBR,2001,goods,78,Road vehicles,19342776672.0,0.055852045392048986,0.06485288483576675,0.8612114254206045,-0.07456894616259488
GBR,2001,goods,79,Other transport equipment,1256281538.0,0.0036274985063100623,0.019671752569548076,0.1844013894280797,-0.6886167289669882
GBR,2001,goods,81,"Sanitary, plumbing, heating, lighting fixtures and fittings, nes",353031456.0,0.001019374272871362,0.0015979478673244626,0.6379271149678742,-0.22105555352457018
GBR,2001,goods,82,Furniture and parts thereof,1309346782.0,0.003780723788640828,0.006654260470514042,0.5681658849084348,-0.27537527709753745
GBR,2001,goods,83,"Travel goods, handbags and similar containers",185526785.0,0.0005357064599862074,0.001426286666397449,0.3755952240227473,-0.45391606853014727
GBR,2001,goods,84,Articles of apparel and clothing accessories,3918660303.0,0.011315086599536605,0.022000201372086473,0.5143174104712067,-0.32072707225737074
GBR,2001,goods,85,Footwear,629894218.0,0.001818812316995416,0.004501358170440323,0.40405856368845666,-0.4244420081353355
GBR,2001,goods,87,"Professional, scientific, controlling instruments, apparatus, nes",7769798276.0,0.02243520324702925,0.013923512812642999,1.6113177435120654,0.23410316306045534
GBR,2001,goods,88,"Photographic equipment and supplies, optical goods; watches, etc",2832967228.0,0.008180160320078952,0.007719076050831932,1.0597330906200007,0.02900040344645838
GBR,2001,goods,89,"Miscellaneous manufactured articles, nes",13084770913.0,0.03778212566737318,0.028098066194473005,1.3446521695078455,0.14699501017252795
GBR,2001,goods,94,"Animals, live, nes, (including zoo animals, pets, insects, etc)",11152747.0,3.220342881752516e-05,5.999772056262742e-05,0.5367442048720876,-0.3014527685604462
GBR,2001,goods,95,"Armoured fighting vehicles, war firearms, ammunition, parts, nes",43125306.0,0.00012452382556557508,0.0005006028865149229,0.24874771784174088,-0.6016045286206229
GBR,2001,goods,96,"Coin (other than gold coin), not being legal tender",20727869.0,5.985148357444909e-05,1.4520297852538794e-05,4.1219184470092936,0.6095213110689399
GBR,2001,goods,97,"Gold, non-monetary (excluding gold ores and concentrates)",2544943206.0,0.007348494265947686,0.002787011852517171,2.6366928649085866,0.45004979130942563
GBR,2001,services,financial,Financial services,37039002095.0,0.1069496929714713,0.028557385044512114,3.745080048637852,0.5785107986588908
GBR,2001,services,ict,ICT,23310207354.0,0.06730795590057682,0.12386968479177611,0.543377146827498,-0.29585954030167994
GBR,2001,services,transport,Transport,21792603481.0,0.06292589215454582,0.08301479640158646,0.7580081489345587,-0.1376511543544895
GBR,2001,services,travel,Travel & tourism,22791700011.0,0.0658107719053096,0.10103115847801528,0.651390847108125,-0.21110033006562362
GBR,2002,goods,00,Live animals chiefly for food,502196247.0,0.0014029724294089406,0.001115756294828742,1.257418341183801,0.11403218290891069
GBR,2002,goods,01,Meat and preparations,662544804.0,0.0018509339701619683,0.005047151188761732,0.3667284574877331,-0.4633484720705398
GBR,2002,goods,02,Dairy products and birds' eggs,1111483567.0,0.003105122369108635,0.0038078827642311127,0.8154458950985117,-0.10165772794428214
GBR,2002,goods,03,"Fish, crustacean and molluscs, and preparations thereof",1061509166.0,0.002965510201160222,0.006022737078852403,0.4923857977418603,-0.340136044597995
GBR,2002,goods,04,Cereals and cereal preparations,1307013694.0,0.0036513697354292134,0.0060417534735378135,0.6043559624572227,-0.2466061440235564
GBR,2002,goods,05,Vegetables and fruit,617534875.0,0.0017251909168956743,0.008273668525008297,0.20851583692059314,-0.6549224585224962
GBR,2002,goods,06,"Sugar, sugar preparations and honey",496292259.0,0.0013864786136207053,0.0017992359115425799,0.7705930082464861,-0.12956506135800683
GBR,2002,goods,07,"Coffee, tea, cocoa, spices, and manufactures thereof",1206480733.0,0.003370513449918493,0.0033683356941757157,1.000646537619912,0.00032316434100409776
GBR,2002,goods,08,Feeding stuff for animals (not including unmilled cereals),435607401.0,0.0012169449240218727,0.0025221738317417887,0.48249843397251585,-0.3490739377314433
GBR,2002,goods,09,Miscellaneous edible products and preparations,317083042.0,0.0008858265437398164,0.001034172551662791,0.8565558448786357,-0.0772635821955258
GBR,2002,goods,11,Beverages,4670294400.0,0.013047278468456916,0.004378235719584644,2.9800310682437834,0.49749135981430564
GBR,2002,goods,12,Tobacco and tobacco manufactures,1397262493.0,0.0039034954284041137,0.0023044981628114916,1.6938592060502418,0.25757070172482543
GBR,2002,goods,21,"Hides, skins and furskins, raw",249858941.0,0.0006980243431893173,0.0009598363568410648,0.7272326560817077,-0.1579215995933491
GBR,2002,goods,22,Oil seeds and oleaginous fruit,61521894.0,0.00017187209502786136,0.001757389758302077,0.09779964530686558,-0.8218260577420249
GBR,2002,goods,23,Crude rubber (including synthetic and reclaimed),369483597.0,0.0010322165942228637,0.0014095268366374578,0.73231425425379,-0.1545249339655858
GBR,2002,goods,24,Cork and wood,134216550.0,0.00037495724100938284,0.004184675148349391,0.08960247276476921,-0.8355318109045569
GBR,2002,goods,25,Pulp and waste paper,156774260.0,0.0004379761213567749,0.00213939001456694,0.20472009235091762,-0.660136668009874
GBR,2002,goods,26,Textile fibres (not wool tops) and their wastes (not in yarn),494094735.0,0.0013803394486958736,0.002238892402549609,0.6165278184534321,-0.23721966128207073
GBR,2002,goods,27,Crude fertilizer and crude minerals,595510448.0,0.001663661855220847,0.0016360817816575223,1.0168573929937557,0.008358247366579107
GBR,2002,goods,28,Metalliferous ores and metal scrap,1142086085.0,0.00319061581769765,0.0051272772058436455,0.6222826833043571,-0.23283076407268732
GBR,2002,goods,29,"Crude animal and vegetable materials, nes",342524846.0,0.00095690264153954,0.0020999475091153298,0.455679314547565,-0.37392898285541243
GBR,2002,goods,32,"Coal, coke and briquettes",100750586.0,0.0002814642587418508,0.002656960835809948,0.10593466600950074,-0.8084250918876781
GBR,2002,goods,33,"Petroleum, petroleum products and related materials",18116205170.0,0.0506107652752445,0.04741941282252056,1.067300547661111,0.03255479602965959
GBR,2002,goods,34,"Gas, natural and manufactured",2152155327.0,0.006012419657900357,0.007568662309189191,0.7943833946192337,-0.1145890036640681
GBR,2002,goods,35,Electric current,321687713.0,0.0008986904918439505,0.0015210830641358734,0.5908227584891929,-0.257211081075684
GBR,2002,goods,41,Animal oils and fats,55237006.0,0.00015431416894100413,0.00015211549579684816,1.0144539721784316,0.007175131513578864
GBR,2002,goods,42,Fixed vegetable oils and fats,252030515.0,0.0007040910122825679,0.002230773966429101,0.315626335468509,-0.5201884806355583
GBR,2002,goods,43,"Animal and vegetable oils and fats, processed, and waxes",37471390.0,0.00010468283539687601,0.00028522642090249794,0.3670166146096995,-0.46304000889632585
GBR,2002,goods,51,Organic chemicals,7418530346.0,0.020724952853284802,0.015097415155064747,1.3727484235162055,0.15709563636073348
GBR,2002,goods,52,Inorganic chemicals,1680620435.0,0.004695105048457801,0.00478611280874783,0.9809850365157107,-0.009598741602679706
GBR,2002,goods,53,"Dyeing, tanning and colouring materials",2300146574.0,0.006425858907148368,0.004196228377886419,1.531341559246826,0.20990512216965343
GBR,2002,goods,54,Medicinal and pharmaceutical products,11170230994.0,0.03120598014885449,0.014115415416044602,2.210773061158619,0.3770970536054352
GBR,2002,goods,55,Oils and perfume materials; toilet and cleansing preparations,3891013413.0,0.010870221698210707,0.0057469787983887785,1.8914671655406627,0.3083096277781772
GBR,2002,goods,56,"Fertilizers, manufactured",254427398.0,0.0007107871211953829,0.0015644688844363044,0.45433126108576294,-0.3752025095760206
GBR,2002,goods,57,Explosives and pyrotechnic products,16351196.0,4.567990564027802e-05,0.00015468994810219287,0.29529976705467953,-0.5440441285245536
GBR,2002,goods,58,"Artificial resins and plastic materials, and cellulose esters etc",5515200809.0,0.015407671251834117,0.016405125884805895,0.9391985992685615,-0.031353880285583904
GBR,2002,goods,59,"Chemical materials and products, nes",3285761185.0,0.009179344488763274,0.0058760074444808765,1.5621737336948243,0.21941280807844846
GBR,2002,goods,61,"Leather, leather manufactures, nes, and dressed furskins",426821372.0,0.0011923996261933379,0.002367847025166602,0.5035796711189315,-0.330158978879811
GBR,2002,goods,62,"Rubber manufactures, nes",1260907720.0,0.0035225646901118485,0.004364976652568745,0.8070065364585294,-0.10680285856613989
GBR,2002,goods,63,"Cork and wood, cork manufactures",600792209.0,0.001678417371826146,0.0031583024661294974,0.5314302191845001,-0.30596874408356484
GBR,2002,goods,64,"Paper, paperboard, and articles of pulp, of paper or of paperboard",2815660247.0,0.00786603587884592,0.01111389344066608,0.7077659976533383,-0.17112063523235851
GBR,2002,goods,65,"Textile yarn, fabrics, made-up articles, nes, and related products",3995288926.0,0.011161533452680018,0.017692516621590215,0.6308618322313501,-0.22634545764284275
GBR,2002,goods,66,"Non-metallic mineral manufactures, nes",9107737769.0,0.02544404714397138,0.015039528129715795,1.6918115332154509,0.25700593250265963
GBR,2002,goods,67,Iron and steel,4383480478.0,0.012246013968093881,0.016239825231940567,0.7540730145302526,-0.14020339143955626
GBR,2002,goods,68,Non-ferrous metals,3560779907.0,0.009947657049524569,0.011675004014686057,0.8520474200275522,-0.07988595668368297
GBR,2002,goods,69,"Manufactures of metals, nes",5545445336.0,0.015492164590394479,0.015113673724785831,1.0250429427352223,0.012366623051162005
GBR,2002,goods,71,Power generating machinery and equipment,15805563796.0,0.04415558732172708,0.01874097611937979,2.356098585284807,0.4040699493247232
GBR,2002,goods,72,Machinery specialized for particular industries,6674835114.0,0.018647311069596034,0.016650480556520696,1.119926299201817,0.056570975720698906
GBR,2002,goods,73,Metalworking machinery,1372030551.0,0.0038330056165468665,0.004389485176642052,0.8732244129547576,-0.0676777358700291
GBR,2002,goods,74,"General industrial machinery and equipment, nes, and parts of, nes",9975795408.0,0.027869116908889036,0.02614647106979884,1.0658844489756012,0.03189164283039691
GBR,2002,goods,75,Office machines and automatic data processing equipment,17489213323.0,0.04885915466473114,0.03923298102453683,1.2453592204521489,0.10927392740424884
GBR,2002,goods,76,"Telecommunications, sound recording and reproducing equipment",14809544007.0,0.04137303306836423,0.02734749273493349,1.5128638471312075,0.20409535825696037
GBR,2002,goods,77,"Electric machinery, apparatus and appliances, nes, and parts, nes",17470283995.0,0.04880627229962012,0.053706275286783636,0.908762933921628,-0.0477990558476122
GBR,2002,goods,78,Road vehicles,23921796705.0,0.06682969345057778,0.06751937054868208,0.9897854927778534,-0.005133471552195574
GBR,2002,goods,79,Other transport equipment,1158237603.0,0.0032357378881680454,0.01863876994355821,0.1736025444794095,-0.7041544511026657
GBR,2002,goods,81,"Sanitary, plumbing, heating, lighting fixtures and fittings, nes",381813927.0,0.0010666635124124255,0.0016418114046919793,0.649686991675236,-0.21235119758629215
GBR,2002,goods,82,Furniture and parts thereof,1200159364.0,0.0033528536078226987,0.0067672470365012895,0.4954531125785746,-0.3373872996602662
GBR,2002,goods,83,"Travel goods, handbags and similar containers",187368465.0,0.0005234463461366211,0.001334888828972322,0.39212729537904795,-0.4366502306496624
GBR,2002,goods,84,Articles of apparel and clothing accessories,4032536575.0,0.011265591228737635,0.021983101527216206,0.5124659600370883,-0.32234380993999795
GBR,2002,goods,85,Footwear,600602037.0,0.0016778860933181138,0.004397667902293881,0.38153997313960575,-0.4476598859857226
GBR,2002,goods,87,"Professional, scientific, controlling instruments, apparatus, nes",7622499902.0,0.02129477723014197,0.013603756886395176,1.5653600257615907,0.2203823323370565
GBR,2002,goods,88,"Photographic equipment and supplies, optical goods; watches, etc",2490331945.0,0.006957174769391183,0.007316479586828061,0.9508910244096439,-0.025172587794962502
GBR,2002,goods,89,"Miscellaneous manufactured articles, nes",15660921099.0,0.043751502828426686,0.02897060355569027,1.5102033599100915,0.20325180344287544
GBR,2002,goods,94,"Animals, live, nes, (including zoo animals, pets, insects, etc)",12831408.0,3.5846766601776926e-05,6.117569391317265e-05,0.5859642009562597,-0.2610625125044416
GBR,2002,goods,95,"Armoured fighting vehicles, war firearms, ammunition, parts, nes",47103904.0,0.00013159293607689092,0.0005354204753411656,0.24577494163449942,-0.6054264162481319
GBR,2002,goods,96,"Coin (other than gold coin), not being legal tender",23195218.0,6.479986965758824e-05,1.4662159697440382e-05,4.419531023720915,0.6309643784220189
GBR,2002,goods,97,"Gold, non-monetary (excluding gold ores and concentrates)",1215866156.0,0.0033967332589791934,0.002844974045581668,1.1939417388550255,0.08839876438844718
GBR,2002,services,financial,Financial services,39133104240.0,0.10932512270627566,0.03090280052518005,3.537709231795868,0.5592489739126654
GBR,2002,services,ict,ICT,23191196055.0,0.06478863365576365,0.12852314848572496,0.5041008909220716,-0.32969803559781374
GBR,2002,services,transport,Transport,22562484211.0,0.0630322179349292,0.08276070678818463,0.7616201018709524,-0.13531856151952001
GBR,2002,services,travel,Travel & tourism,25316192000.0,0.07072517886343979,0.10215838948635889,0.6923090626138312,-0.18181722486962829
GBR,2003,goods,00,Live animals chiefly for food,655892099.0,0.0016361826452705919,0.0010053591429622561,1.6274608499104468,0.23880882941865064
GBR,2003,goods,01,Meat and preparations,876522200.0,0.002186564549292427,0.005127196630309392,0.4264639542721189,-0.40206837614802476
GBR,2003,goods,02,Dairy products and birds' eggs,1448928213.0,0.003614483540765341,0.004027724964637853,0.8974007839411478,-0.05407356048717359
GBR,2003,goods,03,"Fish, crustacean and molluscs, and preparations thereof",1387767720.0,0.003461913114356235,0.005876709025525187,0.5890904414902272,-0.2585816060440383
GBR,2003,goods,04,Cereals and cereal preparations,1701002341.0,0.004243305437208581,0.005969291572832786,0.710855783376465,-0.16900560493351077
GBR,2003,goods,05,Vegetables and fruit,719818860.0,0.001795653779434324,0.008553191981449913,0.2099396089002471,-0.6529750619684764
GBR,2003,goods,06,"Sugar, sugar preparations and honey",561518182.0,0.0014007583042897633,0.0017430737591797086,0.8036139015419295,-0.10888477755143597
GBR,2003,goods,07,"Coffee, tea, cocoa, spices, and manufactures thereof",1361512697.0,0.0033964175655467953,0.00353129194236557,0.9618059398599528,-0.019468826841646622
GBR,2003,goods,08,Feeding stuff for animals (not including unmilled cereals),500891342.0,0.0012495191239476977,0.002444282664685525,0.5112007469514406,-0.3234509075214651
GBR,2003,goods,09,Miscellaneous edible products and preparations,360907683.0,0.0009003171228464824,0.001071569474958818,0.8401854885620766,-0.08684695778293668
GBR,2003,goods,11,Beverages,5341704808.0,0.013325369700799032,0.004559477623239908,2.9225649957966437,0.4901295447894
GBR,2003,goods,12,Tobacco and tobacco manufactures,1436182198.0,0.0035826874441647646,0.002058758545470801,1.7402174004555104,0.27013090287378766
GBR,2003,goods,21,"Hides, skins and furskins, raw",305337876.0,0.0007616931724237525,0.0009270580554247057,0.8216240266363946,-0.0979213991226139
GBR,2003,goods,22,Oil seeds and oleaginous fruit,83053062.0,0.00020718343594650082,0.0020841222487790892,0.09941040458057201,-0.8191568786935443
GBR,2003,goods,23,Crude rubber (including synthetic and reclaimed),445434202.0,0.0011111762316294575,0.0016010713980405971,0.6940204121998077,-0.18062331811153073
GBR,2003,goods,24,Cork and wood,163143477.0,0.00040697627881701616,0.00393387122772505,0.10345439778219932,-0.8124899443236997
GBR,2003,goods,25,Pulp and waste paper,267788486.0,0.0006680227953111641,0.0021466188015940766,0.3111976820547231,-0.5253230137395328
GBR,2003,goods,26,Textile fibres (not wool tops) and their wastes (not in yarn),558333375.0,0.0013928135128372043,0.002275387924658647,0.6121213432413524,-0.2406014028564213
GBR,2003,goods,27,Crude fertilizer and crude minerals,713769574.0,0.0017805632839327486,0.0016436491615804956,1.0832988727476365,0.039984120299443475
GBR,2003,goods,28,Metalliferous ores and metal scrap,1583968382.0,0.003951353555313584,0.005491330927730221,0.7195620892851254,-0.16308681870944317
GBR,2003,goods,29,"Crude animal and vegetable materials, nes",354647704.0,0.0008847010344453956,0.002137726190292224,0.41385142702698435,-0.41457579047436116
GBR,2003,goods,32,"Coal, coke and briquettes",98123767.0,0.0002447786837175717,0.0026031493508095757,0.09403174798305208,-0.8281005132503544
GBR,2003,goods,33,"Petroleum, petroleum products and related materials",19653360384.0,0.04902709947349034,0.0510633418883644,0.9601232050317872,-0.02034402473571357
GBR,2003,goods,34,"Gas, natural and manufactured",2591998485.0,0.0064659765595448445,0.008906273356197522,0.726002481727717,-0.15874688546102977
GBR,2003,goods,35,Electric current,346648992.0,0.0008647475180379391,0.001673034169468737,0.5168737936252282,-0.3185012546232552
GBR,2003,goods,41,Animal oils and fats,41183750.0,0.0001027366195139404,0.00015553101651697048,0.6605538998887112,-0.20441739357815378
GBR,2003,goods,42,Fixed vegetable oils and fats,314737995.0,0.0007851426263731564,0.0024923851049802634,0.3150165778170841,-0.5208933740744032
GBR,2003,goods,43,"Animal and vegetable oils and fats, processed, and waxes",38126127.0,9.510910014603261e-05,0.0002988964959805136,0.31820078664365875,-0.5172195467219426
GBR,2003,goods,51,Organic chemicals,8541626725.0,0.021307866691994536,0.015886603786645304,1.341247442068549,0.14575453919857723
GBR,2003,goods,52,Inorganic chemicals,1854466999.0,0.004626137019514296,0.004803236218671392,0.9631291922581974,-0.018781651196063134
GBR,2003,goods,53,"Dyeing, tanning and colouring materials",2557100680.0,0.006378920802986574,0.004161906494938226,1.5326920032309026,0.21032640469167135
GBR,2003,goods,54,Medicinal and pharmaceutical products,14341128821.0,0.03577525346971759,0.014945872688129865,2.3936543697532358,0.4106647931429072
GBR,2003,goods,55,Oils and perfume materials; toilet and cleansing preparations,4617020676.0,0.011517579056744661,0.006077502816725597,1.8951170248819462,0.3091816383202839
GBR,2003,goods,56,"Fertilizers, manufactured",251503448.0,0.0006273982831485743,0.0016797658837081908,0.3735034085604551,-0.4561303507037998
GBR,2003,goods,57,Explosives and pyrotechnic products,21303065.0,5.3142438058354104e-05,0.0001647688242833376,0.3225272638164244,-0.5122561588852156
GBR,2003,goods,58,"Artificial resins and plastic materials, and cellulose esters etc",6651878937.0,0.016593718527413443,0.016940970425707857,0.9795022428132298,-0.010355005790566394
GBR,2003,goods,59,"Chemical materials and products, nes",3824153194.0,0.009539698829149797,0.005916733806429426,1.612325168116144,0.2343985257232418
GBR,2003,goods,61,"Leather, leather manufactures, nes, and dressed furskins",377287363.0,0.0009411777281075405,0.0022022754969518352,0.42736602637146104,-0.40118229175192327
GBR,2003,goods,62,"Rubber manufactures, nes",1445250452.0,0.003605309030612181,0.004499343926230915,0.8012966089552385,-0.11031131133923056
GBR,2003,goods,63,"Cork and wood, cork manufactures",694530181.0,0.0017325688638442386,0.0032189051761050192,0.5382478728188892,-0.3001805725464356
GBR,2003,goods,64,"Paper, paperboard, and articles of pulp, of paper or of paperboard",3086353594.0,0.007699190454299585,0.010944634466222198,0.7034671169750948,-0.17407608287236495
GBR,2003,goods,65,"Textile yarn, fabrics, made-up articles, nes, and related products",4401020576.0,0.010978747112381336,0.01726855564750287,0.6357652218568103,-0.22266934965748628
GBR,2003,goods,66,"Non-metallic mineral manufactures, nes",10410630172.0,0.02597026620647979,0.014681983543532765,1.7688526982390862,0.2776791624661201
GBR,2003,goods,67,Iron and steel,5280644176.0,0.013173048386759763,0.01767617122736495,0.7452433118754935,-0.14597201799371853
GBR,2003,goods,68,Non-ferrous metals,3787066063.0,0.009447181599261535,0.011514022269903963,0.8204936014371921,-0.09860314720199856
GBR,2003,goods,69,"Manufactures of metals, nes",6119974138.0,0.01526683350716876,0.015129915095016351,1.009049516226136,0.00450437689715823
GBR,2003,goods,71,Power generating machinery and equipment,17559356480.0,0.0438034158034517,0.01808179238341379,2.4225151397951037,0.4156344330679179
GBR,2003,goods,72,Machinery specialized for particular industries,7577917267.0,0.01890380557787715,0.01689142043246877,1.1191365257560084,0.056219372517070876
GBR,2003,goods,73,Metalworking machinery,1508997974.0,0.0037643330367473807,0.004429271764159375,0.8498762860313693,-0.08115338041912978
GBR,2003,goods,74,"General industrial machinery and equipment, nes, and parts of, nes",11474922650.0,0.028625240835158206,0.02684629660875927,1.0662640457387522,0.032069495607499096
GBR,2003,goods,75,Office machines and automatic data processing equipment,16324119415.0,0.040722004315755185,0.0380114103535379,1.071310007626828,0.034427491473635274
GBR,2003,goods,76,"Telecommunications, sound recording and reproducing equipment",11429764644.0,0.02851259007167916,0.027394686727158706,1.04080730528713,0.019995667979730552
GBR,2003,goods,77,"Electric machinery, apparatus and appliances, nes, and parts, nes",15364752448.0,0.03832877594138612,0.054415505195304185,0.7043723255682228,-0.1734525197322818
GBR,2003,goods,78,Road vehicles,27179995262.0,0.06780297645607301,0.06819115157053601,0.994307544226446,-0.002854352023103856
GBR,2003,goods,79,Other transport equipment,1615989338.0,0.0040312327497299405,0.017517089588453775,0.2301314227671182,-0.6258425424993221
GBR,2003,goods,81,"Sanitary, plumbing, heating, lighting fixtures and fittings, nes",439247397.0,0.0010957426824433844,0.0017387526119316036,0.6301889497817111,-0.22685164825084114
GBR,2003,goods,82,Furniture and parts thereof,1298888761.0,0.0032401964471372928,0.006904272681929785,0.46930308178842656,-0.3611895495145988
GBR,2003,goods,83,"Travel goods, handbags and similar containers",215522595.0,0.0005376407646018655,0.0013134755446802216,0.40932681752575706,-0.41911725167569075
GBR,2003,goods,84,Articles of apparel and clothing accessories,4534374891.0,0.011311411610410223,0.021955419843016574,0.5151990575123562,-0.31995858239483516
GBR,2003,goods,85,Footwear,618790833.0,0.001543630154336,0.004315501480251841,0.3576942706194873,-0.47308568893602404
GBR,2003,goods,87,"Professional, scientific, controlling instruments, apparatus, nes",8038358331.0,0.02005241779509297,0.014438894714199972,1.3887778941536544,0.162751796684471
GBR,2003,goods,88,"Photographic equipment and supplies, optical goods; watches, etc",2850528064.0,0.007110902167116331,0.007087653746540467,1.0032801292793418,0.0016373792318909678
GBR,2003,goods,89,"Miscellaneous manufactured articles, nes",16973244140.0,0.04234130512953285,0.029014269829228573,1.4593269235705117,0.18676936326287583
GBR,2003,goods,94,"Animals, live, nes, (including zoo animals, pets, insects, etc)",17794750.0,4.439062640229923e-05,6.0393365968253155e-05,0.7350248771633949,-0.152721223957212
GBR,2003,goods,95,"Armoured fighting vehicles, war firearms, ammunition, parts, nes",56408302.0,0.00014071565265429795,0.0004941738721815865,0.2847492766727888,-0.5567239743302673
GBR,2003,goods,96,"Coin (other than gold coin), not being legal tender",30022463.0,7.489377140504092e-05,1.7786914014139452e-05,4.210610752686227,0.6161678361852418
GBR,2003,goods,97,"Gold, non-monetary (excluding gold ores and concentrates)",640615391.0,0.0015980735042326443,0.003267360024216189,0.48910236165847937,-0.34309101341596915
GBR,2003,services,financial,Financial services,48929378863.0,0.12205879696000169,0.031192701222081152,3.913056329780022,0.5929214188167983
GBR,2003,services,ict,ICT,29776836559.0,0.07428103385172,0.12207402884297948,0.6084917042204422,-0.24340087968890262
GBR,2003,services,transport,Transport,26114493287.0,0.06514498462684602,0.08186341966807012,0.7957764883386013,-0.11372434876365947
GBR,2003,services,travel,Travel & tourism,28121724237.0,0.070152205251164,0.09936872857508738,0.7059786942745665,-0.17234758365517583
GBR,2004,goods,00,Live animals chiefly for food,734524804.0,0.0015263658062293647,0.0009065384851483417,1.6837297381584384,0.2547684770328663
GBR,2004,goods,01,Meat and preparations,1148116704.0,0.0023858228735136916,0.004949767859732313,0.48200702358649977,-0.34952126958207147
GBR,2004,goods,02,Dairy products and birds' eggs,1868991746.0,0.00388382404199834,0.003984314156230612,0.9747785665758492,-0.012771777986168513
GBR,2004,goods,03,"Fish, crustacean and molluscs, and preparations thereof",1560881188.0,0.0032435605441444955,0.005457790445894459,0.5942992088647183,-0.2544696684784636
GBR,2004,goods,04,Cereals and cereal preparations,1734865714.0,0.003605105899526972,0.005601556559176998,0.6435900202811927,-0.2168484690956149
GBR,2004,goods,05,Vegetables and fruit,905333973.0,0.001881312669197457,0.007922981186318635,0.23745009926895932,-0.6162267886046698
GBR,2004,goods,06,"Sugar, sugar preparations and honey",669845987.0,0.0013919611760268883,0.00156126423472622,0.8915602785655176,-0.057328187033362066
GBR,2004,goods,07,"Coffee, tea, cocoa, spices, and manufactures thereof",1548693977.0,0.0032182351336989927,0.0032777153541010376,0.9818531464827707,-0.009156507660234499
GBR,2004,goods,08,Feeding stuff for animals (not including unmilled cereals),557589306.0,0.0011586882375691182,0.0023773372950633776,0.4873890802012714,-0.3446380820070043
GBR,2004,goods,09,Miscellaneous edible products and preparations,469765896.0,0.0009761884100881907,0.0010396568620735045,0.9389525002905944,-0.03148478351081643
GBR,2004,goods,11,Beverages,5761113090.0,0.011971775464231154,0.004243092387805927,2.821474144337846,0.4766417553908261
GBR,2004,goods,12,Tobacco and tobacco manufactures,1345939773.0,0.0027969054762530705,0.0018470708978887385,1.5142382890933008,0.2045304501661807
GBR,2004,goods,21,"Hides, skins and furskins, raw",311717232.0,0.0006477582806546938,0.0008363067018495226,0.7745463228049625,-0.12704862887922297
GBR,2004,goods,22,Oil seeds and oleaginous fruit,86141235.0,0.0001790042145538875,0.0018448584867667313,0.09702869669294112,-0.8231063654297469
GBR,2004,goods,23,Crude rubber (including synthetic and reclaimed),549007848.0,0.0011408556960572954,0.0016991545070723492,0.6714255185792344,-0.19658338213004223
GBR,2004,goods,24,Cork and wood,216678106.0,0.00045026396679306933,0.003961370855762626,0.11366367431569,-0.7958743255489004
GBR,2004,goods,25,Pulp and waste paper,427346705.0,0.0008880399877099147,0.0020238865626295887,0.4387795265343849,-0.3900670416248119
GBR,2004,goods,26,Textile fibres (not wool tops) and their wastes (not in yarn),703685705.0,0.0014622811817862095,0.0022171366233948945,0.6595358925365432,-0.2051562180695406
GBR,2004,goods,27,Crude fertilizer and crude minerals,787243010.0,0.0016359159079631052,0.0015982854392266384,1.0235442730146345,0.011635165747848302
GBR,2004,goods,28,Metalliferous ores and metal scrap,2439962749.0,0.005070319869752148,0.007032568610860704,0.7209769502883812,-0.1621306140473662
GBR,2004,goods,29,"Crude animal and vegetable materials, nes",447780006.0,0.0009305010343416256,0.0019681065306168598,0.4727899734421289,-0.35796687651648185
GBR,2004,goods,32,"Coal, coke and briquettes",145149395.0,0.0003016250399120348,0.0033631099370273238,0.08968634554320971,-0.8353905306604517
GBR,2004,goods,33,"Petroleum, petroleum products and related materials",25924673329.0,0.05387229225148399,0.057114879141117215,0.9432269324842382,-0.029215871068224982
GBR,2004,goods,34,"Gas, natural and manufactured",2676685873.0,0.005562238018805415,0.008922703245149792,0.6233803664633742,-0.23199715933309756
GBR,2004,goods,35,Electric current,276350483.0,0.0005742650561139789,0.001602728612355246,0.3583046135740245,-0.4724237700537006
GBR,2004,goods,41,Animal oils and fats,79429182.0,0.00016505635583896353,0.000166382010449619,0.9920324642846116,-0.003999701740930101
GBR,2004,goods,42,Fixed vegetable oils and fats,290306170.0,0.0006032654156978055,0.0024956614217371167,0.24172566456466668,-0.6106617243037936
GBR,2004,goods,43,"Animal and vegetable oils and fats, processed, and waxes",48157383.0,0.00010007256709154141,0.000320111460779331,0.3126178826834522,-0.5236726745725093
GBR,2004,goods,51,Organic chemicals,9823019658.0,0.020412545959292164,0.016496354177592633,1.2373974115455755,0.10610426664504959
GBR,2004,goods,52,Inorganic chemicals,2179871143.0,0.0045298412749875255,0.004812948715616638,0.9411779644128536,-0.03030223743804872
GBR,2004,goods,53,"Dyeing, tanning and colouring materials",2983028667.0,0.006198828047079486,0.003939447667749606,1.5735271971820715,0.22285647410684647
GBR,2004,goods,54,Medicinal and pharmaceutical products,16361995226.0,0.03400074428889471,0.015035847703633,2.2613120962032203,0.38674989053382053
GBR,2004,goods,55,Oils and perfume materials; toilet and cleansing preparations,5361547179.0,0.011141464846313225,0.005855180513514327,1.9028388314583364,0.3110192759150758
GBR,2004,goods,56,"Fertilizers, manufactured",274422790.0,0.0005702592490070106,0.0017419636759803947,0.3273657521509815,-0.5067437115648209
GBR,2004,goods,57,Explosives and pyrotechnic products,19469535.0,4.0458310359776275e-05,0.00015993171306670324,0.2529724066852344,-0.5962043452265987
GBR,2004,goods,58,"Artificial resins and plastic materials, and cellulose esters etc",7948353658.0,0.016516930637769572,0.017532687365805804,0.9420649723089642,-0.02983166295520768
GBR,2004,goods,59,"Chemical materials and products, nes",4473387240.0,0.009295840363695537,0.005786487182834819,1.6064738536483674,0.2326798148385283
GBR,2004,goods,61,"Leather, leather manufactures, nes, and dressed furskins",412704118.0,0.0008576122281709209,0.002028006093790589,0.42288444339333303,-0.40559552062453247
GBR,2004,goods,62,"Rubber manufactures, nes",1694334656.0,0.003520881077322739,0.004486708171990063,0.7847359227201678,-0.12061396565142365
GBR,2004,goods,63,"Cork and wood, cork manufactures",795984543.0,0.0016540810903947465,0.0033024302480714066,0.5008678355464788,-0.33256237000493977
GBR,2004,goods,64,"Paper, paperboard, and articles of pulp, of paper or of paperboard",3455842764.0,0.007181350715386838,0.010220120663742978,0.702667899104507,-0.17462718422768786
GBR,2004,goods,65,"Textile yarn, fabrics, made-up articles, nes, and related products",4979077778.0,0.010346681317647762,0.016042446178191658,0.6449565859671199,-0.21583755891292372
GBR,2004,goods,66,"Non-metallic mineral manufactures, nes",11805893335.0,0.024533020260722415,0.014652203885855641,1.67435700812252,0.2521566889066689
GBR,2004,goods,67,Iron and steel,7644976001.0,0.0158865022580919,0.021636896972405447,0.7342320055575762,-0.1532482352942023
GBR,2004,goods,68,Non-ferrous metals,5627566393.0,0.011694261198238206,0.013106363449691719,0.8922582715736662,-0.056938172787973654
GBR,2004,goods,69,"Manufactures of metals, nes",7449965779.0,0.015481264840505663,0.01531114449783037,1.0111108834940066,0.005524749323967192
GBR,2004,goods,71,Power generating machinery and equipment,19627472761.0,0.040786510029263305,0.016579593084069585,2.460042886604546,0.42197248255420733
GBR,2004,goods,72,Machinery specialized for particular industries,9306076954.0,0.019338322648018734,0.017096862608010296,1.1311035885003988,0.06151910644224148
GBR,2004,goods,73,Metalworking machinery,1728457232.0,0.003591788870964603,0.004559549953863208,0.7877507445491102,-0.11872418797645155
GBR,2004,goods,74,"General industrial machinery and equipment, nes, and parts of, nes",13749201369.0,0.02857127590289459,0.027396995939797452,1.0428616321905335,0.020981172447090093
GBR,2004,goods,75,Office machines and automatic data processing equipment,17240248729.0,0.03582578288375251,0.03661165457883888,0.9785349309085694,-0.010848971507201847
GBR,2004,goods,76,"Telecommunications, sound recording and reproducing equipment",11038286569.0,0.022937909089701013,0.02906806373272078,0.7891103205433222,-0.1178740500432831
GBR,2004,goods,77,"Electric machinery, apparatus and appliances, nes, and parts, nes",18446248691.0,0.038331889000640995,0.054015703004546084,0.7096434345659612,-0.16983457460400422
GBR,2004,goods,78,Road vehicles,32926861148.0,0.06842306030930083,0.06601682712383382,1.0364487857156996,0.017898208867987764
GBR,2004,goods,79,Other transport equipment,1799587011.0,0.0037395988045148547,0.014493203198706036,0.2580243134139407,-0.5897943932200611
GBR,2004,goods,81,"Sanitary, plumbing, heating, lighting fixtures and fittings, nes",540951820.0,0.0011241150147266398,0.0016824676292128851,0.6681347059571889,-0.198943941911684
GBR,2004,goods,82,Furniture and parts thereof,1641267655.0,0.00341060616853213,0.0066873256119835125,0.5100104834764458,-0.3244941156934672
GBR,2004,goods,83,"Travel goods, handbags and similar containers",283717278.0,0.0005895734894415776,0.001320185499465303,0.4465838245309955,-0.3825676508227448
GBR,2004,goods,84,Articles of apparel and clothing accessories,5433565102.0,0.011291120371224348,0.020383655815844892,0.5539300934647545,-0.2870591852305633
GBR,2004,goods,85,Footwear,725047869.0,0.001506672435150424,0.004038802543373958,0.3730492934402709,-0.4566119436170134
GBR,2004,goods,87,"Professional, scientific, controlling instruments, apparatus, nes",9054209950.0,0.018814935036695762,0.015157716476011272,1.2412776730896395,0.10765184340458546
GBR,2004,goods,88,"Photographic equipment and supplies, optical goods; watches, etc",3023899188.0,0.0062837582841490285,0.006712934187492979,0.9360673155200064,-0.033021932640199515
GBR,2004,goods,89,"Miscellaneous manufactured articles, nes",19590247600.0,0.040709154965727856,0.027716947200118795,1.4687459867713488,0.18987210076820402
GBR,2004,goods,94,"Animals, live, nes, (including zoo animals, pets, insects, etc)",19896811.0,4.1346203420256856e-05,5.430682622340097e-05,0.7613444993115921,-0.13549620802840362
GBR,2004,goods,95,"Armoured fighting vehicles, war firearms, ammunition, parts, nes",78757820.0,0.00016366124433990823,0.0004867190918343078,0.33625400582318415,-0.49672142518137674
GBR,2004,goods,96,"Coin (other than gold coin), not being legal tender",44707569.0,9.29037443386867e-05,1.848677918211218e-05,5.025415375144441,0.6680726762423319
GBR,2004,goods,97,"Gold, non-monetary (excluding gold ores and concentrates)",1471309115.0,0.003057426939566752,0.0030474945216416227,1.0032592078031952,0.0016269526132713082
GBR,2004,services,financial,Financial services,60815055749.0,0.12637561195170496,0.032783767411044204,3.8548227348981103,0.5880385115560816
GBR,2004,services,ict,ICT,38215396409.0,0.0794128040776116,0.12161566352494255,0.6529817112030522,-0.20993474183352304
GBR,2004,services,transport,Transport,32485540119.0,0.06750598123373082,0.08396327814779442,0.803994111746149,-0.10865106874663247
GBR,2004,services,travel,Travel & tourism,34931191740.0,0.0725881227596742,0.09600829076112814,0.7560609837360389,-0.13891261096467056
GBR,2005,goods,00,Live animals chiefly for food,685543868.0,0.0012914785897180797,0.0008769221150318905,1.4727403581002325,0.1911807507616495
GBR,2005,goods,01,Meat and preparations,1186515530.0,0.002235246313023691,0.005034094042106939,0.4440215646206253,-0.3850208674171994
GBR,2005,goods,02,Dairy products and birds' eggs,1660284083.0,0.003127766793830056,0.00379688548929128,0.8237716946301373,-0.09662849022646003
GBR,2005,goods,03,"Fish, crustacean and molluscs, and preparations thereof",1591779349.0,0.00299871247450044,0.00524890201691504,0.5713028105376763,-0.27282913680758325
GBR,2005,goods,04,Cereals and cereal preparations,1700352185.0,0.003203250068174857,0.005104702963524268,0.6275095908740879,-0.22887140648176363
GBR,2005,goods,05,Vegetables and fruit,866888356.0,0.0016331088405999784,0.007746036682143736,0.21083153974272315,-0.6517574364018953
GBR,2005,goods,06,"Sugar, sugar preparations and honey",638738018.0,0.0012033022439432884,0.0016213272593073595,0.7421711052075607,-0.14799286592560137
GBR,2005,goods,07,"Coffee, tea, cocoa, spices, and manufactures thereof",1601430142.0,0.0030168933570304856,0.003251488910192452,0.9278498067680382,-0.03742521485785175
GBR,2005,goods,08,Feeding stuff for animals (not including unmilled cereals),542235149.0,0.001021502952931515,0.002112444980486904,0.48356428800151074,-0.34810470714024316
GBR,2005,goods,09,Miscellaneous edible products and preparations,454557561.0,0.0008563293834698409,0.0010150705543019094,0.8436156283331074,-0.0848248242548727
GBR,2005,goods,11,Beverages,5959767863.0,0.01122745451317256,0.003974381247484425,2.8249565942570176,0.4771182493932348
GBR,2005,goods,12,Tobacco and tobacco manufactures,1075604235.0,0.0020263033561443715,0.0017220770933779885,1.1766623944632,0.08116205568331498
GBR,2005,goods,21,"Hides, skins and furskins, raw",231034047.0,0.00043523914241534804,0.0007372609367621987,0.5903461321669523,-0.2575878669097444
GBR,2005,goods,22,Oil seeds and oleaginous fruit,105759451.0,0.00019923752950385716,0.0016045838661049598,0.12416772579640567,-0.7790939502227032
GBR,2005,goods,23,Crude rubber (including synthetic and reclaimed),559307487.0,0.0010536650946012447,0.001736021654922195,0.6069423682669833,-0.24459970655756127
GBR,2005,goods,24,Cork and wood,231440479.0,0.0004360048092831848,0.0037102341629468238,0.1175140948346213,-0.7896865992513284
GBR,2005,goods,25,Pulp and waste paper,483031600.0,0.0009099708985468857,0.0018611009440532482,0.48894225832000354,-0.3432354336269767
GBR,2005,goods,26,Textile fibres (not wool tops) and their wastes (not in yarn),697513609.0,0.0013140280791782797,0.0019275903690275946,0.6816946693094151,-0.18927652950300208
GBR,2005,goods,27,Crude fertilizer and crude minerals,779929950.0,0.0014692901197460532,0.0015334435165148869,0.9581638344823828,-0.021364997545609374
GBR,2005,goods,28,Metalliferous ores and metal scrap,2560576161.0,0.004823804053446824,0.008484157191389076,0.5685660867225214,-0.2750498795871258
GBR,2005,goods,29,"Crude animal and vegetable materials, nes",489576401.0,0.0009223004820498709,0.001847273108619936,0.4992767326856746,-0.3339765477567127
GBR,2005,goods,32,"Coal, coke and briquettes",136102736.0,0.0002564004693949828,0.0038010283580492015,0.06745555287742577,-0.8736143107868181
GBR,2005,goods,33,"Petroleum, petroleum products and related materials",31203704036.0,0.05878386134495135,0.07185920701435906,0.8180421658870384,-0.1000844961283848
GBR,2005,goods,34,"Gas, natural and manufactured",2623064275.0,0.004941523815973914,0.010525558579311478,0.4694785344396573,-0.36102702634077033
GBR,2005,goods,35,Electric current,977835228.0,0.001842118820081251,0.0019597550550784905,0.9399740111947164,-0.03094164584623335
GBR,2005,goods,41,Animal oils and fats,56631604.0,0.00010668683286565807,0.00013958365334273008,0.7643218264512822,-0.13358003625832574
GBR,2005,goods,42,Fixed vegetable oils and fats,334361602.0,0.0006298952851356229,0.0022742134236346887,0.27697281116603073,-0.5662040589366644
GBR,2005,goods,43,"Animal and vegetable oils and fats, processed, and waxes",51786144.0,9.755859448524364e-05,0.00028766308794590014,0.33914185925582213,-0.4934937521193049
GBR,2005,goods,51,Organic chemicals,10556421835.0,0.0198869735699174,0.016243135247244307,1.2243309722666553,0.10085323410214254
GBR,2005,goods,52,Inorganic chemicals,2235114733.0,0.004210675578871843,0.004922331341521877,0.8554230275709142,-0.07792129896025025
GBR,2005,goods,53,"Dyeing, tanning and colouring materials",2948532893.0,0.005554665835606321,0.0037124352669195173,1.4962323747709247,0.19879254022433038
GBR,2005,goods,54,Medicinal and pharmaceutical products,15725726763.0,0.029625295141829062,0.014563153916181487,2.0342636843871884,0.3408615044595481
GBR,2005,goods,55,Oils and perfume materials; toilet and cleansing preparations,5208232120.0,0.00981165551503701,0.005528164234687712,1.7748487741141203,0.27924000087590123
GBR,2005,goods,56,"Fertilizers, manufactured",284241468.0,0.0005354752443530523,0.0018600828873147062,0.2878770876313404,-0.5529432266540233
GBR,2005,goods,57,Explosives and pyrotechnic products,20220783.0,3.809341681958611e-05,0.00014575304766266357,0.26135588538601934,-0.5855953289407528
GBR,2005,goods,58,"Artificial resins and plastic materials, and cellulose esters etc",8663163954.0,0.01632031338628854,0.01783336392898998,0.9151561898962977,-0.04430124840538279
GBR,2005,goods,59,"Chemical materials and products, nes",4444703956.0,0.008373264301168325,0.005598547197569938,1.4956137736594877,0.19859394065321878
GBR,2005,goods,61,"Leather, leather manufactures, nes, and dressed furskins",383248380.0,0.000721991838039661,0.0017632846863897594,0.40945846329437846,-0.41898470376014296
GBR,2005,goods,62,"Rubber manufactures, nes",1680995378.0,0.0031667842736827607,0.004471878479053005,0.7081552614894356,-0.1708537538069512
GBR,2005,goods,63,"Cork and wood, cork manufactures",900509374.0,0.001696446618003198,0.003069951146056821,0.5525972685859147,-0.28816405932594086
GBR,2005,goods,64,"Paper, paperboard, and articles of pulp, of paper or of paperboard",3471484349.0,0.006539840731643603,0.009383643703906345,0.6969404357202004,-0.17859175130750995
GBR,2005,goods,65,"Textile yarn, fabrics, made-up articles, nes, and related products",4691923482.0,0.008838994854226458,0.014671415367845499,0.6024636773353427,-0.24807821124888194
GBR,2005,goods,66,"Non-metallic mineral manufactures, nes",12192422919.0,0.022968994241921382,0.014454520333455251,1.5890526777813045,0.227516683162312
GBR,2005,goods,67,Iron and steel,8984807857.0,0.01692625012298452,0.02209580951983773,0.7660389228006353,-0.13247787134178357
GBR,2005,goods,68,Non-ferrous metals,6583027491.0,0.012401597413386868,0.013171337137339248,0.9415594851208953,-0.03009978078290288
GBR,2005,goods,69,"Manufactures of metals, nes",7558972268.0,0.01424015486109594,0.015200956058672416,0.9367933705045927,-0.0326346787726458
GBR,2005,goods,71,Power generating machinery and equipment,20514953850.0,0.03864759777317341,0.016302761248036465,2.3706166817494307,0.4066367704078554
GBR,2005,goods,72,Machinery specialized for particular industries,10200911654.0,0.019217237016766146,0.016824838878424314,1.1421944159839637,0.06637792299474844
GBR,2005,goods,73,Metalworking machinery,1781067808.0,0.0033553081695249175,0.0045349872396572505,0.739871578950354,-0.14951012718224793
GBR,2005,goods,74,"General industrial machinery and equipment, nes, and parts of, nes",13716462212.0,0.02584009295445276,0.026361176720786177,0.9802329094845551,-0.009982204830940908
GBR,2005,goods,75,Office machines and automatic data processing equipment,18345052858.0,0.03455977669594364,0.03386436905154422,1.020535083448357,0.010163190739212888
GBR,2005,goods,76,"Telecommunications, sound recording and reproducing equipment",22122841876.0,0.04167665697298974,0.02950564372088364,1.4124978043943384,0.17098370147445446
GBR,2005,goods,77,"Electric machinery, apparatus and appliances, nes, and parts, nes",18130878380.0,0.03415629886511132,0.04908964927220811,0.6957943145144603,-0.17938831548249404
GBR,2005,goods,78,Road vehicles,33914619396.0,0.06389088557695553,0.0628778062198459,1.0161118750480496,0.007991558031800974
GBR,2005,goods,79,Other transport equipment,1950414858.0,0.0036743367532754718,0.014049059506175137,0.2615361371101354,-0.585368774755435
GBR,2005,goods,81,"Sanitary, plumbing, heating, lighting fixtures and fittings, nes",592493972.0,0.0011161842663801982,0.0016456181141281693,0.6782766042725171,-0.1916986716661884
GBR,2005,goods,82,Furniture and parts thereof,1657575513.0,0.0031226641879618746,0.0064233639696046445,0.48614156114122137,-0.34576681811131244
GBR,2005,goods,83,"Travel goods, handbags and similar containers",306865817.0,0.0005780966777925382,0.0012822851306504908,0.45083317584699384,-0.37851824268658835
GBR,2005,goods,84,Articles of apparel and clothing accessories,5064509082.0,0.009540899353264678,0.019114129970042925,0.49915425751618725,-0.3340855285390168
GBR,2005,goods,85,Footwear,760509680.0,0.0014327047689285846,0.003919498835851409,0.36553264305725114,-0.46462994507568733
GBR,2005,goods,87,"Professional, scientific, controlling instruments, apparatus, nes",9230209440.0,0.01738855589964041,0.014946206011456338,1.1634093552779883,0.07553325720780704
GBR,2005,goods,88,"Photographic equipment and supplies, optical goods; watches, etc",3048849750.0,0.005743650201233103,0.006001787466091596,0.9569899356955083,-0.021977662490740443
GBR,2005,goods,89,"Miscellaneous manufactured articles, nes",21864178875.0,0.04118936834955226,0.025485029167724126,1.6162182149556696,0.23553777411725235
GBR,2005,goods,94,"Animals, live, nes, (including zoo animals, pets, insects, etc)",18508601.0,3.4867880864969884e-05,5.256601820340906e-05,0.663315998751235,-0.20241734072271095
GBR,2005,goods,95,"Armoured fighting vehicles, war firearms, ammunition, parts, nes",84293981.0,0.00015879927862413992,0.0004205981377399916,0.3775558291280586,-0.4518467837822046
GBR,2005,goods,96,"Coin (other than gold coin), not being legal tender",63732346.0,0.0001200637394243379,1.4400441418729396e-05,8.337504103740978,0.7858100004262681
GBR,2005,goods,97,"Gold, non-monetary (excluding gold ores and concentrates)",1505107451.0,0.002835433498752634,0.002685641693228162,1.055775052160596,0.02713091206257077
GBR,2005,services,financial,Financial services,75293568929.0,0.14184363212080536,0.03493818708658114,4.059845228068054,0.6047309927770976
GBR,2005,services,ict,ICT,44019433087.0,0.08292708609478532,0.12454698332010515,0.6658297446004756,-0.20060288662913156
GBR,2005,services,transport,Transport,33366255557.0,0.06285783694140985,0.08605385391622132,0.7304476683008967,-0.15577028802250525
GBR,2005,services,travel,Travel & tourism,37248535370.0,0.07017156475931255,0.09457678708651626,0.7419533579114029,-0.14813636709423394
GBR,2006,goods,00,Live animals chiefly for food,596406331.0,0.0010101222735653822,0.0008446434763866172,1.195915557042698,0.08921816524973442
GBR,2006,goods,01,Meat and preparations,1144121041.0,0.001937776457253791,0.004676529741802481,0.41436205140158294,-0.4140650889339618
GBR,2006,goods,02,Dairy products and birds' eggs,1581250471.0,0.002678134415784482,0.0035503564893568425,0.7543283114844712,-0.14003746442856366
GBR,2006,goods,03,"Fish, crustacean and molluscs, and preparations thereof",1459694994.0,0.0024722581726773904,0.005053929250109825,0.48917546137466544,-0.34302508460204534
GBR,2006,goods,04,Cereals and cereal preparations,1608251881.0,0.002723866200041264,0.00489560470492595,0.5563901426315148,-0.28502484384695354
GBR,2006,goods,05,Vegetables and fruit,885298379.0,0.0014994133443885715,0.007519834703759652,0.19939445525829413,-0.6675081256476982
GBR,2006,goods,06,"Sugar, sugar preparations and honey",654741529.0,0.0011089235098531416,0.001787728792997391,0.6202973930927564,-0.2343413058157694
GBR,2006,goods,07,"Coffee, tea, cocoa, spices, and manufactures thereof",1557682754.0,0.00263821821328732,0.0031394830691628345,0.8403352256302563,-0.08675852754764479
GBR,2006,goods,08,Feeding stuff for animals (not including unmilled cereals),583002637.0,0.0009874206871574157,0.0020095495322571375,0.4913641944661793,-0.3410540546843975
GBR,2006,goods,09,Miscellaneous edible products and preparations,446165025.0,0.0007556613771733345,0.0009643968975822535,0.7835584903557656,-0.12135374915630655
GBR,2006,goods,11,Beverages,5983583509.0,0.010134283732443154,0.003861330779650602,2.6245572603754423,0.4482084689723362
GBR,2006,goods,12,Tobacco and tobacco manufactures,1039390336.0,0.0017603960165241883,0.0015957443901622593,1.103181704649569,0.04905981467101112
GBR,2006,goods,21,"Hides, skins and furskins, raw",206776770.0,0.0003502139567879706,0.0007652225488794423,0.4576628816032777,-0.37205935970613985
GBR,2006,goods,22,Oil seeds and oleaginous fruit,92125398.0,0.0001560310674852238,0.0014817539982500396,0.10530160044750843,-0.8094608740186849
GBR,2006,goods,23,Crude rubber (including synthetic and reclaimed),618202548.0,0.0010470381195696466,0.0020213739022055368,0.5179833965538069,-0.31753746749831957
GBR,2006,goods,24,Cork and wood,248672317.0,0.00042117166294938514,0.0034930296749863107,0.12057488831698394,-0.784798161061635
GBR,2006,goods,25,Pulp and waste paper,545615923.0,0.0009240995073109552,0.0018536859644966135,0.49851998936718683,-0.3346501976557445
GBR,2006,goods,26,Textile fibres (not wool tops) and their wastes (not in yarn),643958790.0,0.0010906609860203051,0.0018048347214905593,0.6042996475154028,-0.24664990302617276
GBR,2006,goods,27,Crude fertilizer and crude minerals,740697201.0,0.0012545050275424303,0.0014658830284437023,0.855801590713764,-0.07770141485371583
GBR,2006,goods,28,Metalliferous ores and metal scrap,3483070243.0,0.005899211074684397,0.0101883215106772,0.5790169723739201,-0.266610831290285
GBR,2006,goods,29,"Crude animal and vegetable materials, nes",484957892.0,0.0008213641321163558,0.0017569466550558595,0.4674952024028537,-0.36286646574737097
GBR,2006,goods,32,"Coal, coke and briquettes",85710111.0,0.00014516561560588343,0.003563763341744288,0.040733797866283665,-0.9217210050258843
GBR,2006,goods,33,"Petroleum, petroleum products and related materials",34086189703.0,0.05773114343411502,0.07765249618229057,0.7434550886630891,-0.14714741607346704
GBR,2006,goods,34,"Gas, natural and manufactured",3168636902.0,0.00536666119252079,0.010704427798581474,0.5013496558155092,-0.3321347177540943
GBR,2006,goods,35,Electric current,256485734.0,0.0004344051015198996,0.001965407450326529,0.22102546800040287,-0.6379674727630988
GBR,2006,goods,41,Animal oils and fats,63076353.0,0.0001068312420388653,0.0001318986801408563,0.8099492877773974,-0.10500333545586976
GBR,2006,goods,42,Fixed vegetable oils and fats,362900377.0,0.0006146375966169519,0.002316565771842419,0.2653227480470439,-0.5806243925408675
GBR,2006,goods,43,"Animal and vegetable oils and fats, processed, and waxes",48430858.0,8.202644044984522e-05,0.00027210889988011104,0.3014471062357218,-0.5367508909253775
GBR,2006,goods,51,Organic chemicals,11743980498.0,0.019890560620737727,0.01567833827326782,1.2686651017507327,0.11842431108205585
GBR,2006,goods,52,Inorganic chemicals,2394258012.0,0.004055110116836724,0.004918127111459443,0.8245232432866868,-0.09617677240286085
GBR,2006,goods,53,"Dyeing, tanning and colouring materials",2802969904.0,0.004747337821542711,0.003599932253932708,1.3187297667495081,0.137458780803214
GBR,2006,goods,54,Medicinal and pharmaceutical products,17910296671.0,0.030334335256312052,0.014681548185758321,2.0661537102563576,0.34771698062300266
GBR,2006,goods,55,Oils and perfume materials; toilet and cleansing preparations,5619771439.0,0.009518102018404763,0.005365298577208006,1.7740116195654094,0.279022486461924
GBR,2006,goods,56,"Fertilizers, manufactured",380008744.0,0.000643613718553912,0.001690711167669704,0.3806763277260424,-0.44856543118543685
GBR,2006,goods,57,Explosives and pyrotechnic products,22242015.0,3.7670885758044267e-05,0.00015409659481688685,0.24446280466358533,-0.6071191461127347
GBR,2006,goods,58,"Artificial resins and plastic materials, and cellulose esters etc",8774092514.0,0.01486051676187636,0.017719627629480494,0.8386472375498808,-0.08775623684352439
GBR,2006,goods,59,"Chemical materials and products, nes",4683018900.0,0.007931541723385319,0.005615309390142205,1.4124852563438997,0.17097938951511665
GBR,2006,goods,61,"Leather, leather manufactures, nes, and dressed furskins",352501633.0,0.0005970254379500709,0.0016790090677171433,0.3555820212226809,-0.47538103094350553
GBR,2006,goods,62,"Rubber manufactures, nes",1680265770.0,0.0028458347800243045,0.004433568739801182,0.6418835360499954,-0.2181131950513084
GBR,2006,goods,63,"Cork and wood, cork manufactures",733316711.0,0.0012420048293531752,0.002978616439610339,0.41697373748318317,-0.41145876390933195
GBR,2006,goods,64,"Paper, paperboard, and articles of pulp, of paper or of paperboard",3275680553.0,0.005547959026729829,0.008754925662121556,0.6336957320760858,-0.22421817033115343
GBR,2006,goods,65,"Textile yarn, fabrics, made-up articles, nes, and related products",4597183017.0,0.007786163090090006,0.013703008080225282,0.5682083119637188,-0.275340772486781
GBR,2006,goods,66,"Non-metallic mineral manufactures, nes",11557776044.0,0.01957518961166894,0.013461660293971481,1.4541437819846987,0.18505182349887694
GBR,2006,goods,67,Iron and steel,8643712248.0,0.014639694138315075,0.022734600627406194,0.6439389184020747,-0.21659021367048129
GBR,2006,goods,68,Non-ferrous metals,7855663242.0,0.013304990242253215,0.01752352456572368,0.7592645071116577,-0.1368387140848873
GBR,2006,goods,69,"Manufactures of metals, nes",7822490993.0,0.013248807023133167,0.015609593274729217,0.8487605532030108,-0.08180585989622298
GBR,2006,goods,71,Power generating machinery and equipment,23731828318.0,0.040194154774057016,0.01716730488799047,2.3413200287585716,0.4014341688954959
GBR,2006,goods,72,Machinery specialized for particular industries,10592292881.0,0.017939968794908938,0.016767874380021256,1.0699011925020276,0.03377030399095206
GBR,2006,goods,73,Metalworking machinery,1886878572.0,0.0031957710272704025,0.004560937076811636,0.7006829898000774,-0.17599812075212712
GBR,2006,goods,74,"General industrial machinery and equipment, nes, and parts of, nes",14550665442.0,0.024644190536203876,0.026689903937005027,0.9233525378873766,-0.039850968869603855
GBR,2006,goods,75,Office machines and automatic data processing equipment,19553933090.0,0.03311813158807021,0.032606243901734,1.0156990694137877,0.007788399395527524
GBR,2006,goods,76,"Telecommunications, sound recording and reproducing equipment",41883024721.0,0.0709364974111444,0.030485533176991837,2.326890495872379,0.3988380433677126
GBR,2006,goods,77,"Electric machinery, apparatus and appliances, nes, and parts, nes",18606612985.0,0.031513673203712796,0.049439726440846786,0.6374160108150679,-0.22143669463965124
GBR,2006,goods,78,Road vehicles,33246138840.0,0.056308364963233694,0.06060342787354008,0.929128383310779,-0.03673763617929401
GBR,2006,goods,79,Other transport equipment,1887531304.0,0.0031968765472784873,0.017046686969565836,0.18753653146714108,-0.6841587159673324
GBR,2006,goods,81,"Sanitary, plumbing, heating, lighting fixtures and fittings, nes",580540897.0,0.0009832512840567522,0.0016643703622328592,0.5907647158158102,-0.2572569532850852
GBR,2006,goods,82,Furniture and parts thereof,1731510576.0,0.0029326271516920306,0.006269467993534969,0.4677633181501421,-0.36261751146680016
GBR,2006,goods,83,"Travel goods, handbags and similar containers",344946060.0,0.0005842287049508546,0.0012944695458409767,0.45132672825554915,-0.37804945024607906
GBR,2006,goods,84,Articles of apparel and clothing accessories,5141399293.0,0.008707892041395195,0.01873041384721886,0.4649065478437448,-0.3652748040097717
GBR,2006,goods,85,Footwear,794474708.0,0.0013455869876323515,0.0038351033428313777,0.3508606854486827,-0.48053757248528445
GBR,2006,goods,87,"Professional, scientific, controlling instruments, apparatus, nes",9365306841.0,0.01586184543515241,0.0151469800697278,1.0471952403801807,0.023053609860589654
GBR,2006,goods,88,"Photographic equipment and supplies, optical goods; watches, etc",2827156094.0,0.004788301520218949,0.005718963370509144,0.8372673874623294,-0.08857317865008213
GBR,2006,goods,89,"Miscellaneous manufactured articles, nes",22695978423.0,0.038439755136388074,0.024633473913571766,1.560468299000644,0.21889288737509302
GBR,2006,goods,94,"Animals, live, nes, (including zoo animals, pets, insects, etc)",17156321.0,2.9057340731913712e-05,4.69946593281839e-05,0.6183115517232249,-0.23585597462388633
GBR,2006,goods,95,"Armoured fighting vehicles, war firearms, ammunition, parts, nes",99695605.0,0.0001688525858171621,0.0004253240660873124,0.3969974879871935,-0.43164180121871076
GBR,2006,goods,96,"Coin (other than gold coin), not being legal tender",50753719.0,8.596062677976256e-05,1.4750324406164164e-05,5.8277109311466795,0.7070760581154085
GBR,2006,goods,97,"Gold, non-monetary (excluding gold ores and concentrates)",736818765.0,0.0012479361928628438,0.0034719973341799906,0.35942890294804297,-0.4712060304608953
GBR,2006,services,financial,Financial services,92194892686.0,0.15614876933809535,0.03792576092806288,4.11722179112705,0.6091629244079516
GBR,2006,services,ict,ICT,48230971099.0,0.08168789573561405,0.12147464421290106,0.6724686971911994,-0.19583703022894705
GBR,2006,services,transport,Transport,33137237649.0,0.05612392104818931,0.08371302773628536,0.670432339694989,-0.1972948274966875
GBR,2006,services,travel,Travel & tourism,43017768848.0,0.07285839236413442,0.08862827175628735,0.8220671679628663,-0.09765437584612686
GBR,2007,goods,00,Live animals chiefly for food,831565917.0,0.0012641643896165791,0.000796938703227577,1.586275562344698,0.2266871987195305
GBR,2007,goods,01,Meat and preparations,1689490285.0,0.0025683994632744976,0.004610114120019085,0.5571227515001006,-0.28442025400581966
GBR,2007,goods,02,Dairy products and birds' eggs,2079024502.0,0.0031605777567826204,0.0038336657644440506,0.8244270499780932,-0.0962345685589429
GBR,2007,goods,03,"Fish, crustacean and molluscs, and preparations thereof",1982657634.0,0.003014078771706394,0.004702133983213196,0.6410023156436576,-0.21876732344252123
GBR,2007,goods,04,Cereals and cereal preparations,2101694262.0,0.003195040813441488,0.005826511482644328,0.548362570460676,-0.2916871268755552
GBR,2007,goods,05,Vegetables and fruit,1129893943.0,0.0017176890702027955,0.00762989515955863,0.22512616940101698,-0.6324849227388807
GBR,2007,goods,06,"Sugar, sugar preparations and honey",757722750.0,0.0011519064191664627,0.0015358957769544242,0.7499899644561911,-0.14286369671925483
GBR,2007,goods,07,"Coffee, tea, cocoa, spices, and manufactures thereof",2035002575.0,0.003093654676677955,0.0032220279515524637,0.960157616009304,-0.020326112382641596
GBR,2007,goods,08,Feeding stuff for animals (not including unmilled cereals),831867560.0,0.0012646229537919278,0.002174128461179549,0.5816689199247319,-0.26448713432086374
GBR,2007,goods,09,Miscellaneous edible products and preparations,564283687.0,0.0008578361957407495,0.0009763900003445963,0.8785794564036853,-0.06463423369313309
GBR,2007,goods,11,Beverages,7844512494.0,0.011925396587432694,0.003977391627404394,2.998295793973672,0.499786883448081
GBR,2007,goods,12,Tobacco and tobacco manufactures,813239769.0,0.0012363045853282764,0.0015456578621023602,0.7998565631120265,-0.1111996594561498
GBR,2007,goods,21,"Hides, skins and furskins, raw",235333781.0,0.00035775947466354217,0.0006587889870138336,0.5430562467129247,-0.29612903240596294
GBR,2007,goods,22,Oil seeds and oleaginous fruit,133182469.0,0.0002024668534256605,0.0017755645740191908,0.1140295635474152,-0.7952844928382157
GBR,2007,goods,23,Crude rubber (including synthetic and reclaimed),764495755.0,0.0011622028870190465,0.0019465013885800093,0.5970727243441034,-0.2522911258292095
GBR,2007,goods,24,Cork and wood,282674954.0,0.0004297285439168674,0.00335070096761289,0.12825034166597538,-0.7726562325226495
GBR,2007,goods,25,Pulp and waste paper,807547992.0,0.001227651823532799,0.001953034746545414,0.628586780498558,-0.22805859899448622
GBR,2007,goods,26,Textile fibres (not wool tops) and their wastes (not in yarn),805404074.0,0.0012243925932848402,0.0017285652930357383,0.7083288078372436,-0.17073480867656513
GBR,2007,goods,27,Crude fertilizer and crude minerals,915093491.0,0.001391144803848568,0.0013864314818815943,1.003399606852967,0.0016969189977566078
GBR,2007,goods,28,Metalliferous ores and metal scrap,4748645067.0,0.007218992349141499,0.011029495689637705,0.6545169926421747,-0.20881200307656408
GBR,2007,goods,29,"Crude animal and vegetable materials, nes",656977094.0,0.0009987507064080213,0.001712462759280089,0.58322477437576,-0.2632445072674963
GBR,2007,goods,32,"Coal, coke and briquettes",167639119.0,0.0002548485937363112,0.0032788739455062808,0.07772442551064915,-0.8557619672137956
GBR,2007,goods,33,"Petroleum, petroleum products and related materials",40432255365.0,0.061465984090250884,0.0755566579831694,0.813508507800103,-0.10283463871152314
GBR,2007,goods,34,"Gas, natural and manufactured",3356172439.0,0.005102125515320298,0.009899507438546352,0.5153918563113374,-0.31979064799006
GBR,2007,goods,35,Electric current,340666970.0,0.0005178892537422015,0.0014873301698764727,0.3482005974404552,-0.48345877000572407
GBR,2007,goods,41,Animal oils and fats,82535061.0,0.00012547157462567353,0.00014739148977262428,0.8512809987824546,-0.08033302416832158
GBR,2007,goods,42,Fixed vegetable oils and fats,528230969.0,0.0008030280785335014,0.0027532013596840957,0.2916706675699308,-0.5483823007010573
GBR,2007,goods,43,"Animal and vegetable oils and fats, processed, and waxes",61330054.0,9.323526697651059e-05,0.00030477135735426056,0.3059187312938192,-0.5314888683911673
GBR,2007,goods,51,Organic chemicals,12909159984.0,0.01962478261556279,0.01578079694944896,1.2435862826463941,0.10857005345881997
GBR,2007,goods,52,Inorganic chemicals,3107791118.0,0.004724530889765046,0.005161299683669552,0.9153761996641174,-0.044181294698515255
GBR,2007,goods,53,"Dyeing, tanning and colouring materials",3418638746.0,0.005197088138542212,0.0034540365465735713,1.5046419076537452,0.20148265750550937
GBR,2007,goods,54,Medicinal and pharmaceutical products,21861685094.0,0.03323460380934105,0.014882568924022836,2.2331227880755926,0.38140301773369
GBR,2007,goods,55,Oils and perfume materials; toilet and cleansing preparations,6933934793.0,0.01054111678465293,0.005355653716420695,1.9682222456491827,0.32619600741433763
GBR,2007,goods,56,"Fertilizers, manufactured",443769050.0,0.000674627252939684,0.0020555271868695217,0.328201571474767,-0.5057955380818459
GBR,2007,goods,57,Explosives and pyrotechnic products,21430297.0,3.2578798351961565e-05,0.00014510307859130653,0.2245217583819992,-0.6332907000710757
GBR,2007,goods,58,"Artificial resins and plastic materials, and cellulose esters etc",10790922030.0,0.01640459172577542,0.01772513649789263,0.9254987530124683,-0.03869192170131167
GBR,2007,goods,59,"Chemical materials and products, nes",5950455079.0,0.009046009773973107,0.005716070831967422,1.582557326508767,0.22557382193575454
GBR,2007,goods,61,"Leather, leather manufactures, nes, and dressed furskins",392242810.0,0.0005962959548342598,0.0015573958497581235,0.3828801488888451,-0.4462569309473532
GBR,2007,goods,62,"Rubber manufactures, nes",2162897166.0,0.003288082784253673,0.004580666589680432,0.7178175315490632,-0.16426801058228532
GBR,2007,goods,63,"Cork and wood, cork manufactures",960420911.0,0.0014600525224860966,0.002833695227889429,0.5152468438088036,-0.3199169548987118
GBR,2007,goods,64,"Paper, paperboard, and articles of pulp, of paper or of paperboard",4067643062.0,0.006183718456382266,0.00849186272169314,0.7281934080947239,-0.15727787794592615
GBR,2007,goods,65,"Textile yarn, fabrics, made-up articles, nes, and related products",5376388302.0,0.008173301114431734,0.01291255123367316,0.6329733734660832,-0.22475971286346266
GBR,2007,goods,66,"Non-metallic mineral manufactures, nes",12641442826.0,0.019217793234788356,0.013236446989911207,1.4518845766870911,0.1843009173366812
GBR,2007,goods,67,Iron and steel,12156455561.0,0.01848050516501945,0.02484145678536382,0.7439380598607994,-0.14682972178475157
GBR,2007,goods,68,Non-ferrous metals,10987771228.0,0.016703846109762135,0.0176721121794272,0.9452093750970945,-0.028166954984046734
GBR,2007,goods,69,"Manufactures of metals, nes",9450872336.0,0.014367419363561595,0.016109311565213287,0.8918704753707065,-0.05715482430587951
GBR,2007,goods,71,Power generating machinery and equipment,27246604346.0,0.04142087385741848,0.017014815037451798,2.4344004778333357,0.41765673138336434
GBR,2007,goods,72,Machinery specialized for particular industries,13304971629.0,0.02022650399011085,0.017411703563949707,1.1616614029651346,0.07478571932837627
GBR,2007,goods,73,Metalworking machinery,2130272610.0,0.0032384862326404933,0.004547602237749,0.712130495002021,-0.16813525945499805
GBR,2007,goods,74,"General industrial machinery and equipment, nes, and parts of, nes",18416826579.0,0.02799765581411621,0.027622666467870233,1.013575421716877,0.006741948461658314
GBR,2007,goods,75,Office machines and automatic data processing equipment,14791196390.0,0.022485894832632133,0.0313816247034414,0.7165306144957583,-0.16514088540594576
GBR,2007,goods,76,"Telecommunications, sound recording and reproducing equipment",9030780036.0,0.013728786015133818,0.025985808385677336,0.5283186041924617,-0.30862766082518966
GBR,2007,goods,77,"Electric machinery, apparatus and appliances, nes, and parts, nes",19752684229.0,0.030028455340892494,0.04967621126579633,0.6044836064534586,-0.24650697081336256
GBR,2007,goods,78,Road vehicles,42727463505.0,0.06495520886248995,0.06087273889180646,1.0670656527865383,0.03244485858304959
GBR,2007,goods,79,Other transport equipment,2600110279.0,0.00395274356078236,0.01666831380766273,0.23714117734963755,-0.6166303705811946
GBR,2007,goods,81,"Sanitary, plumbing, heating, lighting fixtures and fittings, nes",758492540.0,0.001153076670478582,0.0016413237771260437,0.7025284630297735,-0.17472338549973743
GBR,2007,goods,82,Furniture and parts thereof,2207381652.0,0.003355709056497341,0.006410788699689564,0.5234471472534789,-0.31281219936357263
GBR,2007,goods,83,"Travel goods, handbags and similar containers",475552818.0,0.0007229456205543525,0.001373909263961533,0.5261960447590327,-0.31044763670303904
GBR,2007,goods,84,Articles of apparel and clothing accessories,6497493517.0,0.009877629371329784,0.01838726630761129,0.5371994512985871,-0.301067339251553
GBR,2007,goods,85,Footwear,1000999589.0,0.0015217411014148523,0.003801896830531673,0.4002583892319997,-0.42830781474334945
GBR,2007,goods,87,"Professional, scientific, controlling instruments, apparatus, nes",10291090904.0,0.01564473769930122,0.014825776445610044,1.0552390127219051,0.026877172134226867
GBR,2007,goods,88,"Photographic equipment and supplies, optical goods; watches, etc",3271735283.0,0.004973762334971601,0.005508917482507881,0.9028565686025386,-0.05105136824306401
GBR,2007,goods,89,"Miscellaneous manufactured articles, nes",25754393822.0,0.039152383329262436,0.024650304419388272,1.5883123657681,0.22729573661543517
GBR,2007,goods,94,"Animals, live, nes, (including zoo animals, pets, insects, etc)",26348202.0,4.005510329113733e-05,4.6769465396977445e-05,0.856437056766656,-0.07733251321937441
GBR,2007,goods,95,"Armoured fighting vehicles, war firearms, ammunition, parts, nes",92454374.0,0.00014055112756033379,0.00041914652267505825,0.3353269559850208,-0.49776052302087676
GBR,2007,goods,96,"Coin (other than gold coin), not being legal tender",80591337.0,0.00012251668360163087,1.9334801319758095e-05,6.336588702177765,0.7273937409894154
GBR,2007,goods,97,"Gold, non-monetary (excluding gold ores and concentrates)",1845286826.0,0.002805244715263871,0.0040768667211724795,0.6880884039439732,-0.18477207433407558
GBR,2007,services,financial,Financial services,115647991421.0,0.17581056353601354,0.039827664902694994,4.414282483433195,0.6306066397311799
GBR,2007,services,ict,ICT,55126210459.0,0.08380405061355686,0.12315130426151892,0.6804966550382131,-0.1901243563942242
GBR,2007,services,transport,Transport,36012787213.0,0.054747413566150156,0.08510497663009142,0.6432927395551691,-0.2170686036995391
GBR,2007,services,travel,Travel & tourism,48096097938.0,0.0731167223785231,0.08726054602507219,0.8379127304281914,-0.08819094992287584
GBR,2008,goods,00,Live animals chiefly for food,779872357.0,0.0011542264745728755,0.0007710692501482578,1.496916748205101,0.19901214109853985
GBR,2008,goods,01,Meat and preparations,2065994710.0,0.0030577129311040708,0.004950418166949802,0.617667604631485,-0.23634793345299934
GBR,2008,goods,02,Dairy products and birds' eggs,2129659974.0,0.0031519387778851373,0.003885141866704785,0.8112802276016963,-0.10419137222526097
GBR,2008,goods,03,"Fish, crustacean and molluscs, and preparations thereof",1915200606.0,0.0028345346821457024,0.004486486845159973,0.6317938244271465,-0.22564503558046928
GBR,2008,goods,04,Cereals and cereal preparations,2628271837.0,0.0038898941723096428,0.007113041913337522,0.546867882925838,-0.2929352416426676
GBR,2008,goods,05,Vegetables and fruit,1232173858.0,0.0018236416195736489,0.007525148008128011,0.24233963472929831,-0.6098657276082102
GBR,2008,goods,06,"Sugar, sugar preparations and honey",797576388.0,0.001180428789738226,0.001498088497726585,0.7879566471070157,-0.11859535477891969
GBR,2008,goods,07,"Coffee, tea, cocoa, spices, and manufactures thereof",2196418669.0,0.0032507429635769453,0.0033633358290111617,0.9665234543446352,-0.01702321199444898
GBR,2008,goods,08,Feeding stuff for animals (not including unmilled cereals),973475265.0,0.001440762598032239,0.0024962149106939986,0.5771789086988819,-0.26808695511274044
GBR,2008,goods,09,Miscellaneous edible products and preparations,626875587.0,0.0009277882364777956,0.0010469842730149027,0.8861529828009074,-0.06035937606186727
GBR,2008,goods,11,Beverages,8219258760.0,0.01216466512372745,0.0038162962343295157,3.1875578772685755,0.5223946608937275
GBR,2008,goods,12,Tobacco and tobacco manufactures,813466390.0,0.00120394630619434,0.00152490134548411,0.7895240631531633,-0.11761559466039008
GBR,2008,goods,21,"Hides, skins and furskins, raw",214603391.0,0.00031761725262088544,0.0005539488431948275,0.5733692858515047,-0.27115739323562776
GBR,2008,goods,22,Oil seeds and oleaginous fruit,147449205.0,0.0002182277324463793,0.0024457967966858033,0.0892256187194662,-0.8361668745464083
GBR,2008,goods,23,Crude rubber (including synthetic and reclaimed),761471743.0,0.0011269932028245395,0.0019730345597925615,0.5711979028603675,-0.27291412263152703
GBR,2008,goods,24,Cork and wood,235512397.0,0.0003485629940176447,0.002709664845942724,0.1286369399298811,-0.772049034762458
GBR,2008,goods,25,Pulp and waste paper,820763621.0,0.0012147463520424506,0.0019314316448326707,0.628935719932087,-0.2277955327073209
GBR,2008,goods,26,Textile fibres (not wool tops) and their wastes (not in yarn),811455731.0,0.0012009704912057623,0.0014717195838489276,0.8160321466028968,-0.10130209079241073
GBR,2008,goods,27,Crude fertilizer and crude minerals,853298091.0,0.0012628980095196459,0.0019046474091756781,0.6630613117344495,-0.20260148311318027
GBR,2008,goods,28,Metalliferous ores and metal scrap,5347588645.0,0.007914536697938493,0.011049776755377147,0.7162621357112076,-0.16532315104138412
GBR,2008,goods,29,"Crude animal and vegetable materials, nes",676760524.0,0.0010016189274248272,0.0016912747738326802,0.5922272021801696,-0.25610214249667657
GBR,2008,goods,32,"Coal, coke and briquettes",305815793.0,0.0004526134071233637,0.005081684951086514,0.08906758515727949,-0.8364333189764037
GBR,2008,goods,33,"Petroleum, petroleum products and related materials",52466773976.0,0.07765186060894112,0.09232525278068685,0.8410684863587485,-0.08632569337797152
GBR,2008,goods,34,"Gas, natural and manufactured",5758763806.0,0.008523084048351844,0.012447067904282075,0.6847463285244638,-0.18712233773000234
GBR,2008,goods,35,Electric current,572050208.0,0.0008466455939000799,0.0018226760314006736,0.46450690046626514,-0.36564737206990705
GBR,2008,goods,41,Animal oils and fats,99226904.0,0.00014685777558173042,0.00019830748115033293,0.7405559020257056,-0.1490581817408716
GBR,2008,goods,42,Fixed vegetable oils and fats,520395867.0,0.0007701961501242247,0.0035200057402231763,0.21880536765130176,-0.6409510928345343
GBR,2008,goods,43,"Animal and vegetable oils and fats, processed, and waxes",71844115.0,0.00010633070762278377,0.0003685532498588141,0.2885083978055195,-0.5521823555098546
GBR,2008,goods,51,Organic chemicals,13592208331.0,0.020116736492495266,0.014831641388883866,1.3563391916671148,0.15122576279648606
GBR,2008,goods,52,Inorganic chemicals,2840627864.0,0.004204185281871963,0.005840772007756912,0.719799587501197,-0.1629262005498696
GBR,2008,goods,53,"Dyeing, tanning and colouring materials",3443802305.0,0.005096895354666472,0.0031965541148597444,1.5944968148584304,0.22913761599313018
GBR,2008,goods,54,Medicinal and pharmaceutical products,24260644070.0,0.03590623186530438,0.014626138538567824,2.454935851361099,0.4211180507990953
GBR,2008,goods,55,Oils and perfume materials; toilet and cleansing preparations,6807583922.0,0.010075358512353387,0.005344685882531927,1.8851170552946337,0.30678722503487604
GBR,2008,goods,56,"Fertilizers, manufactured",446762593.0,0.000661217451882868,0.0035757408211782066,0.18491761146855068,-0.6878810650145213
GBR,2008,goods,57,Explosives and pyrotechnic products,21590314.0,3.195409067838187e-05,0.00014205208719552482,0.22494629476580155,-0.6327246415177585
GBR,2008,goods,58,"Artificial resins and plastic materials, and cellulose esters etc",11071653056.0,0.016386264957101028,0.01627854166751734,1.0066175024632975,0.0032978395011375853
GBR,2008,goods,59,"Chemical materials and products, nes",6610421695.0,0.00978355452655171,0.00593207732088808,1.6492628125567037,0.24507301030286405
GBR,2008,goods,61,"Leather, leather manufactures, nes, and dressed furskins",361110495.0,0.0005344506570004198,0.001332062909950047,0.4012202824718406,-0.42732732677254315
GBR,2008,goods,62,"Rubber manufactures, nes",2137384004.0,0.003163370494673626,0.004428052625843322,0.7143931569853831,-0.16659355052305075
GBR,2008,goods,63,"Cork and wood, cork manufactures",806498726.0,0.001193634026008304,0.002442732960531677,0.4886469562143631,-0.3435018905261529
GBR,2008,goods,64,"Paper, paperboard, and articles of pulp, of paper or of paperboard",4238195068.0,0.006272612316594507,0.007970904135431566,0.7869386220205609,-0.11923262240452465
GBR,2008,goods,65,"Textile yarn, fabrics, made-up articles, nes, and related products",4890815410.0,0.007238503298394243,0.011816000046003321,0.6126018339719469,-0.24023175334847868
GBR,2008,goods,66,"Non-metallic mineral manufactures, nes",12517161979.0,0.018525646681792577,0.012758797205278463,1.4519900570351805,0.18433600729266555
GBR,2008,goods,67,Iron and steel,12601473653.0,0.01865042962270961,0.02667818845521075,0.6990890574905895,-0.1771013362618146
GBR,2008,goods,68,Non-ferrous metals,12153625223.0,0.01798760511064411,0.015132757196696345,1.1886535200981754,0.08619615593139339
GBR,2008,goods,69,"Manufactures of metals, nes",9647979927.0,0.01427920063833097,0.016025650317444073,0.8910216032099443,-0.05762937694898283
GBR,2008,goods,71,Power generating machinery and equipment,26863308705.0,0.039758226873445886,0.016712986352351338,2.3788822676715897,0.40808828436090694
GBR,2008,goods,72,Machinery specialized for particular industries,13126511053.0,0.0194274953332473,0.017086589374300038,1.1370025291570607,0.06410967104053979
GBR,2008,goods,73,Metalworking machinery,2227954118.0,0.0032974160502643127,0.0044665065364157125,0.7382539403850122,-0.15057987416787483
GBR,2008,goods,74,"General industrial machinery and equipment, nes, and parts of, nes",18440953700.0,0.027292975300203675,0.02758336990307299,0.9894721129474117,-0.005291799258744686
GBR,2008,goods,75,Office machines and automatic data processing equipment,13023479216.0,0.019275006181757506,0.02781459106286163,0.6929818287889093,-0.18134758801913367
GBR,2008,goods,76,"Telecommunications, sound recording and reproducing equipment",8932766808.0,0.013220671111669417,0.023748037026776088,0.5567058488566028,-0.284764235625501
GBR,2008,goods,77,"Electric machinery, apparatus and appliances, nes, and parts, nes",19035509453.0,0.02817292954471886,0.04559631844468287,0.6178772871519892,-0.23618769846301255
GBR,2008,goods,78,Road vehicles,40900961945.0,0.060534230619507245,0.05540263868893599,1.0926236015469069,0.04426195015598492
GBR,2008,goods,79,Other transport equipment,3063307488.0,0.004533755518670001,0.017315266538450006,0.2618357337210152,-0.5849923619631688
GBR,2008,goods,81,"Sanitary, plumbing, heating, lighting fixtures and fittings, nes",734194908.0,0.0010866229488759743,0.0015978038688132846,0.6800727987240557,-0.19042460631403324
GBR,2008,goods,82,Furniture and parts thereof,2025564061.0,0.0029978747729220343,0.006005706578324434,0.49917103571823657,-0.3340705979166824
GBR,2008,goods,83,"Travel goods, handbags and similar containers",441047725.0,0.0006527593344934228,0.0014128667129240473,0.4620105552224966,-0.3679791796685279
GBR,2008,goods,84,Articles of apparel and clothing accessories,6473030901.0,0.009580213440829155,0.01702044366912732,0.5628650831356593,-0.27970099375903495
GBR,2008,goods,85,Footwear,1082858298.0,0.0016026516449056858,0.0036974274919096316,0.433450459383574,-0.3952348244110641
GBR,2008,goods,87,"Professional, scientific, controlling instruments, apparatus, nes",10773247393.0,0.015944618688573175,0.014336563181892406,1.112164644083723,0.05310411969914449
GBR,2008,goods,88,"Photographic equipment and supplies, optical goods; watches, etc",3391252993.0,0.005019121336153606,0.005208486752400475,0.9636429110317705,-0.01851512246140831
GBR,2008,goods,89,"Miscellaneous manufactured articles, nes",24421868483.0,0.036144847177363805,0.023257830863807043,1.554093646523634,0.21694335572926562
GBR,2008,goods,94,"Animals, live, nes, (including zoo animals, pets, insects, etc)",28825887.0,4.266288147003277e-05,4.436573980514187e-05,0.9616177180277349,-0.019566647272566306
GBR,2008,goods,95,"Armoured fighting vehicles, war firearms, ammunition, parts, nes",95330923.0,0.00014109164683736604,0.00040532639774867066,0.3480939006712616,-0.48357618041601724
GBR,2008,goods,96,"Coin (other than gold coin), not being legal tender",83656746.0,0.00012381363455586425,1.9153179190503274e-05,6.464390758545965,0.7320611869481506
GBR,2008,goods,97,"Gold, non-monetary (excluding gold ores and concentrates)",1630548579.0,0.002413244066245294,0.004914600221657252,0.49103568091068944,-0.3413495234255206
GBR,2008,services,financial,Financial services,114235919148.0,0.16907141411576931,0.03763131120693299,4.4928387742338485,0.6358895496110818
GBR,2008,services,ict,ICT,57210477091.0,0.08467263480833592,0.12586122063195226,0.6727460164710986,-0.19563877618390113
GBR,2008,services,transport,Transport,38470959075.0,0.056937778430034315,0.08643636901446276,0.6587247830887868,-0.20574553439522927
GBR,2008,services,travel,Travel & tourism,46461576950.0,0.06876405053307316,0.08409890038737602,0.8176569517120017,-0.1003176359082798
GBR,2009,goods,00,Live animals chiefly for food,643281582.0,0.0012222374004023815,0.0009277422566549124,1.3174320686968675,0.1369757815060206
GBR,2009,goods,01,Meat and preparations,1826650637.0,0.0034706430099692084,0.005467300856149039,0.6348000780066453,-0.22339118214298873
GBR,2009,goods,02,Dairy products and birds' eggs,1783535364.0,0.0033887238307734966,0.004009015218844238,0.8452758709532747,-0.08384877918920294
GBR,2009,goods,03,"Fish, crustacean and molluscs, and preparations thereof",1725306788.0,0.003278089319618827,0.00519500799598772,0.6310075599788502,-0.22623588576495296
GBR,2009,goods,04,Cereals and cereal preparations,2228020495.0,0.004233247234260201,0.006899620881492816,0.6135478031286101,-0.23950464691661022
GBR,2009,goods,05,Vegetables and fruit,1146911757.0,0.0021791366076552893,0.008691333373604249,0.25072523558621856,-0.599072236727193
GBR,2009,goods,06,"Sugar, sugar preparations and honey",692189165.0,0.0013151619901598474,0.0019445999412692305,0.6763149387433632,-0.19309322715890417
GBR,2009,goods,07,"Coffee, tea, cocoa, spices, and manufactures thereof",1985234572.0,0.003771953076794626,0.004065433487621735,0.9278107951536568,-0.03744620842865926
GBR,2009,goods,08,Feeding stuff for animals (not including unmilled cereals),893678215.0,0.001697991935198668,0.002949895748381322,0.5756108283251693,-0.26934898138897956
GBR,2009,goods,09,Miscellaneous edible products and preparations,588101225.0,0.001117394516694644,0.0012054356162208505,0.9269632501798616,-0.03790251309324203
GBR,2009,goods,11,Beverages,7517993121.0,0.014284214915473869,0.004128807077994411,3.459646974450668,0.5515340089791846
GBR,2009,goods,12,Tobacco and tobacco manufactures,632330811.0,0.001201430894738363,0.0018932524997922846,0.6345856640200798,-0.22355165839471805
GBR,2009,goods,21,"Hides, skins and furskins, raw",152236995.0,0.00028925085719906456,0.00048617027310025185,0.5949579256554399,-0.25395157316021993
GBR,2009,goods,22,Oil seeds and oleaginous fruit,81576939.0,0.00015499648776846786,0.0026597980594219605,0.05827378030426581,-0.8898701236129815
GBR,2009,goods,23,Crude rubber (including synthetic and reclaimed),494096696.0,0.0009387855616647295,0.0017034020128232745,0.5511239006397295,-0.2893876492878104
GBR,2009,goods,24,Cork and wood,125332329.0,0.00023813189164700196,0.0025054214792850065,0.09504663930436155,-0.8264062261955513
GBR,2009,goods,25,Pulp and waste paper,540499904.0,0.0010269518295997113,0.0017695231823378031,0.5803551147846254,-0.26553834722935976
GBR,2009,goods,26,Textile fibres (not wool tops) and their wastes (not in yarn),731943643.0,0.0013906956463450694,0.0014840245113921686,0.9371109679586443,-0.032465373993328335
GBR,2009,goods,27,Crude fertilizer and crude minerals,755038438.0,0.001434575842814966,0.001435461235348129,0.9993831999699049,-0.0003084951549579919
GBR,2009,goods,28,Metalliferous ores and metal scrap,3154255022.0,0.005993096283449068,0.00985044756606968,0.608408525932625,-0.24346518173317527
GBR,2009,goods,29,"Crude animal and vegetable materials, nes",502563511.0,0.0009548725416822732,0.0019080178075814244,0.500452636179877,-0.332931111435787
GBR,2009,goods,32,"Coal, coke and briquettes",224864100.0,0.0004272426270519605,0.004913144717097153,0.08695909680111957,-0.8399956409453916
GBR,2009,goods,33,"Petroleum, petroleum products and related materials",34790011343.0,0.06610115105679752,0.0711223930376775,0.9293999854838975,-0.036591694333612174
GBR,2009,goods,34,"Gas, natural and manufactured",3170652420.0,0.006024251400688042,0.010257290882731047,0.5873140841535791,-0.25999008007698865
GBR,2009,goods,35,Electric current,930484726.0,0.0017679244431101436,0.0019317210274790411,0.9152069154713,-0.04427358936714882
GBR,2009,goods,41,Animal oils and fats,87406812.0,0.0001660732681700495,0.00017009087620630886,0.9763796381918435,-0.011951328252787705
GBR,2009,goods,42,Fixed vegetable oils and fats,476316347.0,0.0009050028323777482,0.0031849114362084204,0.2841532176025396,-0.5574465512253408
GBR,2009,goods,43,"Animal and vegetable oils and fats, processed, and waxes",61762976.0,0.00011734988431140048,0.0003234869959685319,0.3627653839995968,-0.46760405237926983
GBR,2009,goods,51,Organic chemicals,11131163757.0,0.021149252573826816,0.014859723115974157,1.4232602053729677,0.17466560315499552
GBR,2009,goods,52,Inorganic chemicals,2359152525.0,0.00448239857939647,0.005215925203390587,0.8593678790644292,-0.07563437150819884
GBR,2009,goods,53,"Dyeing, tanning and colouring materials",2918478311.0,0.005545119654875139,0.0032950356108761808,1.6828709336469476,0.2545299235542018
GBR,2009,goods,54,Medicinal and pharmaceutical products,24684041456.0,0.046899770652233684,0.0184335203234623,2.5442655460953576,0.4357081956786907
GBR,2009,goods,55,Oils and perfume materials; toilet and cleansing preparations,6121705246.0,0.011631262755321139,0.005991639643164351,1.9412487145469162,0.320016702392987
GBR,2009,goods,56,"Fertilizers, manufactured",312147652.0,0.0005930817007631772,0.002473888608476786,0.23973662303588816,-0.6132458804857809
GBR,2009,goods,57,Explosives and pyrotechnic products,28098639.0,5.33875186966024e-05,0.00016755336985824519,0.3186299311184832,-0.5167257718043512
GBR,2009,goods,58,"Artificial resins and plastic materials, and cellulose esters etc",9070965234.0,0.01723486771108043,0.016662770665478385,1.0343338486190239,0.01687719478409647
GBR,2009,goods,59,"Chemical materials and products, nes",5744260640.0,0.010914116598891401,0.006219066218970804,1.7549445872756093,0.2740325851788479
GBR,2009,goods,61,"Leather, leather manufactures, nes, and dressed furskins",241523128.0,0.0004588948422648476,0.0012265449673969351,0.3741361747533385,-0.4554598275960575
GBR,2009,goods,62,"Rubber manufactures, nes",1764717246.0,0.003352969336523442,0.0045647120251090766,0.7345412630807352,-0.15304261856981197
GBR,2009,goods,63,"Cork and wood, cork manufactures",456197400.0,0.0008667767581853841,0.002285167654494662,0.37930554306618774,-0.4500050478692431
GBR,2009,goods,64,"Paper, paperboard, and articles of pulp, of paper or of paperboard",3330712420.0,0.006328365996508082,0.008254327162455851,0.7666725430138206,-0.1320717061624442
GBR,2009,goods,65,"Textile yarn, fabrics, made-up articles, nes, and related products",3691305118.0,0.00701349346500694,0.012164741044842985,0.5765427672609751,-0.26859863337213696
GBR,2009,goods,66,"Non-metallic mineral manufactures, nes",8555759134.0,0.016255974203236385,0.012549789826481274,1.2953184418224042,0.12866120728238972
GBR,2009,goods,67,Iron and steel,6835459725.0,0.012987398922357422,0.018113068479582325,0.717018153881396,-0.16481004902534718
GBR,2009,goods,68,Non-ferrous metals,5906707598.0,0.011222766423796842,0.012755175515231976,0.8798598192862841,-0.06390911677623327
GBR,2009,goods,69,"Manufactures of metals, nes",6916458578.0,0.013141297044573976,0.014964598046688076,0.8781590393256418,-0.06487254706508006
GBR,2009,goods,71,Power generating machinery and equipment,23312383801.0,0.044293616001766435,0.015841444088986117,2.796059232539406,0.47313783123924463
GBR,2009,goods,72,Machinery specialized for particular industries,7864358345.0,0.01494231013041125,0.014185812150279102,1.0533277878008038,0.02597139536981576
GBR,2009,goods,73,Metalworking machinery,1457740380.0,0.0027697121484084085,0.00387972362197667,0.7138941889363952,-0.16693318228773255
GBR,2009,goods,74,"General industrial machinery and equipment, nes, and parts of, nes",13287061324.0,0.02524546597641091,0.025995795510417283,0.9711365042202422,-0.014643073028154296
GBR,2009,goods,75,Office machines and automatic data processing equipment,7511936131.0,0.014272706611926849,0.028774265438943042,0.49602331785715,-0.3368775580749156
GBR,2009,goods,76,"Telecommunications, sound recording and reproducing equipment",2574759872.0,0.00489205334129036,0.02458727044459601,0.198966914701407,-0.6681027436842023
GBR,2009,goods,77,"Electric machinery, apparatus and appliances, nes, and parts, nes",12406058345.0,0.023571557036795546,0.04649207707255396,0.5070015908304241,-0.32713861230757707
GBR,2009,goods,78,Road vehicles,25397493819.0,0.04825533279774535,0.04586540370322961,1.0521074470417764,0.02539216312327704
GBR,2009,goods,79,Other transport equipment,2160034109.0,0.0041040728477822865,0.018035434539311328,0.2275560834886875,-0.6292534629587301
GBR,2009,goods,81,"Sanitary, plumbing, heating, lighting fixtures and fittings, nes",559986550.0,0.001063976529538348,0.001598099691318322,0.6657760684883436,-0.20064157351891695
GBR,2009,goods,82,Furniture and parts thereof,1467981088.0,0.002789169531729232,0.006071322366566627,0.45940066485162206,-0.3704255782310069
GBR,2009,goods,83,"Travel goods, handbags and similar containers",405200585.0,0.0007698826198507953,0.001534936472220552,0.5015729535288366,-0.3319366170653336
GBR,2009,goods,84,Articles of apparel and clothing accessories,5556446169.0,0.010557268404855918,0.018332052288821572,0.5758912443913046,-0.26912311183790444
GBR,2009,goods,85,Footwear,1069906196.0,0.0020328257551036817,0.004087992437881528,0.4972674940066985,-0.33576666026989316
GBR,2009,goods,87,"Professional, scientific, controlling instruments, apparatus, nes",9436539189.0,0.017929459586421916,0.01523815432523811,1.176616222919225,0.08114256480288085
GBR,2009,goods,88,"Photographic equipment and supplies, optical goods; watches, etc",3024172821.0,0.005745939617320765,0.005338443361901672,1.0763324114904413,0.0367630977910941
GBR,2009,goods,89,"Miscellaneous manufactured articles, nes",17550146151.0,0.03334534301695599,0.02547653436532641,1.3088649554446086,0.1337735040398375
GBR,2009,goods,94,"Animals, live, nes, (including zoo animals, pets, insects, etc)",26587215.0,5.051580747035783e-05,5.2429363135108086e-05,0.9635022142111642,-0.01858810523597945
GBR,2009,goods,95,"Armoured fighting vehicles, war firearms, ammunition, parts, nes",84493597.0,0.00016053814882566693,0.0005382884811376567,0.29823812779046344,-0.5405494240135285
GBR,2009,goods,96,"Coin (other than gold coin), not being legal tender",112152077.0,0.00021308936378378656,3.04972917892537e-05,6.987156933681326,0.7495980088276306
GBR,2009,goods,97,"Gold, non-monetary (excluding gold ores and concentrates)",2453277213.0,0.004661235836973675,0.006261116387962062,0.7444735967431626,-0.1464776559151662
GBR,2009,services,financial,Financial services,101043065993.0,0.1919822015174229,0.043288696161158796,4.4349268641101,0.6320097675633627
GBR,2009,services,ict,ICT,52364721067.0,0.0994931649538909,0.14724875492345899,0.675680857237864,-0.1935446963908944
GBR,2009,services,transport,Transport,26978660670.0,0.05125955570050624,0.08303716045133792,0.6173086293159766,-0.23662235132318474
GBR,2009,services,travel,Travel & tourism,40198465871.0,0.07637723479285762,0.09492829752377682,0.8045781583065609,-0.1082922569986248
GBR,2010,goods,00,Live animals chiefly for food,535991704.0,0.0009054063199835326,0.0008401996628756241,1.0776085256744041,0.0373547396996804
GBR,2010,goods,01,Meat and preparations,2002671874.0,0.0033829474561659725,0.005145110673629253,0.6575072278823718,-0.20663123898119967
GBR,2010,goods,02,Dairy products and birds' eggs,2115064610.0,0.003572803181049805,0.004022659097343708,0.8881695153857414,-0.05922693047579063
GBR,2010,goods,03,"Fish, crustacean and molluscs, and preparations thereof",1996888708.0,0.0033731784336105152,0.00506077760471213,0.6665336233051857,-0.20009579886750828
GBR,2010,goods,04,Cereals and cereal preparations,2569305388.0,0.004340114443754418,0.0062851926784799825,0.6905300546496588,-0.18306089530864625
GBR,2010,goods,05,Vegetables and fruit,1189957001.0,0.002010095643596101,0.008258911307008884,0.24338506237380744,-0.608512166119884
GBR,2010,goods,06,"Sugar, sugar preparations and honey",677196095.0,0.0011439311834594529,0.0021383096228188457,0.5349698524722792,-0.3029571862787572
GBR,2010,goods,07,"Coffee, tea, cocoa, spices, and manufactures thereof",2039439200.0,0.00344505544978017,0.003943685676310296,0.8735623811184051,-0.06748513962268989
GBR,2010,goods,08,Feeding stuff for animals (not including unmilled cereals),964030944.0,0.001628457498210254,0.0027495136342940846,0.5922711122064857,-0.2560675029948292
GBR,2010,goods,09,Miscellaneous edible products and preparations,594669227.0,0.0010045253917316639,0.0010912781340619287,0.920503545684219,-0.04139354727796597
GBR,2010,goods,11,Beverages,8181124730.0,0.013819695304678766,0.0038000393779652965,3.6367242362836834,0.5686609989980788
GBR,2010,goods,12,Tobacco and tobacco manufactures,622985309.0,0.001052357399967321,0.0015826006856010212,0.664954469906393,-0.20123404942865733
GBR,2010,goods,21,"Hides, skins and furskins, raw",239872389.0,0.0004051965270532404,0.0006138507594763575,0.6600896403531232,-0.2047542201242659
GBR,2010,goods,22,Oil seeds and oleaginous fruit,192901707.0,0.00032585285061317225,0.002632009394168933,0.12380383266681369,-0.7796700294694241
GBR,2010,goods,23,Crude rubber (including synthetic and reclaimed),506432695.0,0.0008554747382793312,0.0024218795021732353,0.35322762239479066,-0.4779479570928533
GBR,2010,goods,24,Cork and wood,177854776.0,0.0003004353183601803,0.002615487590736609,0.11486780492641054,-0.793934663071569
GBR,2010,goods,25,Pulp and waste paper,824572350.0,0.001392881664776053,0.002111197384425805,0.6597590898185407,-0.20499415383148006
GBR,2010,goods,26,Textile fibres (not wool tops) and their wastes (not in yarn),818390798.0,0.0013824396818006843,0.0018459365868002604,0.7489096276037305,-0.14356966674161495
GBR,2010,goods,27,Crude fertilizer and crude minerals,700651187.0,0.0011835519245532275,0.001514698266511666,0.7813780148299339,-0.12272632947641814
GBR,2010,goods,28,Metalliferous ores and metal scrap,5186678863.0,0.008761426319175274,0.01351727035975913,0.6481653533584718,-0.21347047850787154
GBR,2010,goods,29,"Crude animal and vegetable materials, nes",590700639.0,0.0009978215852551912,0.001767642041331174,0.5644930149453522,-0.27836940203268346
GBR,2010,goods,32,"Coal, coke and briquettes",341290630.0,0.0005765139479717795,0.005421148492213627,0.10634535261297934,-0.8077537861720815
GBR,2010,goods,33,"Petroleum, petroleum products and related materials",43821636682.0,0.07402425542747766,0.07862115992308419,0.9415309504451,-0.030114920156949235
GBR,2010,goods,34,"Gas, natural and manufactured",4775389225.0,0.008066668854069174,0.011585184051692291,0.6962918170377143,-0.1790424147023597
GBR,2010,goods,35,Electric current,427079835.0,0.0007214305349519445,0.001720406230489453,0.41933731822553244,-0.4091083030920493
GBR,2010,goods,41,Animal oils and fats,126341645.0,0.00021341845966353965,0.00017008483470988233,1.2547765356480636,0.11299414004893225
GBR,2010,goods,42,Fixed vegetable oils and fats,483460481.0,0.000816669682931657,0.0033154356694599825,0.24632348938463222,-0.6047198155492463
GBR,2010,goods,43,"Animal and vegetable oils and fats, processed, and waxes",51834873.0,8.756035076569724e-05,0.00036175245019307945,0.2420449418351233,-0.6102476912349056
GBR,2010,goods,51,Organic chemicals,11315534046.0,0.01911439293328546,0.015128621204666898,1.26345902079887,0.11639663823287787
GBR,2010,goods,52,Inorganic chemicals,2458123143.0,0.004152303500895202,0.005446145298641213,0.7624298055234005,-0.13479696821516632
GBR,2010,goods,53,"Dyeing, tanning and colouring materials",3191733028.0,0.005391529819743958,0.003354582460293435,1.6072133815641383,0.2328974628075338
GBR,2010,goods,54,Medicinal and pharmaceutical products,25169970178.0,0.04251754253449833,0.015010621204961204,2.8324972000789503,0.4781470421012181
GBR,2010,goods,55,Oils and perfume materials; toilet and cleansing preparations,6177575829.0,0.010435266359559383,0.0056892611357259966,1.834204145425952,0.2943345301262974
GBR,2010,goods,56,"Fertilizers, manufactured",289395562.0,0.0004888519147863271,0.0027707827935210864,0.1764309768089394,-0.7000572404383517
GBR,2010,goods,57,Explosives and pyrotechnic products,30257510.0,5.111150149623386e-05,0.00016926955477137125,0.30195330498310263,-0.5361534030023887
GBR,2010,goods,58,"Artificial resins and plastic materials, and cellulose esters etc",10091702590.0,0.01704707598306444,0.01733604765394397,0.9833311677120484,-0.008404462431345027
GBR,2010,goods,59,"Chemical materials and products, nes",5828904410.0,0.009846284657036191,0.006073149369860051,1.6212814896174845,0.23701441149235225
GBR,2010,goods,61,"Leather, leather manufactures, nes, and dressed furskins",321176594.0,0.0005425369756065947,0.0013759656629410354,0.39429543208727885,-0.43441623200756907
GBR,2010,goods,62,"Rubber manufactures, nes",1806487301.0,0.003051549132363799,0.004785496063555007,0.6376662088604648,-0.22125008697081044
GBR,2010,goods,63,"Cork and wood, cork manufactures",659908437.0,0.0011147285769748684,0.0021965895664777134,0.5074815040491901,-0.3267161120238452
GBR,2010,goods,64,"Paper, paperboard, and articles of pulp, of paper or of paperboard",3384387268.0,0.005716964644883761,0.00782391865431157,0.7307034872778594,-0.1555994511490262
GBR,2010,goods,65,"Textile yarn, fabrics, made-up articles, nes, and related products",4117319218.0,0.0069550457843781405,0.012489455453065228,0.5568734209841949,-0.28462595163046567
GBR,2010,goods,66,"Non-metallic mineral manufactures, nes",10303849346.0,0.017405437898394393,0.013433080649886887,1.2957145387600242,0.12881154593364527
GBR,2010,goods,67,Iron and steel,7665735991.0,0.012949091864258832,0.020221877736744172,0.6403506159435273,-0.21925153108172726
GBR,2010,goods,68,Non-ferrous metals,8464850651.0,0.014298969965274164,0.015293683202068416,0.9349592100443325,-0.03361351992230232
GBR,2010,goods,69,"Manufactures of metals, nes",7290866339.0,0.012315855660120069,0.014697176725937173,0.8379742510944559,-0.08815452600005842
GBR,2010,goods,71,Power generating machinery and equipment,24954085396.0,0.04215286628195121,0.015612220722465976,2.6999916944098326,0.4594582460761415
GBR,2010,goods,72,Machinery specialized for particular industries,9130032146.0,0.015422605881678375,0.014541187533049053,1.0606152933951263,0.029416113521731103
GBR,2010,goods,73,Metalworking machinery,1669061759.0,0.002819407565012297,0.00399670992703484,0.7054321220414452,-0.1727233081583743
GBR,2010,goods,74,"General industrial machinery and equipment, nes, and parts of, nes",14993417997.0,0.025327137176434054,0.025887861767381823,0.978340250887222,-0.010948444840600252
GBR,2010,goods,75,Office machines and automatic data processing equipment,10325463507.0,0.017441948907472513,0.029278588654857655,0.5957236912298602,-0.2533498192651103
GBR,2010,goods,76,"Telecommunications, sound recording and reproducing equipment",8292547090.0,0.01400791185388767,0.02423204064384977,0.5780739666035084,-0.2673677168026565
GBR,2010,goods,77,"Electric machinery, apparatus and appliances, nes, and parts, nes",16456112370.0,0.027797945436403973,0.05048877983790557,0.5505766929929657,-0.2898426817828308
GBR,2010,goods,78,Road vehicles,34308343576.0,0.05795423860119452,0.05084037462594081,1.1399254829964203,0.06538801659602198
GBR,2010,goods,79,Other transport equipment,3238031578.0,0.005469738119356136,0.01748745086107372,0.3127807570588534,-0.5234836352117079
GBR,2010,goods,81,"Sanitary, plumbing, heating, lighting fixtures and fittings, nes",536058462.0,0.0009055190887347248,0.0015180183303077543,0.5965139357382759,-0.2527294345696644
GBR,2010,goods,82,Furniture and parts thereof,1647728170.0,0.002783370502937673,0.005910441984816263,0.47092425745622124,-0.3596893176938619
GBR,2010,goods,83,"Travel goods, handbags and similar containers",487072601.0,0.0008227713375881234,0.0016228969008115022,0.5069769602595892,-0.327160303536083
GBR,2010,goods,84,Articles of apparel and clothing accessories,5838070080.0,0.009861767462988136,0.017138831127559526,0.5754049030292533,-0.26951490131477807
GBR,2010,goods,85,Footwear,1200057967.0,0.002027158367489191,0.003934418157539156,0.5152371421438104,-0.319925405979905
GBR,2010,goods,87,"Professional, scientific, controlling instruments, apparatus, nes",10312040708.0,0.017419274886670003,0.01603907007969674,1.0860526701432904,0.04125143692435124
GBR,2010,goods,88,"Photographic equipment and supplies, optical goods; watches, etc",3100998313.0,0.005238259192997645,0.005561337192181402,0.9419064178237623,-0.029915747557671447
GBR,2010,goods,89,"Miscellaneous manufactured articles, nes",22189337291.0,0.037482606670191446,0.024740333892605545,1.5150404530875934,0.20478416259877777
GBR,2010,goods,94,"Animals, live, nes, (including zoo animals, pets, insects, etc)",32612067.0,5.508885930355072e-05,5.219173023286206e-05,1.0555093509596756,0.027005156135027745
GBR,2010,goods,95,"Armoured fighting vehicles, war firearms, ammunition, parts, nes",99296186.0,0.0001677328094515813,0.00047639289900267023,0.3520892309745388,-0.479192315257529
GBR,2010,goods,96,"Coin (other than gold coin), not being legal tender",58324311.0,9.852242001880885e-05,3.138975759138882e-05,3.1386804989483768,0.5167541924272259
GBR,2010,goods,97,"Gold, non-monetary (excluding gold ores and concentrates)",3341220067.0,0.005644045873362253,0.006720539240881547,0.8398203880767627,-0.0870626355492665
GBR,2010,services,financial,Financial services,98917293853.0,0.16709277838034306,0.03981740576078195,4.1964757670104325,0.6151237704798124
GBR,2010,services,ict,ICT,57436500780.0,0.0970227158664215,0.13456004564115845,0.7210365855936122,-0.1620903452846524
GBR,2010,services,transport,Transport,29806880725.0,0.0503502908459388,0.08335552626589429,0.6040426244245319,-0.24684965944562862
GBR,2010,services,travel,Travel & tourism,42297461260.0,0.07144959233186682,0.08770680038168055,0.8146414191480482,-0.10214612038282216
GBR,2011,goods,00,Live animals chiefly for food,609964541.0,0.0008821813393638122,0.0008199998736238487,1.0758310674673195,0.03653046177781676
GBR,2011,goods,01,Meat and preparations,2573129125.0,0.00372147288123841,0.005297658320157123,0.7024750665928252,-0.17476022953018244
GBR,2011,goods,02,Dairy products and birds' eggs,2584639800.0,0.0037381205746794643,0.004124423936595983,0.9063376200276475,-0.04913210492640548
GBR,2011,goods,03,"Fish, crustacean and molluscs, and preparations thereof",2329901783.0,0.003369697314114976,0.005188745108913807,0.6494243296565354,-0.21254425804211705
GBR,2011,goods,04,Cereals and cereal preparations,2735143307.0,0.003955791236594565,0.007114142333907014,0.5560461192546994,-0.28530894762807
GBR,2011,goods,05,Vegetables and fruit,1363305073.0,0.0019717249355001767,0.008046696045707983,0.24503534423322382,-0.606380099379214
GBR,2011,goods,06,"Sugar, sugar preparations and honey",589796790.0,0.0008530130641719992,0.002187308013673027,0.3899830562681389,-0.43886646026437887
GBR,2011,goods,07,"Coffee, tea, cocoa, spices, and manufactures thereof",2221673237.0,0.0032131682091424986,0.004273539497343442,0.7518751636997618,-0.14163385693317704
GBR,2011,goods,08,Feeding stuff for animals (not including unmilled cereals),1118558490.0,0.001617752115962694,0.0027091891971639014,0.5971351567680205,-0.2522421734471245
GBR,2011,goods,09,Miscellaneous edible products and preparations,700786837.0,0.0010135360810640786,0.0011082673316307648,0.9145231047934135,-0.044646572816267945
GBR,2011,goods,11,Beverages,10394459503.0,0.01503332995601042,0.003789241574913997,3.967371744133686,0.5973725939956198
GBR,2011,goods,12,Tobacco and tobacco manufactures,615206297.0,0.0008897624018975739,0.0015350467228794692,0.5796321301729117,-0.2661175737043747
GBR,2011,goods,21,"Hides, skins and furskins, raw",354600075.0,0.0005128520562673303,0.0006306630413490288,0.8131950386220616,-0.10302529920879387
GBR,2011,goods,22,Oil seeds and oleaginous fruit,496952528.0,0.0007187339874421854,0.002706145905719173,0.265593213552607,-0.5802866028222944
GBR,2011,goods,23,Crude rubber (including synthetic and reclaimed),1174631663.0,0.001698849792195514,0.0033318538699552256,0.5098812428464468,-0.3246074878243903
GBR,2011,goods,24,Cork and wood,198901116.0,0.0002876673005059764,0.0025181092050343807,0.11423940626993133,-0.7949463901077358
GBR,2011,goods,25,Pulp and waste paper,1006060073.0,0.001455047569198936,0.002059473962092029,0.7065141856519943,-0.17197970975897625
GBR,2011,goods,26,Textile fibres (not wool tops) and their wastes (not in yarn),1041570884.0,0.0015064062510634858,0.0020497882091714383,0.7349082428727614,-0.1527987190194476
GBR,2011,goods,27,Crude fertilizer and crude minerals,797954266.0,0.0011540676806833393,0.0015990750329950992,0.7217095238625217,-0.16163613680497926
GBR,2011,goods,28,Metalliferous ores and metal scrap,6238403624.0,0.009022497038089924,0.014625528343686125,0.6169005882091745,-0.23693442539663723
GBR,2011,goods,29,"Crude animal and vegetable materials, nes",717998956.0,0.0010384296759734085,0.0018646700509584453,0.5568972781214848,-0.28460626664666816
GBR,2011,goods,32,"Coal, coke and briquettes",346958413.0,0.0005018000505112685,0.00627545358503732,0.0799623555033089,-0.8519164022785906
GBR,2011,goods,33,"Petroleum, petroleum products and related materials",55672312321.0,0.08051791825194023,0.0936237781635355,0.8600156907927506,-0.07525974640976665
GBR,2011,goods,34,"Gas, natural and manufactured",6701179612.0,0.009691802077117187,0.013102325612911418,0.7397009022250676,-0.1496229020988673
GBR,2011,goods,35,Electric current,408095740.0,0.0005902219265264898,0.001798651996022298,0.3281468165224624,-0.5058576168835585
GBR,2011,goods,41,Animal oils and fats,187161185.0,0.00027068803801206246,0.00019318837400686913,1.4011611175030527,0.16706963750946324
GBR,2011,goods,42,Fixed vegetable oils and fats,482008161.0,0.0006971202036730657,0.003918691017052978,0.17789619049815508,-0.6979424979328283
GBR,2011,goods,43,"Animal and vegetable oils and fats, processed, and waxes",69460979.0,0.00010046023230675246,0.0004442161424635591,0.22615169216862402,-0.6311195529671496
GBR,2011,goods,51,Organic chemicals,12101084139.0,0.0175015921351684,0.01592076225472178,1.0992936051147788,0.047298579328235474
GBR,2011,goods,52,Inorganic chemicals,2829366081.0,0.00409206403177971,0.0057935550981941504,0.7063131294039484,-0.17211780507053984
GBR,2011,goods,53,"Dyeing, tanning and colouring materials",3700603533.0,0.005352119937733225,0.0033010791511788734,1.6213243283857308,0.2370268805189612
GBR,2011,goods,54,Medicinal and pharmaceutical products,26775440547.0,0.038724864178307346,0.014078672974724695,2.750604708826586,0.4667526558335389
GBR,2011,goods,55,Oils and perfume materials; toilet and cleansing preparations,7228640434.0,0.010454659691186096,0.005574345220507656,1.875495556451021,0.3044677132214283
GBR,2011,goods,56,"Fertilizers, manufactured",313844105.0,0.000453907390168008,0.00329466485144126,0.137770429052729,-0.757823853503677
GBR,2011,goods,57,Explosives and pyrotechnic products,22994756.0,3.325692443230738e-05,0.00015800745647214496,0.21047693048694965,-0.6522413187960895
GBR,2011,goods,58,"Artificial resins and plastic materials, and cellulose esters etc",11975110435.0,0.017319398510048576,0.017340356054980337,0.998791400541874,-0.000604665128036053
GBR,2011,goods,59,"Chemical materials and products, nes",6606915748.0,0.009555469854164035,0.006032452567522212,1.5840107729332513,0.22600941878826183
GBR,2011,goods,61,"Leather, leather manufactures, nes, and dressed furskins",396127988.0,0.0005729131703958052,0.0013042619674739013,0.4392623450528311,-0.3896007262849539
GBR,2011,goods,62,"Rubber manufactures, nes",2220670241.0,0.003211717593089956,0.005187802683898237,0.6190901598972527,-0.23526166086199907
GBR,2011,goods,63,"Cork and wood, cork manufactures",734399718.0,0.0010621498190558686,0.00215796967971915,0.4921986759304712,-0.34030409774548664
GBR,2011,goods,64,"Paper, paperboard, and articles of pulp, of paper or of paperboard",3709500706.0,0.005364987767690723,0.007495708358587429,0.7157412630047627,-0.1656769252593584
GBR,2011,goods,65,"Textile yarn, fabrics, made-up articles, nes, and related products",4577666344.0,0.0066206009613115615,0.012374756654054719,0.5350085780589675,-0.3029243149435806
GBR,2011,goods,66,"Non-metallic mineral manufactures, nes",12410030608.0,0.017948416157704723,0.013666049074085891,1.313358093506281,0.13545593930567593
GBR,2011,goods,67,Iron and steel,9630520940.0,0.013928458607924948,0.021149628120510813,0.6585675421128181,-0.20585984544966887
GBR,2011,goods,68,Non-ferrous metals,12928057018.0,0.018697628942189563,0.015915613632675112,1.1747978666561063,0.08037430481981732
GBR,2011,goods,69,"Manufactures of metals, nes",8149195053.0,0.011786042176823016,0.014922371095980984,0.789823688274133,-0.11742850041756515
GBR,2011,goods,71,Power generating machinery and equipment,30821885665.0,0.04457716891721413,0.015591030583078579,2.859154735133102,0.48175179870546964
GBR,2011,goods,72,Machinery specialized for particular industries,11462106273.0,0.016577449317411213,0.015386509050068584,1.0774015901506468,0.03725884803286106
GBR,2011,goods,73,Metalworking machinery,2073419435.0,0.00299875125729851,0.004235801528030442,0.7079536747541771,-0.1709919475935766
GBR,2011,goods,74,"General industrial machinery and equipment, nes, and parts of, nes",17724955341.0,0.025635301385309766,0.0263219705897782,0.9739126976786802,-0.013216036530895458
GBR,2011,goods,75,Office machines and automatic data processing equipment,9939997572.0,0.014376049396189411,0.02602669147995587,0.5523579286772176,-0.28836266627260604
GBR,2011,goods,76,"Telecommunications, sound recording and reproducing equipment",9258479407.0,0.01339038126765394,0.022243771797981995,0.6019833951393417,-0.24845239099749747
GBR,2011,goods,77,"Electric machinery, apparatus and appliances, nes, and parts, nes",18118017767.0,0.026203780885534142,0.04702268574036548,0.5572582780621598,-0.2843084722521332
GBR,2011,goods,78,Road vehicles,42160433919.0,0.0609759183736271,0.051030158512893796,1.1948996466123127,0.0887966094090579
GBR,2011,goods,79,Other transport equipment,2117228832.0,0.0030621120429251965,0.016387343098664763,0.18685835919153343,-0.6851210462572502
GBR,2011,goods,81,"Sanitary, plumbing, heating, lighting fixtures and fittings, nes",631532844.0,0.0009133752090880271,0.0015212143392581447,0.6004250587944469,-0.24966801101361236
GBR,2011,goods,82,Furniture and parts thereof,1969147880.0,0.0028479450810958064,0.0056873925671943795,0.5007470554297807,-0.33266961461886346
GBR,2011,goods,83,"Travel goods, handbags and similar containers",611428697.0,0.000884298923279428,0.0018041702437050506,0.4901416184890781,-0.3421543128416817
GBR,2011,goods,84,Articles of apparel and clothing accessories,7056927290.0,0.010206313892081207,0.01710210678393487,0.5967869351434916,-0.2525152579735221
GBR,2011,goods,85,Footwear,1420401267.0,0.0020543021896023885,0.003961462511515637,0.5185716597420033,-0.31702708078971303
GBR,2011,goods,87,"Professional, scientific, controlling instruments, apparatus, nes",11937535240.0,0.017265054144722663,0.015470219613910176,1.1160186846474143,0.05482876190516536
GBR,2011,goods,88,"Photographic equipment and supplies, optical goods; watches, etc",3620115344.0,0.005235711239190554,0.00551869890983705,0.9487220311762122,-0.026313639402350954
GBR,2011,goods,89,"Miscellaneous manufactured articles, nes",24425772558.0,0.03532657933670326,0.024287289240494572,1.4545295272311702,0.18517989789428277
GBR,2011,goods,94,"Animals, live, nes, (including zoo animals, pets, insects, etc)",39505441.0,5.713604727973533e-05,5.363299684214383e-05,1.0653152097374292,0.03162481418307715
GBR,2011,goods,95,"Armoured fighting vehicles, war firearms, ammunition, parts, nes",89696310.0,0.00012972624730294232,0.00038770228101483,0.33460274456827394,-0.4985732706903529
GBR,2011,goods,96,"Coin (other than gold coin), not being legal tender",64463015.0,9.323176199537395e-05,2.62943558199436e-05,3.545694849259628,0.5600232601786399
GBR,2011,goods,97,"Gold, non-monetary (excluding gold ores and concentrates)",3848505073.0,0.005566027419039045,0.008118225452961021,0.6856211928690532,-0.18650620225998144
GBR,2011,services,financial,Financial services,115538624482.0,0.16710154712711947,0.03784964938420494,4.414877015924294,0.6306471976891963
GBR,2011,services,ict,ICT,62475296716.0,0.0903569588548795,0.12914502543145046,0.6996549696979272,-0.17670941200227946
GBR,2011,services,transport,Transport,36523111850.0,0.052822755363360244,0.07913726997021392,0.6674826587174657,-0.19941277322685205
GBR,2011,services,travel,Travel & tourism,47458045739.0,0.06863776422967524,0.08307975617159456,0.8261671361662335,-0.09519000774414481
GBR,2012,goods,00,Live animals chiefly for food,557492925.0,0.0008133916465671333,0.0008333262523419646,0.9760782698027244,-0.012105659255928039
GBR,2012,goods,01,Meat and preparations,2346259074.0,0.0034232318400703246,0.005258983210602945,0.6509303610569712,-0.2114381364454069
GBR,2012,goods,02,Dairy products and birds' eggs,2374685006.0,0.0034647057576714948,0.004003504504236949,0.8654182239597238,-0.07214563163996514
GBR,2012,goods,03,"Fish, crustacean and molluscs, and preparations thereof",2140350030.0,0.003122807047518519,0.005092347127065931,0.6132353057631783,-0.2397447494826886
GBR,2012,goods,04,Cereals and cereal preparations,2602542678.0,0.0037971539712717546,0.007121637184321838,0.5331855404865504,-0.30447355990932956
GBR,2012,goods,05,Vegetables and fruit,1271294028.0,0.001854839579723605,0.007862931259668304,0.2358967054993497,-0.6182582177787449
GBR,2012,goods,06,"Sugar, sugar preparations and honey",571480866.0,0.000833800290070679,0.002105788872806738,0.3959562617307088,-0.43270964487124886
GBR,2012,goods,07,"Coffee, tea, cocoa, spices, and manufactures thereof",2313881954.0,0.003375993072066405,0.00399698698000105,0.8446344931715334,-0.0842256324510891
GBR,2012,goods,08,Feeding stuff for animals (not including unmilled cereals),1267332877.0,0.0018490601931346342,0.0029805681760053286,0.6203717157085181,-0.23428468950131415
GBR,2012,goods,09,Miscellaneous edible products and preparations,717272144.0,0.0010465122409309463,0.0010763464565913612,0.9722819585852536,-0.014053792508769376
GBR,2012,goods,11,Beverages,10339813995.0,0.01508596423997836,0.0038307064936839363,3.938167610818547,0.5949914710026455
GBR,2012,goods,12,Tobacco and tobacco manufactures,470298367.0,0.0006861733054495067,0.0016120479112927007,0.42565317112644907,-0.4028657463860886
GBR,2012,goods,21,"Hides, skins and furskins, raw",283640971.0,0.00041383699431807227,0.0006435669076592388,0.643036472809435,-0.21725843162823497
GBR,2012,goods,22,Oil seeds and oleaginous fruit,681558371.0,0.000994405239527126,0.0030740866094293674,0.32347990342136596,-0.5111676383069682
GBR,2012,goods,23,Crude rubber (including synthetic and reclaimed),835421495.0,0.0012188941508013327,0.002757285056698834,0.44206316203688295,-0.3869018033683375
GBR,2012,goods,24,Cork and wood,166962228.0,0.00024360072649789614,0.002403739482089433,0.10134239933778015,-0.8159656807933378
GBR,2012,goods,25,Pulp and waste paper,838031149.0,0.001222701680312188,0.0017886603925524756,0.6835851486415224,-0.1879411039078073
GBR,2012,goods,26,Textile fibres (not wool tops) and their wastes (not in yarn),1067708529.0,0.0015578048787921062,0.001942964839425905,0.8017668910840386,-0.11002150716438894
GBR,2012,goods,27,Crude fertilizer and crude minerals,640728648.0,0.0009348339801791263,0.0015989124875649473,0.5846686341181969,-0.26209351087012456
GBR,2012,goods,28,Metalliferous ores and metal scrap,5475704925.0,0.007989146490175658,0.012960628985897976,0.6164165719787503,-0.23730481032601808
GBR,2012,goods,29,"Crude animal and vegetable materials, nes",814954588.0,0.0011890325858588424,0.0019676352796171017,0.6042952157730298,-0.24665334680082546
GBR,2012,goods,32,"Coal, coke and briquettes",258710198.0,0.00037746257306301974,0.0056328543734067114,0.06701088791591339,-0.8743951187849655
GBR,2012,goods,33,"Petroleum, petroleum products and related materials",58401530772.0,0.0852088253437085,0.09550753565327623,0.8921686101612396,-0.05698825636345993
GBR,2012,goods,34,"Gas, natural and manufactured",5808953031.0,0.008475361137033675,0.014429591955224119,0.587359723222474,-0.25995385339614857
GBR,2012,goods,35,Electric current,296546931.0,0.00043266700916521955,0.0016707007163423348,0.25897337861472725,-0.5885959417193067
GBR,2012,goods,41,Animal oils and fats,173143981.0,0.0002526200091216914,0.0001905332380654365,1.3258579536392066,0.14010225909512034
GBR,2012,goods,42,Fixed vegetable oils and fats,524518569.0,0.000765281501095187,0.00369595897191298,0.20705898169077547,-0.6569198608658878
GBR,2012,goods,43,"Animal and vegetable oils and fats, processed, and waxes",77449910.0,0.00011300073417322073,0.0004338880698783128,0.26043752298815837,-0.5867506032814208
GBR,2012,goods,51,Organic chemicals,11748747966.0,0.017141622834347177,0.01546972000865206,1.1080758297344773,0.051267524730403066
GBR,2012,goods,52,Inorganic chemicals,2721942066.0,0.003971359706356963,0.005239100767223275,0.7580231575621679,-0.13764144197814712
GBR,2012,goods,53,"Dyeing, tanning and colouring materials",3446360068.0,0.005028297875481985,0.00314919464471379,1.596693263759495,0.2297896605991891
GBR,2012,goods,54,Medicinal and pharmaceutical products,27913322623.0,0.04072601181348011,0.01399797108085044,2.9094224854625015,0.4884154865745109
GBR,2012,goods,55,Oils and perfume materials; toilet and cleansing preparations,7210573879.0,0.010520349760732428,0.0055900454333726955,1.8819792944661426,0.306032488213806
GBR,2012,goods,56,"Fertilizers, manufactured",302431435.0,0.000441252600449254,0.0030992630737444694,0.14237339327124018,-0.7507410552279282
GBR,2012,goods,57,Explosives and pyrotechnic products,26962533.0,3.933879360440434e-05,0.00016456797554875792,0.2390428239347765,-0.6141492137040782
GBR,2012,goods,58,"Artificial resins and plastic materials, and cellulose esters etc",11456459885.0,0.01671516955966833,0.016624180489959124,1.0054732965492141,0.0027291794703185276
GBR,2012,goods,59,"Chemical materials and products, nes",6712496487.0,0.009793646385982437,0.005832605374062727,1.679120351521507,0.2534863173040456
GBR,2012,goods,61,"Leather, leather manufactures, nes, and dressed furskins",378656334.0,0.0005524660227667182,0.0012580903649146065,0.4391306365375568,-0.3897279018476418
GBR,2012,goods,62,"Rubber manufactures, nes",2099888896.0,0.003063773565781987,0.005276437119246938,0.5806519620230505,-0.2653006784872698
GBR,2012,goods,63,"Cork and wood, cork manufactures",860182469.0,0.001255020832431357,0.0021341790077686763,0.5880579032325431,-0.2593999223384333
GBR,2012,goods,64,"Paper, paperboard, and articles of pulp, of paper or of paperboard",3475198923.0,0.005070374254753633,0.006965165269283163,0.7279618011527044,-0.15743299340634842
GBR,2012,goods,65,"Textile yarn, fabrics, made-up articles, nes, and related products",4475680487.0,0.006530093849763777,0.011855757605713203,0.5507951551419179,-0.2896609802839976
GBR,2012,goods,66,"Non-metallic mineral manufactures, nes",11965748684.0,0.017458230567656562,0.013116708692095849,1.3309917127439845,0.1419960915924276
GBR,2012,goods,67,Iron and steel,9066739870.0,0.01322852746849689,0.019198746841078956,0.689030777789737,-0.18411104539918263
GBR,2012,goods,68,Non-ferrous metals,10258614828.0,0.014967493276161179,0.014021287800988855,1.0674834928575956,0.03264040225265475
GBR,2012,goods,69,"Manufactures of metals, nes",7975032402.0,0.011635707730082889,0.0148669816735689,0.782654340037918,-0.12192249225245705
GBR,2012,goods,71,Power generating machinery and equipment,31028797612.0,0.045271542738632986,0.015361710962341577,2.9470377908823946,0.4932908915592413
GBR,2012,goods,72,Machinery specialized for particular industries,11149398766.0,0.016267162171628106,0.014976959695927857,1.0861458201060024,0.04129424668004515
GBR,2012,goods,73,Metalworking machinery,1935247453.0,0.0028235589040175187,0.004165352835626749,0.6778678818916106,-0.19198896503413665
GBR,2012,goods,74,"General industrial machinery and equipment, nes, and parts of, nes",18188895946.0,0.02653790812278953,0.02579064421537605,1.028974224186613,0.014280232760585444
GBR,2012,goods,75,Office machines and automatic data processing equipment,8878501132.0,0.012953883952528432,0.02581005489597364,0.5018929252470995,-0.3316528537951194
GBR,2012,goods,76,"Telecommunications, sound recording and reproducing equipment",7755888943.0,0.011315973701260142,0.022463586652410734,0.5037474147097405,-0.3300105991444369
GBR,2012,goods,77,"Electric machinery, apparatus and appliances, nes, and parts, nes",16907604957.0,0.024668482807168997,0.04621661622699816,0.5337578737051398,-0.30398678584680816
GBR,2012,goods,78,Road vehicles,44298824540.0,0.06463273741739257,0.051096052421310115,1.264926239007005,0.1169690360968023
GBR,2012,goods,79,Other transport equipment,2411113815.0,0.003517856008744169,0.016163238332302557,0.21764549506850142,-0.6425141866824592
GBR,2012,goods,81,"Sanitary, plumbing, heating, lighting fixtures and fittings, nes",599823426.0,0.0008751525665077795,0.0016144071825901216,0.5420891184984092,-0.2969419056321959
GBR,2012,goods,82,Furniture and parts thereof,1948078633.0,0.002842279813574531,0.005964317546394459,0.4765473654723066,-0.3545112380192798
GBR,2012,goods,83,"Travel goods, handbags and similar containers",646054820.0,0.000942604955591917,0.0018672889481852356,0.5047986582408724,-0.32908146152789886
GBR,2012,goods,84,Articles of apparel and clothing accessories,7213581560.0,0.010524738018396753,0.016729131628432266,0.629126379788253,-0.2276518413874997
GBR,2012,goods,85,Footwear,1535099407.0,0.0022397361084070437,0.004031257558092815,0.5555924115815267,-0.2856838238023138
GBR,2012,goods,87,"Professional, scientific, controlling instruments, apparatus, nes",11889043524.0,0.01734631643638289,0.015722193114738808,1.1033013212464324,0.04911389547609626
GBR,2012,goods,88,"Photographic equipment and supplies, optical goods; watches, etc",3703871281.0,0.005404011109065299,0.005566133420610355,0.9708734413471393,-0.01477850279059625
GBR,2012,goods,89,"Miscellaneous manufactured articles, nes",25137622006.0,0.03667621746812759,0.025732514659929692,1.4252869551548055,0.1753553138324036
GBR,2012,goods,94,"Animals, live, nes, (including zoo animals, pets, insects, etc)",34217478.0,4.992388158431725e-05,5.2423866809612914e-05,0.9523120788785988,-0.02442638225584967
GBR,2012,goods,95,"Armoured fighting vehicles, war firearms, ammunition, parts, nes",82736096.0,0.00012071336933285101,0.0004067513871531085,0.29677432737902953,-0.5422883980455507
GBR,2012,goods,96,"Coin (other than gold coin), not being legal tender",26974076.0,3.9355635037461674e-05,1.9713715518676846e-05,1.9963580685830635,0.3325230315528436
GBR,2012,goods,97,"Gold, non-monetary (excluding gold ores and concentrates)",4504547290.0,0.006572211005642122,0.013971730242646887,0.4703934939697951,-0.36018012062904575
GBR,2012,services,financial,Financial services,110860057217.0,0.16174670643266412,0.037616799654422155,4.299852935884978,0.6226310382203017
GBR,2012,services,ict,ICT,61664100414.0,0.0899689698659844,0.1305725887284029,0.6890341283891067,-0.18410869643437738
GBR,2012,services,transport,Transport,37711934008.0,0.0550223522531666,0.07871045988754084,0.6990475259804211,-0.17713010932164291
GBR,2012,services,travel,Travel & tourism,49867658081.0,0.07275776014009756,0.08504435154981768,0.855527249184529,-0.07786075406813031
GBR,2013,goods,00,Live animals chiefly for food,571007592.0,0.0007486601339875534,0.0008344194690506177,0.8972227539697281,-0.054172471743353254
GBR,2013,goods,01,Meat and preparations,2408099822.0,0.0031573106218768516,0.005350464143430338,0.5901003234931704,-0.25778227351488875
GBR,2013,goods,02,Dairy products and birds' eggs,2723956401.0,0.0035714368647990127,0.004419512415677186,0.8081065350399688,-0.10612951241603104
GBR,2013,goods,03,"Fish, crustacean and molluscs, and preparations thereof",2308300207.0,0.003026461235310716,0.005293677532392247,0.5717124280411238,-0.27249741385112347
GBR,2013,goods,04,Cereals and cereal preparations,2512794063.0,0.003294577456141264,0.007182595107787451,0.45868901235561027,-0.37109416953119884
GBR,2013,goods,05,Vegetables and fruit,1460100014.0,0.0019143680179237769,0.008413786854242428,0.22752751538488378,-0.6292913803833653
GBR,2013,goods,06,"Sugar, sugar preparations and honey",556700854.0,0.0007299022671254175,0.0019979672262260702,0.36532244250278256,-0.4648554346867582
GBR,2013,goods,07,"Coffee, tea, cocoa, spices, and manufactures thereof",2413029680.0,0.0031637742629956893,0.003801892783499511,0.8321576759677963,-0.09160910451855335
GBR,2013,goods,08,Feeding stuff for animals (not including unmilled cereals),1463273419.0,0.0019185287363551646,0.003177988979180407,0.6036926965209134,-0.24712172371854313
GBR,2013,goods,09,Miscellaneous edible products and preparations,801537026.0,0.0010509121519371061,0.00110733376306875,0.9490473306121519,-0.02614234584639105
GBR,2013,goods,11,Beverages,10231881883.0,0.013415236800339427,0.003912539817532248,3.4287796229511103,0.5484083268367047
GBR,2013,goods,12,Tobacco and tobacco manufactures,425116318.0,0.0005573789982010876,0.0015876192777805704,0.35107850225923287,-0.4802988846729928
GBR,2013,goods,21,"Hides, skins and furskins, raw",319247919.0,0.00041857270054263587,0.0007519084033872672,0.5566804396080832,-0.28478520646378064
GBR,2013,goods,22,Oil seeds and oleaginous fruit,303288062.0,0.0003976473943865626,0.003152019479103845,0.1261563886336192,-0.7759522746451113
GBR,2013,goods,23,Crude rubber (including synthetic and reclaimed),696625574.0,0.0009133605277353235,0.002207607665960084,0.4137331745213455,-0.4146941134610848
GBR,2013,goods,24,Cork and wood,183543579.0,0.00024064786943620026,0.0025637100901975372,0.093867036821491,-0.8283757830490155
GBR,2013,goods,25,Pulp and waste paper,785468814.0,0.0010298447792481972,0.0017690353382890929,0.5821504844805433,-0.26410225804572973
GBR,2013,goods,26,Textile fibres (not wool tops) and their wastes (not in yarn),1047944122.0,0.001373981708439332,0.00184388540830817,0.7451556925655205,-0.14602955399345355
GBR,2013,goods,27,Crude fertilizer and crude minerals,643980345.0,0.0008443362542420468,0.0014727568696225122,0.5733032190564229,-0.2712107721990713
GBR,2013,goods,28,Metalliferous ores and metal scrap,4451121590.0,0.005835959683639884,0.012424746492620594,0.46970452774276117,-0.3608177441432331
GBR,2013,goods,29,"Crude animal and vegetable materials, nes",801016153.0,0.0010502292243273266,0.0019186029540672715,0.547392685965031,-0.29249673863664455
GBR,2013,goods,32,"Coal, coke and briquettes",242698352.0,0.00031820694378241894,0.0046920846622376545,0.06781781802519013,-0.8729786731773935
GBR,2013,goods,33,"Petroleum, petroleum products and related materials",53629110034.0,0.07031426073173418,0.08638940568802131,0.8139222647932153,-0.10258308132515113
GBR,2013,goods,34,"Gas, natural and manufactured",4936068815.0,0.006471784249778739,0.01364815160844427,0.4741875995702283,-0.35667943522456874
GBR,2013,goods,35,Electric current,289290074.0,0.00037929433618127663,0.0014170209113908106,0.2676702461708896,-0.5776973594206991
GBR,2013,goods,41,Animal oils and fats,149303822.0,0.00019575539966441258,0.00017588020543974354,1.1130041562947701,0.053480328449957724
GBR,2013,goods,42,Fixed vegetable oils and fats,549442675.0,0.0007203859150860113,0.00324462178908664,0.2220246185577148,-0.6366282394216285
GBR,2013,goods,43,"Animal and vegetable oils and fats, processed, and waxes",70703577.0,9.270095559468376e-05,0.0003906656183665456,0.23728977221565029,-0.616436218023966
GBR,2013,goods,51,Organic chemicals,10484505976.0,0.013746457593133832,0.015070507115921577,0.9121430013865345,-0.045946876645605796
GBR,2013,goods,52,Inorganic chemicals,2376045074.0,0.0031152829636305543,0.004929788782137329,0.6319303120893369,-0.22554252787879694
GBR,2013,goods,53,"Dyeing, tanning and colouring materials",3284156785.0,0.00430592743974275,0.0030847838163727435,1.395860357179225,0.16522680714384066
GBR,2013,goods,54,Medicinal and pharmaceutical products,24424134911.0,0.03202299999366618,0.0139363245273525,2.2978081438054474,0.39353658163626964
GBR,2013,goods,55,Oils and perfume materials; toilet and cleansing preparations,7699190105.0,0.010094571029109795,0.00571295957963332,1.7669599947979509,0.2771850681758613
GBR,2013,goods,56,"Fertilizers, manufactured",317290801.0,0.00041600668172845967,0.002721273735999081,0.15287204525778003,-0.7347978973267616
GBR,2013,goods,57,Explosives and pyrotechnic products,32148919.0,4.215112783665931e-05,0.00016250571261721628,0.2593824374405021,-0.5880799513646445
GBR,2013,goods,58,"Artificial resins and plastic materials, and cellulose esters etc",10528885000.0,0.013804643870373516,0.016768904966790107,0.8232287020358725,-0.09695508729472024
GBR,2013,goods,59,"Chemical materials and products, nes",6711702895.0,0.00879985565700736,0.005945876029610872,1.4799931268636402,0.19354615206965134
GBR,2013,goods,61,"Leather, leather manufactures, nes, and dressed furskins",389108213.0,0.0005101680099557021,0.001331287790964131,0.3832139176956124,-0.44590794989391974
GBR,2013,goods,62,"Rubber manufactures, nes",2130993948.0,0.002793991248081944,0.005122848768216561,0.545397956195109,-0.2941650349558873
GBR,2013,goods,63,"Cork and wood, cork manufactures",805881323.0,0.0010566080516408384,0.002215303274016642,0.476958646716152,-0.3541340540893074
GBR,2013,goods,64,"Paper, paperboard, and articles of pulp, of paper or of paperboard",3398019202.0,0.004455214863520763,0.006942825213769031,0.6417005651654845,-0.2182489562573786
GBR,2013,goods,65,"Textile yarn, fabrics, made-up articles, nes, and related products",4574186913.0,0.005997313232169238,0.012247032017418297,0.4896952358448627,-0.3425564852972924
GBR,2013,goods,66,"Non-metallic mineral manufactures, nes",10077670977.0,0.013213047619029378,0.013772979030707707,0.9593456571428791,-0.020748938661697452
GBR,2013,goods,67,Iron and steel,9337819709.0,0.012243012969416977,0.017564194894283187,0.6970437895449364,-0.1785199723905189
GBR,2013,goods,68,Non-ferrous metals,10334141083.0,0.013549311000833524,0.012974029614820672,1.0443409952876699,0.021689627801760356
GBR,2013,goods,69,"Manufactures of metals, nes",8274089723.0,0.01084833408072483,0.01497699040992192,0.7243333796580421,-0.1598685170710006
GBR,2013,goods,71,Power generating machinery and equipment,32945542856.0,0.04319559822746743,0.015127039699900372,2.8555222359700636,0.48126352862369304
GBR,2013,goods,72,Machinery specialized for particular industries,10767940530.0,0.014118074633164961,0.014139822100523957,0.9984619702281693,-0.0007696067249431353
GBR,2013,goods,73,Metalworking machinery,1876145997.0,0.0024598547080162676,0.0037988137755141475,0.6475323228192044,-0.21393672967682012
GBR,2013,goods,74,"General industrial machinery and equipment, nes, and parts of, nes",18344838054.0,0.02405230527212957,0.02576329171973168,0.9335882050238287,-0.034346400543621904
GBR,2013,goods,75,Office machines and automatic data processing equipment,9053144616.0,0.011869769432458366,0.02439193004279273,0.4866269053590377,-0.34532746097244665
GBR,2013,goods,76,"Telecommunications, sound recording and reproducing equipment",8115009777.0,0.010639760998062398,0.02223680852764034,0.4784751815817985,-0.35274506120571464
GBR,2013,goods,77,"Electric machinery, apparatus and appliances, nes, and parts, nes",16772113583.0,0.0219902729459738,0.047332916970222835,0.46458731795059016,-0.36557238717498763
GBR,2013,goods,78,Road vehicles,46975921570.0,0.06159112458312989,0.050943397157636565,1.2090109419390613,0.09461743170705726
GBR,2013,goods,79,Other transport equipment,2380786106.0,0.0031214990309860286,0.015280762419946085,0.20427639310140144,-0.6607483227744362
GBR,2013,goods,81,"Sanitary, plumbing, heating, lighting fixtures and fittings, nes",621248837.0,0.0008145324932002511,0.0017855609968947844,0.4561773552495715,-0.3734590726808987
GBR,2013,goods,82,Furniture and parts thereof,2057631741.0,0.002697804506448844,0.0060681890482963624,0.4445814863342548,-0.38448403147901733
GBR,2013,goods,83,"Travel goods, handbags and similar containers",662936454.0,0.0008691900097833963,0.0019626814841549036,0.4428584142666706,-0.38613739243188
GBR,2013,goods,84,Articles of apparel and clothing accessories,8147455410.0,0.010682301153901676,0.01757953719981452,0.6076554253097394,-0.24404767869624144
GBR,2013,goods,85,Footwear,1776076493.0,0.0023286514642725173,0.004248440728026589,0.548119089648729,-0.29189027728726186
GBR,2013,goods,87,"Professional, scientific, controlling instruments, apparatus, nes",12420945547.0,0.01628536448157965,0.015274510017687818,1.0661791745019165,0.03202973649072324
GBR,2013,goods,88,"Photographic equipment and supplies, optical goods; watches, etc",3559777137.0,0.004667299114216067,0.005441489198445596,0.8577245941330395,-0.07658584394925204
GBR,2013,goods,89,"Miscellaneous manufactured articles, nes",23847594467.0,0.031267085620369575,0.025527824896742254,1.2248237265353437,0.10105237725303093
GBR,2013,goods,94,"Animals, live, nes, (including zoo animals, pets, insects, etc)",33283312.0,4.36384544979387e-05,5.265798773346712e-05,0.8287148137680165,-0.0936642416534348
GBR,2013,goods,95,"Armoured fighting vehicles, war firearms, ammunition, parts, nes",97474788.0,0.00012780125670288524,0.0004327433639676165,0.29532805663647105,-0.5440104070572852
GBR,2013,goods,96,"Coin (other than gold coin), not being legal tender",30665403.0,4.0206058624107265e-05,1.45606297033441e-05,2.7612857028342153,0.46826692838224065
GBR,2013,goods,97,"Gold, non-monetary (excluding gold ores and concentrates)",80364879793.0,0.10536809407907313,0.016883610558544707,6.240850777368049,0.7237893637787447
GBR,2013,services,financial,Financial services,112842039743.0,0.14794958556947385,0.03909156004724985,3.7846938160218637,0.5820004211548777
GBR,2013,services,ict,ICT,65261632403.0,0.08556590690492333,0.13875853034222935,0.6166533091254748,-0.23712362366789438
GBR,2013,services,transport,Transport,36967819850.0,0.04846929068874576,0.07830346306761496,0.6189929383696935,-0.23533583908894382
GBR,2013,services,travel,Travel & tourism,54628494357.0,0.07162457466038373,0.08893754218402111,0.8053356647992921,-0.10782722515059254
GBR,2014,goods,00,Live animals chiefly for food,630735263.0,0.000828566849280512,0.0008686203414876554,0.9538883787380051,-0.023599926057074894
GBR,2014,goods,01,Meat and preparations,2563587058.0,0.0033676621177011266,0.0055035645313486516,0.6119056292551328,-0.24076742688975344
GBR,2014,goods,02,Dairy products and birds' eggs,3239823508.0,0.004256001707404927,0.004506754109748963,0.9443607536072112,-0.028615701221887942
GBR,2014,goods,03,"Fish, crustacean and molluscs, and preparations thereof",2687429450.0,0.0035303479647849642,0.005417530756758915,0.6516525929050794,-0.2109084008291447
GBR,2014,goods,04,Cereals and cereal preparations,2911307146.0,0.003824445422277047,0.006942477538067029,0.5508761679539945,-0.2895936125180875
GBR,2014,goods,05,Vegetables and fruit,1473105692.0,0.0019351487279658064,0.008435307344453188,0.22941057734408501,-0.6267958295272125
GBR,2014,goods,06,"Sugar, sugar preparations and honey",638501037.0,0.0008387683764074399,0.001784133624041857,0.4701264328549876,-0.3604272090503108
GBR,2014,goods,07,"Coffee, tea, cocoa, spices, and manufactures thereof",2536979859.0,0.003332709508679789,0.004006281999846276,0.831870923915907,-0.09177997963125652
GBR,2014,goods,08,Feeding stuff for animals (not including unmilled cereals),1516781697.0,0.00199252381379799,0.0031642542674137843,0.6296977566934038,-0.22722142298209072
GBR,2014,goods,09,Miscellaneous edible products and preparations,893572754.0,0.001173843932338836,0.0011194496588539703,1.048590191666637,0.023718844239465096
GBR,2014,goods,11,Beverages,10240973747.0,0.01345307904739144,0.0038451803952959714,3.4986860600478873,0.5554257458057185
GBR,2014,goods,12,Tobacco and tobacco manufactures,435733907.0,0.0005724028631766504,0.0014889122399847697,0.38444365477343756,-0.4446236169339065
GBR,2014,goods,21,"Hides, skins and furskins, raw",322030554.0,0.0004230361883220691,0.0006727850086499229,0.6287836127189805,-0.2279101928471248
GBR,2014,goods,22,Oil seeds and oleaginous fruit,268357997.0,0.0003525291086404964,0.003138003000253763,0.11234186475028488,-0.798008385173015
GBR,2014,goods,23,Crude rubber (including synthetic and reclaimed),608321184.0,0.0007991225421266333,0.0016984437780130654,0.4705027934816256,-0.36007902117935736
GBR,2014,goods,24,Cork and wood,199130233.0,0.00026158789500453893,0.002614842428146487,0.10003963993729584,-0.8181162999853383
GBR,2014,goods,25,Pulp and waste paper,801322257.0,0.0010526588518023586,0.0017512449117982587,0.601091740344553,-0.2491476594399284
GBR,2014,goods,26,Textile fibres (not wool tops) and their wastes (not in yarn),975483668.0,0.001281446395552736,0.001614627196741513,0.7936484645736361,-0.11504569568787561
GBR,2014,goods,27,Crude fertilizer and crude minerals,689555445.0,0.0009058361185489503,0.0014709858712669388,0.615802052380535,-0.2377753803774617
GBR,2014,goods,28,Metalliferous ores and metal scrap,4444988881.0,0.0058391700104090715,0.011480478734612378,0.5086172924831625,-0.3257172710171104
GBR,2014,goods,29,"Crude animal and vegetable materials, nes",861786769.0,0.0011320881990103072,0.001884126053712489,0.6008558699029911,-0.24933170911957006
GBR,2014,goods,32,"Coal, coke and briquettes",177442143.0,0.00023309728499370752,0.004151704011137399,0.05614496707096619,-0.893679430719299
GBR,2014,goods,33,"Petroleum, petroleum products and related materials",48662794063.0,0.06392599291529752,0.08060054749206078,0.7931210755310848,-0.115373650609534
GBR,2014,goods,34,"Gas, natural and manufactured",4699507848.0,0.006173519445013809,0.013190899473815005,0.46801353139478785,-0.3623852622800838
GBR,2014,goods,35,Electric current,233408708.0,0.0003066178936347103,0.00135447558798966,0.22637387956899155,-0.6308240360622316
GBR,2014,goods,41,Animal oils and fats,171186869.0,0.00022488002971466294,0.0001561630850012659,1.4400332172794872,0.180339027421152
GBR,2014,goods,42,Fixed vegetable oils and fats,500525039.0,0.000657515884838415,0.0030708407256136816,0.21411591925107612,-0.6472891659584648
GBR,2014,goods,43,"Animal and vegetable oils and fats, processed, and waxes",85167814.0,0.0001118808974948475,0.00040557851121900444,0.27585509192432045,-0.567576139844754
GBR,2014,goods,51,Organic chemicals,9735383509.0,0.012788909252073297,0.014266062759458714,0.8964568197762882,-0.0545982271486287
GBR,2014,goods,52,Inorganic chemicals,2520400324.0,0.003310929763859202,0.0047808142664597575,0.6925451563946615,-0.18165237272620646
GBR,2014,goods,53,"Dyeing, tanning and colouring materials",3568187281.0,0.0046873575436370786,0.0030747343596717047,1.5244756116549714,0.20775626004607772
GBR,2014,goods,54,Medicinal and pharmaceutical products,26170891137.0,0.034379452179523005,0.01429762679053587,2.404556552160114,0.41255198162854856
GBR,2014,goods,55,Oils and perfume materials; toilet and cleansing preparations,8052918919.0,0.010578735719469766,0.005743992048601261,1.8417044504868056,0.2961970413012568
GBR,2014,goods,56,"Fertilizers, manufactured",404689994.0,0.0005316219544616286,0.0026047874584932667,0.2040941777142708,-0.6609996435632596
GBR,2014,goods,57,Explosives and pyrotechnic products,27448945.0,3.6058370617410784e-05,0.000162187306980098,0.22232547841635664,-0.6362254042116486
GBR,2014,goods,58,"Artificial resins and plastic materials, and cellulose esters etc",11116947374.0,0.014603803845500932,0.01684142810987792,0.8671357173644576,-0.07115941353373394
GBR,2014,goods,59,"Chemical materials and products, nes",7083805974.0,0.009305658239044182,0.006031284990163424,1.5428981144517324,0.21349581855692445
GBR,2014,goods,61,"Leather, leather manufactures, nes, and dressed furskins",421943867.0,0.0005542875449686494,0.0013261239056752718,0.41797568281253644,-0.4104614234519352
GBR,2014,goods,62,"Rubber manufactures, nes",2066992713.0,0.0027153097982032244,0.004942922193192012,0.5493329031039729,-0.2908781553616716
GBR,2014,goods,63,"Cork and wood, cork manufactures",951492525.0,0.0012499303745971291,0.002267104961559644,0.5513332623723102,-0.2892136386875283
GBR,2014,goods,64,"Paper, paperboard, and articles of pulp, of paper or of paperboard",3517800702.0,0.004621167096618971,0.00688868826852124,0.670834114781474,-0.19700692145705745
GBR,2014,goods,65,"Textile yarn, fabrics, made-up articles, nes, and related products",4836568404.0,0.006353569364064483,0.01214833807343342,0.5229990576207934,-0.31319844880558917
GBR,2014,goods,66,"Non-metallic mineral manufactures, nes",6119988971.0,0.008039537785178427,0.0134262082887719,0.5987943589331732,-0.2509426173698405
GBR,2014,goods,67,Iron and steel,9901760953.0,0.013007471369419868,0.017683620005741363,0.7355660981855929,-0.15236175798251264
GBR,2014,goods,68,Non-ferrous metals,10413450419.0,0.013679653429825212,0.012546496254983589,1.090316623207975,0.043207149675424585
GBR,2014,goods,69,"Manufactures of metals, nes",9091489505.0,0.01194305639198849,0.01518028651543322,0.7867477586701963,-0.1193521806841491
GBR,2014,goods,71,Power generating machinery and equipment,32893538262.0,0.04321067325426089,0.015060512020446499,2.8691370649017167,0.4830888731901764
GBR,2014,goods,72,Machinery specialized for particular industries,11084338963.0,0.014560967730339389,0.013828075039164212,1.0530003409078603,0.025816040967836844
GBR,2014,goods,73,Metalworking machinery,1965504571.0,0.0025819896637678786,0.003843763506939207,0.6717347878209916,-0.196362015416861
GBR,2014,goods,74,"General industrial machinery and equipment, nes, and parts of, nes",19519898100.0,0.025642359664602505,0.02605439383003554,0.9841856169012829,-0.007970213554624246
GBR,2014,goods,75,Office machines and automatic data processing equipment,9670301114.0,0.012703413612092282,0.02425694610696852,0.523702099846891,-0.3125925338036679
GBR,2014,goods,76,"Telecommunications, sound recording and reproducing equipment",8018595520.0,0.01053364670632222,0.022313612417112348,0.47207267516414997,-0.3586285743514539
GBR,2014,goods,77,"Electric machinery, apparatus and appliances, nes, and parts, nes",18211099028.0,0.02392305271120596,0.047046241826512424,0.5085008234966893,-0.325819627571711
GBR,2014,goods,78,Road vehicles,51168402852.0,0.06721749174470622,0.05114614894632017,1.3142239079476645,0.13577938887785898
GBR,2014,goods,79,Other transport equipment,17558703494.0,0.02306603179640885,0.015855425492928534,1.4547721728878371,0.18526044001583866
GBR,2014,goods,81,"Sanitary, plumbing, heating, lighting fixtures and fittings, nes",685528975.0,0.0009005467368426631,0.0019849301530844546,0.45369190217765143,-0.375807347488124
GBR,2014,goods,82,Furniture and parts thereof,2492278759.0,0.0032739878044100645,0.006118149012372053,0.5351271761752522,-0.3028236559416347
GBR,2014,goods,83,"Travel goods, handbags and similar containers",704061527.0,0.0009248920670002497,0.0019485383441874915,0.47465941317460425,-0.3562453690201303
GBR,2014,goods,84,Articles of apparel and clothing accessories,9254867813.0,0.012157678687333884,0.017923170264773546,0.678321887686843,-0.19166651801014867
GBR,2014,goods,85,Footwear,1984849410.0,0.002607402056637482,0.004540889306767387,0.5742051568514593,-0.27048243444975467
GBR,2014,goods,87,"Professional, scientific, controlling instruments, apparatus, nes",13533734189.0,0.017778621481608324,0.015175637765578441,1.1715238434284456,0.07898777807460787
GBR,2014,goods,88,"Photographic equipment and supplies, optical goods; watches, etc",3803550227.0,0.004996542626578286,0.0054564233184081785,0.9157175561730326,-0.043995234869244344
GBR,2014,goods,89,"Miscellaneous manufactured articles, nes",26823401590.0,0.035236624057932486,0.026076011972944724,1.3513041831125248,0.14940822443801718
GBR,2014,goods,94,"Animals, live, nes, (including zoo animals, pets, insects, etc)",36365681.0,4.777186165998488e-05,5.855004507565377e-05,0.8159150278750056,-0.1013731200519948
GBR,2014,goods,95,"Armoured fighting vehicles, war firearms, ammunition, parts, nes",106672439.0,0.00014013049828054026,0.0004086306293152206,0.34292705496739107,-0.48928416670298147
GBR,2014,goods,96,"Coin (other than gold coin), not being legal tender",44681561.0,5.869603681680471e-05,1.5610478708837532e-05,3.7600407976966927,0.5798355339795054
GBR,2014,goods,97,"Gold, non-monetary (excluding gold ores and concentrates)",38382354920.0,0.05042107005840699,0.010721574692773598,4.702767224332362,0.6492930675012524
GBR,2014,services,financial,Financial services,113566765809.0,0.14918724677256692,0.03975403088709841,3.7527577315683844,0.5791916792400839
GBR,2014,services,ict,ICT,72216101512.0,0.09486685017818555,0.14763489540529248,0.6425774199097968,-0.21759862016721945
GBR,2014,services,transport,Transport,38170061411.0,0.05014219019518483,0.07830941259073018,0.6403085981150671,-0.21928276319362475
GBR,2014,services,travel,Travel & tourism,59869061281.0,0.07864713198218642,0.09391750671157557,0.8374065148866752,-0.0884907524796455
GBR,2015,goods,00,Live animals chiefly for food,637247771.0,0.0009146348573868071,0.000827776139648498,1.104930202234619,0.049849729992578314
GBR,2015,goods,01,Meat and preparations,2047308782.0,0.002938480228675963,0.005351312153404916,0.5491139639100059,-0.29106059760248076
GBR,2015,goods,02,Dairy products and birds' eggs,2724789055.0,0.003910860362552854,0.004083357540530221,0.9577560435829557,-0.02157774282220177
GBR,2015,goods,03,"Fish, crustacean and molluscs, and preparations thereof",2114324843.0,0.0030346676587224785,0.005384464689369196,0.5635969095895395,-0.2791020420506081
GBR,2015,goods,04,Cereals and cereal preparations,2919356107.0,0.004190120355222473,0.00685892274857393,0.6109006485156375,-0.2415414953385844
GBR,2015,goods,05,Vegetables and fruit,1417083252.0,0.0020339243181099376,0.009219489263197465,0.220611387469043,-0.6385231372837112
GBR,2015,goods,06,"Sugar, sugar preparations and honey",545638031.0,0.0007831483849450816,0.0017402862934527844,0.45001123544522653,-0.37929965720982783
GBR,2015,goods,07,"Coffee, tea, cocoa, spices, and manufactures thereof",2316127081.0,0.0033243122358762346,0.004306583112776624,0.7719141019277622,-0.12872288663659862
GBR,2015,goods,08,Feeding stuff for animals (not including unmilled cereals),1371667567.0,0.0019687396749248944,0.003070534347118343,0.6411716829588737,-0.2186415478447651
GBR,2015,goods,09,Miscellaneous edible products and preparations,799061170.0,0.0011468838849281518,0.0011450778702032731,1.0015771981730448,0.000787977688037415
GBR,2015,goods,11,Beverages,9096714670.0,0.013056416520417967,0.0039680585086994515,3.2903790334223837,0.5338407202674063
GBR,2015,goods,12,Tobacco and tobacco manufactures,374783384.0,0.0005379225515969438,0.0015281056379705695,0.3520192179326963,-0.47926891383844245
GBR,2015,goods,21,"Hides, skins and furskins, raw",234946918.0,0.00033721677912059713,0.0006297222047532354,0.5355008550996543,-0.302506601255002
GBR,2015,goods,22,Oil seeds and oleaginous fruit,163614817.0,0.00023483458338085505,0.00298819901451308,0.07858733044228676,-0.8542772973050571
GBR,2015,goods,23,Crude rubber (including synthetic and reclaimed),445389533.0,0.0006392627962554797,0.0015169106798976787,0.42142415155162616,-0.40703955101424205
GBR,2015,goods,24,Cork and wood,166385685.0,0.00023881158035652227,0.00255978111309233,0.09329375044416482,-0.8293345216575818
GBR,2015,goods,25,Pulp and waste paper,739707570.0,0.0010616943025680535,0.0018146220075896749,0.5850773869861086,-0.2617680476805186
GBR,2015,goods,26,Textile fibres (not wool tops) and their wastes (not in yarn),787273436.0,0.0011299650773674995,0.0015375442925044034,0.734915464143784,-0.1527939207038198
GBR,2015,goods,27,Crude fertilizer and crude minerals,563560275.0,0.0008088719885902822,0.0014624867388781317,0.5530798790085201,-0.28776376993357994
GBR,2015,goods,28,Metalliferous ores and metal scrap,3295980381.0,0.004730685116395093,0.009248846895873755,0.5114891801815449,-0.32319835710618855
GBR,2015,goods,29,"Crude animal and vegetable materials, nes",817802812.0,0.001173783561691187,0.0018360307195299087,0.6393049687053812,-0.22002924299038312
GBR,2015,goods,32,"Coal, coke and briquettes",120937556.0,0.00017358037064796417,0.003611346126525763,0.04806528218743584,-0.9082780757948246
GBR,2015,goods,33,"Petroleum, petroleum products and related materials",26964174837.0,0.038701389520580096,0.050836275953502694,0.7612947407079592,-0.13552828710320924
GBR,2015,goods,34,"Gas, natural and manufactured",4232240097.0,0.006074488595655396,0.008450697486084718,0.7188150570598356,-0.16359232006098007
GBR,2015,goods,35,Electric current,217304812.0,0.00031189525452743707,0.0013233364029491162,0.23568856250939982,-0.6185308019186153
GBR,2015,goods,41,Animal oils and fats,135356996.0,0.00019427643746558763,0.00013651433644532731,1.4231211352911164,0.17461823477524255
GBR,2015,goods,42,Fixed vegetable oils and fats,425213827.0,0.0006103048228897508,0.0030692619683453286,0.1988441616206428,-0.6682735454926222
GBR,2015,goods,43,"Animal and vegetable oils and fats, processed, and waxes",68382470.0,9.814862215690294e-05,0.00039132972434597084,0.25080799144746463,-0.5989664390339822
GBR,2015,goods,51,Organic chemicals,9022680930.0,0.0129501566913401,0.012994461965759666,0.9965904494902283,-0.0017076864765341248
GBR,2015,goods,52,Inorganic chemicals,2672919678.0,0.003836412804798842,0.0048288735560773404,0.7944736511003804,-0.11453294328038187
GBR,2015,goods,53,"Dyeing, tanning and colouring materials",3395825819.0,0.004873992197410922,0.0030601247702842066,1.5927429641890891,0.228616169198429
GBR,2015,goods,54,Medicinal and pharmaceutical products,26378768031.0,0.03786116144150993,0.01528099212546988,2.477663827756585,0.42490128458155624
GBR,2015,goods,55,Oils and perfume materials; toilet and cleansing preparations,6842770335.0,0.009821354509662771,0.005997211219250852,1.6376535944134407,0.24175031769296515
GBR,2015,goods,56,"Fertilizers, manufactured",378755572.0,0.0005436237902206464,0.0027989672910189735,0.1942229878730517,-0.6747291086416468
GBR,2015,goods,57,Explosives and pyrotechnic products,33448950.0,4.8008917418384254e-05,0.00016936228387055358,0.28346876483478617,-0.5582771118371929
GBR,2015,goods,58,"Artificial resins and plastic materials, and cellulose esters etc",10189261724.0,0.014624537531426833,0.01661930617306772,0.8799728086799741,-0.06384517412478068
GBR,2015,goods,59,"Chemical materials and products, nes",6418646364.0,0.009212613945343227,0.006184402458917149,1.4896530435304656,0.19667521336069804
GBR,2015,goods,61,"Leather, leather manufactures, nes, and dressed furskins",391323246.0,0.000561662037257016,0.001320276698152302,0.42541236851566766,-0.403102740074208
GBR,2015,goods,62,"Rubber manufactures, nes",1833901691.0,0.002632179331089742,0.0049664480299767035,0.529992323528268,-0.30719610108099227
GBR,2015,goods,63,"Cork and wood, cork manufactures",1013174480.0,0.001454198411033363,0.002350369752222586,0.6187104857260122,-0.23555139577845796
GBR,2015,goods,64,"Paper, paperboard, and articles of pulp, of paper or of paperboard",2847426260.0,0.004086880221091506,0.0069125988865284755,0.5912219540260274,-0.25689568003992375
GBR,2015,goods,65,"Textile yarn, fabrics, made-up articles, nes, and related products",4306794797.0,0.006181496153006297,0.012533041136590614,0.4932159789182548,-0.33939097105622973
GBR,2015,goods,66,"Non-metallic mineral manufactures, nes",5837782081.0,0.008378905700575126,0.013815898681247246,0.6064683806597452,-0.24496692501264114
GBR,2015,goods,67,Iron and steel,7091281515.0,0.010178039927834798,0.015950304375073127,0.6381094484780411,-0.22091964114985696
GBR,2015,goods,68,Non-ferrous metals,9760197644.0,0.01400870648190465,0.012214625194102637,1.1468797657965155,0.0684154595597586
GBR,2015,goods,69,"Manufactures of metals, nes",8108390340.0,0.01163788526184184,0.015726690796239784,0.7400085251643933,-0.14941965575199875
GBR,2015,goods,71,Power generating machinery and equipment,28658422842.0,0.04113312542135747,0.015287042542604556,2.6907183195651228,0.45810006973502654
GBR,2015,goods,72,Machinery specialized for particular industries,9020200629.0,0.012946596742047768,0.013466097673036564,0.9614215681779137,-0.01966860793619406
GBR,2015,goods,73,Metalworking machinery,1750338694.0,0.002512242262147199,0.0038715715900290025,0.6488946939835302,-0.21293373512424973
GBR,2015,goods,74,"General industrial machinery and equipment, nes, and parts of, nes",17682822394.0,0.025379964394622305,0.026516081465806644,0.9571536588975487,-0.02189217024818909
GBR,2015,goods,75,Office machines and automatic data processing equipment,8983049644.0,0.01289327433369484,0.0247931434127106,0.5200338706178297,-0.3157601542043825
GBR,2015,goods,76,"Telecommunications, sound recording and reproducing equipment",6835629538.0,0.009811105400693,0.024769604886914934,0.39609454593585075,-0.43256773391327197
GBR,2015,goods,77,"Electric machinery, apparatus and appliances, nes, and parts, nes",16463948597.0,0.02363052797094965,0.04989357614438903,0.4736186458666405,-0.3572032395286317
GBR,2015,goods,78,Road vehicles,45961280023.0,0.06596772984106948,0.054018968218125483,1.2211956654687588,0.0995840523676143
GBR,2015,goods,79,Other transport equipment,18862139088.0,0.02707262493471005,0.017796642387582755,1.5212209328653714,0.20673354170235414
GBR,2015,goods,81,"Sanitary, plumbing, heating, lighting fixtures and fittings, nes",654723342.0,0.0009397173560894004,0.002245610830706898,0.4184684822675111,-0.4099714057818713
GBR,2015,goods,82,Furniture and parts thereof,2392149194.0,0.00343342595529009,0.006567225041452737,0.5228122888462158,-0.3133595090142945
GBR,2015,goods,83,"Travel goods, handbags and similar containers",763558150.0,0.0010959267829777693,0.00215330419214776,0.5089512141267251,-0.32542389792068893
GBR,2015,goods,84,Articles of apparel and clothing accessories,8705521264.0,0.01249494084111352,0.018775396089390512,0.6654954591436868,-0.20084386241935384
GBR,2015,goods,85,Footwear,2042584799.0,0.002931699946791693,0.004803455988454623,0.6103313851190059,-0.24198038893230478
GBR,2015,goods,87,"Professional, scientific, controlling instruments, apparatus, nes",12448329604.0,0.017866953311098374,0.015803248520263602,1.1305873781702922,0.06129172617291958
GBR,2015,goods,88,"Photographic equipment and supplies, optical goods; watches, etc",5041859001.0,0.007236525882401281,0.005744025693628163,1.2598352215639887,0.11497972024002784
GBR,2015,goods,89,"Miscellaneous manufactured articles, nes",27952442625.0,0.040119839625033044,0.026592281237827052,1.5087024413672068,0.20277512110602133
GBR,2015,goods,94,"Animals, live, nes, (including zoo animals, pets, insects, etc)",34536434.0,4.95697714825571e-05,5.8833293248612856e-05,0.8425462649709113,-0.0854544268561823
GBR,2015,goods,95,"Armoured fighting vehicles, war firearms, ammunition, parts, nes",113810840.0,0.00016335147198572581,0.0005111644300751431,0.31956736888306675,-0.5156482701545416
GBR,2015,goods,96,"Coin (other than gold coin), not being legal tender",43055869.0,6.179762471461049e-05,1.550229060553683e-05,3.986354422522484,0.5989053664203345
GBR,2015,goods,97,"Gold, non-monetary (excluding gold ores and concentrates)",37556680208.0,0.0539046983123398,0.011895835104514342,4.531392528455909,0.6384273960469948
GBR,2015,services,financial,Financial services,105371104148.0,0.15123801008179028,0.04155699972445089,3.6392908796254213,0.5688996331781031
GBR,2015,services,ict,ICT,71969577814.0,0.1032971593400781,0.16194635314449096,0.6378480116061325,-0.2211145270059145
GBR,2015,services,transport,Transport,36351552626.0,0.05217499168289837,0.07908134735372763,0.6597635653515331,-0.20499090457887342
GBR,2015,services,travel,Travel & tourism,58798647428.0,0.08439306491484916,0.09921585938018976,0.8506005536016126,-0.08073025057062062
GBR,2016,goods,00,Live animals chiefly for food,638725772.0,0.0010095752764521528,0.0008455347903206523,1.1940079675128346,0.08842628212183083
GBR,2016,goods,01,Meat and preparations,1977366797.0,0.00312544243279506,0.005368422588395442,0.5821900905400255,-0.26407061449700375
GBR,2016,goods,02,Dairy products and birds' eggs,2609580567.0,0.004124724784634478,0.00409083636856464,1.0082839823001104,0.004124905826626504
GBR,2016,goods,03,"Fish, crustacean and molluscs, and preparations thereof",2268438798.0,0.003585513262498572,0.005818406408253038,0.6162363043964668,-0.23744281362794767
GBR,2016,goods,04,Cereals and cereal preparations,2829988685.0,0.004473103692166878,0.006708195987887395,0.6668117181197007,-0.19989557204227168
GBR,2016,goods,05,Vegetables and fruit,1434074518.0,0.002266710130435817,0.009732122017152508,0.2329101635224901,-0.6221782082531409
GBR,2016,goods,06,"Sugar, sugar preparations and honey",504141546.0,0.000796850327614408,0.0019452313131316508,0.40964296751503004,-0.41879897682579353
GBR,2016,goods,07,"Coffee, tea, cocoa, spices, and manufactures thereof",2226056873.0,0.0035185240387594534,0.004428036079708259,0.7946014836878365,-0.11445355315882028
GBR,2016,goods,08,Feeding stuff for animals (not including unmilled cereals),1456797886.0,0.0023026268752051574,0.002980580129798057,0.7725431878797256,-0.1283222962777865
GBR,2016,goods,09,Miscellaneous edible products and preparations,786686682.0,0.0012434435234615472,0.0011750442061917998,1.0582099949170616,0.028281854164937743
GBR,2016,goods,11,Beverages,8716421958.0,0.013777249163388173,0.004068377220316441,3.3864237304712295,0.5440476974199796
GBR,2016,goods,12,Tobacco and tobacco manufactures,310837666.0,0.0004913126044704079,0.0015786497506047868,0.31122331237957257,-0.5252931984334951
GBR,2016,goods,21,"Hides, skins and furskins, raw",195628430.0,0.00030921192623984274,0.0004930761878532361,0.6271078057654643,-0.22917485424950718
GBR,2016,goods,22,Oil seeds and oleaginous fruit,195299492.0,0.00030869200409665797,0.0030923866285877963,0.09982322431578637,-0.8184740563595797
GBR,2016,goods,23,Crude rubber (including synthetic and reclaimed),320391750.0,0.0005064138692359498,0.0014674355474818455,0.34510126874394453,-0.48687689653850363
GBR,2016,goods,24,Cork and wood,150086273.0,0.00023722761347360865,0.002653435107324669,0.08940396274201476,-0.8358662795443002
GBR,2016,goods,25,Pulp and waste paper,777718676.0,0.0012292686184654253,0.0017793274435163185,0.6908613830156728,-0.18282907167290943
GBR,2016,goods,26,Textile fibres (not wool tops) and their wastes (not in yarn),687644261.0,0.0010868962477058328,0.0014859584216325666,0.7314445894870334,-0.15510482526762823
GBR,2016,goods,27,Crude fertilizer and crude minerals,523308235.0,0.0008271453559256306,0.0013276344508898808,0.6230219134274614,-0.23226925246896066
GBR,2016,goods,28,Metalliferous ores and metal scrap,3115644149.0,0.004924613098362981,0.009116969488620952,0.5401589974069209,-0.29856722803768154
GBR,2016,goods,29,"Crude animal and vegetable materials, nes",680711975.0,0.0010759390187013089,0.0018608931226370411,0.5781842092987121,-0.26727918592515104
GBR,2016,goods,32,"Coal, coke and briquettes",109585743.0,0.00017321213834540494,0.0035054457024405847,0.04941230104486001,-0.9058286223714701
GBR,2016,goods,33,"Petroleum, petroleum products and related materials",22109654443.0,0.03494670400829433,0.04376234382947649,0.7985564974414302,-0.11200287722133664
GBR,2016,goods,34,"Gas, natural and manufactured",2804463070.0,0.0044327576924437975,0.007323433673478832,0.6052840634710243,-0.24588541399676112
GBR,2016,goods,35,Electric current,163096348.0,0.0002577914464056361,0.0011912111682886512,0.21641120673506709,-0.6441808402671166
GBR,2016,goods,41,Animal oils and fats,134096377.0,0.00021195385064407126,0.00014610508134622113,1.4506945870130974,0.18390483636820829
GBR,2016,goods,42,Fixed vegetable oils and fats,363567518.0,0.0005746578478343802,0.003156264507896084,0.1820689762840688,-0.6919486426986391
GBR,2016,goods,43,"Animal and vegetable oils and fats, processed, and waxes",70211132.0,0.00011097630016864043,0.00041733987720578275,0.2659134825832136,-0.579886799150614
GBR,2016,goods,51,Organic chemicals,8762922874.0,0.013850748898617236,0.013169600718861297,1.0517212476138633,0.025208710819764016
GBR,2016,goods,52,Inorganic chemicals,2006784015.0,0.0031719395326409126,0.004636142947010643,0.6841763873320947,-0.1875240711385354
GBR,2016,goods,53,"Dyeing, tanning and colouring materials",2862146384.0,0.004523932419112297,0.0031124755379384594,1.453483686528413,0.1848325664516952
GBR,2016,goods,54,Medicinal and pharmaceutical products,24441851679.0,0.038632994389067705,0.016339487322852553,2.364394526322454,0.40553939665745553
GBR,2016,goods,55,Oils and perfume materials; toilet and cleansing preparations,6728332162.0,0.010634857869040332,0.006280479173222562,1.693319502496416,0.25742192927864066
GBR,2016,goods,56,"Fertilizers, manufactured",369762165.0,0.0005844491584902284,0.0023606688132881944,0.24757778609196118,-0.6031064533979899
GBR,2016,goods,57,Explosives and pyrotechnic products,31845470.0,5.033521518683724e-05,0.00016263548022065364,0.3094971350565422,-0.5273038378305752
GBR,2016,goods,58,"Artificial resins and plastic materials, and cellulose esters etc",9724201829.0,0.015370154423312053,0.01657284375565905,0.9274301169987004,-0.03765110981782411
GBR,2016,goods,59,"Chemical materials and products, nes",5467370244.0,0.008641770956366817,0.006194343455291989,1.3951068452595936,0.16496418355681747
GBR,2016,goods,61,"Leather, leather manufactures, nes, and dressed furskins",371217970.0,0.0005867502160015503,0.0012399000591114036,0.4732237987165315,-0.3575669913440133
GBR,2016,goods,62,"Rubber manufactures, nes",1707773789.0,0.0026993214783689917,0.004838134041017131,0.5579261458001085,-0.28375790174113447
GBR,2016,goods,63,"Cork and wood, cork manufactures",826987591.0,0.001307143475974107,0.0024140443653752667,0.5414745042479406,-0.2974590202358009
GBR,2016,goods,64,"Paper, paperboard, and articles of pulp, of paper or of paperboard",2773375838.0,0.004383620954556647,0.0068308548653616364,0.6417382657016196,-0.2182209806416812
GBR,2016,goods,65,"Textile yarn, fabrics, made-up articles, nes, and related products",3842241148.0,0.006073078368267152,0.01240853047919919,0.48942768673918674,-0.34279765161248776
GBR,2016,goods,66,"Non-metallic mineral manufactures, nes",5307543560.0,0.008389147568119176,0.013506822549592326,0.6211044483124851,-0.2337267978518795
GBR,2016,goods,67,Iron and steel,5039651109.0,0.00796571452825466,0.014689542100017076,0.5422711255407614,-0.2967888504680049
GBR,2016,goods,68,Non-ferrous metals,8162156620.0,0.012901172752556898,0.011469804294861916,1.12479449700255,0.058732501980119874
GBR,2016,goods,69,"Manufactures of metals, nes",7444031393.0,0.01176609803605432,0.015398075114084128,0.7641278503241127,-0.13370467998254884
GBR,2016,goods,71,Power generating machinery and equipment,27588635293.0,0.0436068267852328,0.01568146950472076,2.7807870156623626,0.47100960945042375
GBR,2016,goods,72,Machinery specialized for particular industries,8066112463.0,0.012749364557858143,0.01319516619686748,0.9662147765054168,-0.01718287538995624
GBR,2016,goods,73,Metalworking machinery,1515117953.0,0.0023948080589702506,0.0037993315373317424,0.6303235280836049,-0.2267503753386534
GBR,2016,goods,74,"General industrial machinery and equipment, nes, and parts of, nes",16189021776.0,0.025588502690001246,0.026552549043662256,0.9636928886911852,-0.018489200382557656
GBR,2016,goods,75,Office machines and automatic data processing equipment,8786131779.0,0.013887433087213788,0.023953791789944213,0.5797592802423758,-0.26601566771182283
GBR,2016,goods,76,"Telecommunications, sound recording and reproducing equipment",6136050913.0,0.009698693192571632,0.024165207199823978,0.4013494737443128,-0.42719574058577453
GBR,2016,goods,77,"Electric machinery, apparatus and appliances, nes, and parts, nes",15342300636.0,0.024250168202077402,0.050430344283452284,0.4808646172585146,-0.3505623516770541
GBR,2016,goods,78,Road vehicles,47478114430.0,0.07504430320856725,0.05577981922525362,1.3453665546228926,0.14725483056887176
GBR,2016,goods,79,Other transport equipment,21080061868.0,0.033319321406706265,0.017244838420540354,1.932133000853146,0.3179027010650365
GBR,2016,goods,81,"Sanitary, plumbing, heating, lighting fixtures and fittings, nes",676428923.0,0.0010691691910279721,0.002075193817816476,0.5152141365537387,-0.31994544648908624
GBR,2016,goods,82,Furniture and parts thereof,2423034443.0,0.003829868426922991,0.006630944880120937,0.5775750660218338,-0.2677685157913872
GBR,2016,goods,83,"Travel goods, handbags and similar containers",705103430.0,0.0011144923556796942,0.0021109194463850363,0.5279653648500277,-0.3089301930585994
GBR,2016,goods,84,Articles of apparel and clothing accessories,8198085934.0,0.012957962925592668,0.018487727314780995,0.7008953942777345,-0.175851264415515
GBR,2016,goods,85,Footwear,1981776173.0,0.003132411929235203,0.004710468496467701,0.6649894658215302,-0.20120880104978367
GBR,2016,goods,87,"Professional, scientific, controlling instruments, apparatus, nes",11640246500.0,0.018398670592876445,0.01574709843579648,1.168384808661155,0.07765448641245662
GBR,2016,goods,88,"Photographic equipment and supplies, optical goods; watches, etc",3497226986.0,0.0055277461094945125,0.005624918731633423,0.9827246175855963,-0.008712950987333946
GBR,2016,goods,89,"Miscellaneous manufactured articles, nes",23898142655.0,0.03777360337608956,0.026647433183717536,1.4175325298937416,0.1727102013026867
GBR,2016,goods,94,"Animals, live, nes, (including zoo animals, pets, insects, etc)",33177565.0,5.244073564153017e-05,6.434284769531392e-05,0.8150204338150459,-0.10191596895476271
GBR,2016,goods,95,"Armoured fighting vehicles, war firearms, ammunition, parts, nes",198474823.0,0.0003137109587289631,0.0005868086866417187,0.5346051717883007,-0.3032668185715594
GBR,2016,goods,96,"Coin (other than gold coin), not being legal tender",15280111.0,2.4151870745313502e-05,1.3383904192012406e-05,1.804545997850723,0.28687209925146195
GBR,2016,goods,97,"Gold, non-monetary (excluding gold ores and concentrates)",16041765258.0,0.025355747810855346,0.012770741686443345,1.9854561648343017,0.3300856252528485
GBR,2016,services,financial,Financial services,101635271206.0,0.16064555639237144,0.04288641763064835,3.7458376163731546,0.578578080063255
GBR,2016,services,ict,ICT,67442503268.0,0.10660018252937556,0.16910126669236183,0.6303925725364812,-0.22669842447117047
GBR,2016,services,transport,Transport,33144988343.0,0.052389244706079606,0.07655734370999076,0.6843137727523165,-0.1874272076584783
GBR,2016,services,travel,Travel & tourism,54924328696.0,0.0868138515118709,0.1020393911617443,0.850787627439494,-0.0806210125615204
GBR,2017,goods,00,Live animals chiefly for food,687568638.0,0.0010253412830176104,0.0008175001992886187,1.2542397957943656,0.11278294184526838
GBR,2017,goods,01,Meat and preparations,2278875239.0,0.0033983877859672293,0.005305593749504871,0.6405292124532478,-0.21911879704305876
GBR,2017,goods,02,Dairy products and birds' eggs,3130286452.0,0.004668060393566588,0.004262542223588046,1.0951352851672616,0.04540770509703224
GBR,2017,goods,03,"Fish, crustacean and molluscs, and preparations thereof",2629864532.0,0.00392180289264937,0.005750361314088796,0.6820098213725584,-0.1890536990847975
GBR,2017,goods,04,Cereals and cereal preparations,2532743107.0,0.003776969924689015,0.0065255161052244015,0.5788001843509558,-0.26678475200596663
GBR,2017,goods,05,Vegetables and fruit,1533771010.0,0.002287246171993982,0.009359113325380506,0.24438705809783443,-0.6072169723921693
GBR,2017,goods,06,"Sugar, sugar preparations and honey",607985151.0,0.0009066618811982456,0.001906261372597657,0.4756230673460796,-0.35535967433540916
GBR,2017,goods,07,"Coffee, tea, cocoa, spices, and manufactures thereof",2357092739.0,0.0035150301506302172,0.0041394687795907915,0.8491500571186085,-0.08157798892559842
GBR,2017,goods,08,Feeding stuff for animals (not including unmilled cereals),1768736242.0,0.002637639629648184,0.0027651766130671624,0.9538774547649913,-0.02360564892262203
GBR,2017,goods,09,Miscellaneous edible products and preparations,813324340.0,0.001212875306108786,0.001151884841696729,1.0529484043927673,0.025791395575004063
GBR,2017,goods,11,Beverages,9058952670.0,0.01350922313803034,0.003993964441547718,3.382409467019522,0.5436300475682843
GBR,2017,goods,12,Tobacco and tobacco manufactures,141082239.0,0.00021038982285177633,0.0014417210674604935,0.14592963063400716,-0.7453078675463364
GBR,2017,goods,21,"Hides, skins and furskins, raw",198927893.0,0.00029665253730873326,0.00046459604976354865,0.6385171321618243,-0.2206158609774455
GBR,2017,goods,22,Oil seeds and oleaginous fruit,137129339.0,0.00020449503455917783,0.0030907022020406523,0.06616458694213856,-0.875882977633116
GBR,2017,goods,23,Crude rubber (including synthetic and reclaimed),320371001.0,0.00047775537604869073,0.001792122869550656,0.2665862838793412,-0.579047574930573
GBR,2017,goods,24,Cork and wood,178158231.0,0.0002656796413592206,0.0022780492059282054,0.11662594498303112,-0.7911100928524396
GBR,2017,goods,25,Pulp and waste paper,858643936.0,0.0012804584536526386,0.0017985631814834047,0.7119340965250675,-0.16826927161486938
GBR,2017,goods,26,Textile fibres (not wool tops) and their wastes (not in yarn),753110178.0,0.0011230805384176653,0.001546655961499702,0.7261346843603665,-0.15865813839498655
GBR,2017,goods,27,Crude fertilizer and crude minerals,566062580.0,0.0008441445696734333,0.001365460894398835,0.6182121898445733,-0.23593185896844399
GBR,2017,goods,28,Metalliferous ores and metal scrap,3672331521.0,0.005476388690968992,0.010706695838674882,0.5114919461134874,-0.3231959357392659
GBR,2017,goods,29,"Crude animal and vegetable materials, nes",669659124.0,0.0009986336017068437,0.0018284283118310699,0.5461704980419864,-0.2935184072731479
GBR,2017,goods,32,"Coal, coke and briquettes",96090346.0,0.00014329536457601794,0.004954708755750262,0.028921046955527777,-0.9437837392070028
GBR,2017,goods,33,"Petroleum, petroleum products and related materials",30807146557.0,0.0459413612417644,0.050567492470001627,0.9085157083677502,-0.04793478577679161
GBR,2017,goods,34,"Gas, natural and manufactured",3458896779.0,0.005158102719055868,0.008230821867171261,0.626681369406016,-0.22949708382674938
GBR,2017,goods,35,Electric current,266299275.0,0.00039712055670456487,0.0012635206274730566,0.3142968528331629,-0.5217262338327158
GBR,2017,goods,41,Animal oils and fats,180944916.0,0.0002698353038129027,0.00014526527180135104,1.8575348427523686,0.3000960233004171
GBR,2017,goods,42,Fixed vegetable oils and fats,400474524.0,0.0005972102849956149,0.003223714081067065,0.1852553514292854,-0.6874001012425075
GBR,2017,goods,43,"Animal and vegetable oils and fats, processed, and waxes",73764384.0,0.00011000162594903534,0.0004478452713900655,0.24562417642057857,-0.605620730441499
GBR,2017,goods,51,Organic chemicals,8966848583.0,0.013371872308576501,0.013509614677340187,0.9898041230595035,-0.0051240606159863745
GBR,2017,goods,52,Inorganic chemicals,2173030221.0,0.003240545702196762,0.0045971192830430215,0.7049079005084489,-0.1730838946804967
GBR,2017,goods,53,"Dyeing, tanning and colouring materials",3093827881.0,0.004613691308212628,0.0031166299949842245,1.4803461802131508,0.1936609429946072
GBR,2017,goods,54,Medicinal and pharmaceutical products,24323134547.0,0.036272035408675726,0.01599377167106946,2.267885033915225,0.38798336561925584
GBR,2017,goods,55,Oils and perfume materials; toilet and cleansing preparations,7216897093.0,0.010762245564700526,0.006296300269921946,1.7092967462356974,0.2618010549125694
GBR,2017,goods,56,"Fertilizers, manufactured",398412920.0,0.0005941359043831091,0.0022573738750069705,0.26319782954929183,-0.5832832777377386
GBR,2017,goods,57,Explosives and pyrotechnic products,23915262.0,3.566379277290757e-05,0.00015611999192899248,0.2284383462505456,-0.6280833353211613
GBR,2017,goods,58,"Artificial resins and plastic materials, and cellulose esters etc",10071337633.0,0.015018948915939011,0.01650243733000575,0.910104890301909,-0.04706291793425139
GBR,2017,goods,59,"Chemical materials and products, nes",5472279423.0,0.00816057291520863,0.0060907020944313255,1.3398410870677404,0.14524109733179572
GBR,2017,goods,61,"Leather, leather manufactures, nes, and dressed furskins",384021768.0,0.0005726750036958654,0.0011511020482078175,0.4975015070014677,-0.33555792141051904
GBR,2017,goods,62,"Rubber manufactures, nes",1734453418.0,0.0025865151414110883,0.004686833877768312,0.551868320675937,-0.2887691393357867
GBR,2017,goods,63,"Cork and wood, cork manufactures",854670532.0,0.0012745330886343067,0.002264451744280339,0.5628440048915079,-0.2797182532231292
GBR,2017,goods,64,"Paper, paperboard, and articles of pulp, of paper or of paperboard",2846940454.0,0.004245518798341553,0.006547379548897059,0.6484302256551987,-0.21327549621038006
GBR,2017,goods,65,"Textile yarn, fabrics, made-up articles, nes, and related products",3927604318.0,0.0058570659393624444,0.011813380404900584,0.4957993172667781,-0.3370777596385926
GBR,2017,goods,66,"Non-metallic mineral manufactures, nes",5849418475.0,0.00872298402310696,0.012594488385573206,0.6926032845525512,-0.18161179187875134
GBR,2017,goods,67,Iron and steel,5669990643.0,0.008455411080851924,0.015890290601466055,0.5321117966257847,-0.3053877689635048
GBR,2017,goods,68,Non-ferrous metals,9924346109.0,0.014799746832712414,0.01222561992846523,1.2105518508925488,0.09524854655978089
GBR,2017,goods,69,"Manufactures of metals, nes",7782560707.0,0.011605795173685365,0.015205204257488135,0.7632778210111737,-0.13425120883847733
GBR,2017,goods,71,Power generating machinery and equipment,31419706117.0,0.046854844740665785,0.015164886522175226,3.089693066423619,0.5109657454687736
GBR,2017,goods,72,Machinery specialized for particular industries,8769286292.0,0.013077256234290346,0.013588656801850955,0.9623656278160657,-0.019178063277544212
GBR,2017,goods,73,Metalworking machinery,1490591850.0,0.0022228549638044913,0.004027148256532361,0.5519675021148874,-0.28868677808947196
GBR,2017,goods,74,"General industrial machinery and equipment, nes, and parts of, nes",16948603718.0,0.025274717491653772,0.026204936970372503,0.964502128748852,-0.018069652728630953
GBR,2017,goods,75,Office machines and automatic data processing equipment,9170557358.0,0.013675654367816448,0.024327162679940555,0.5621557494287232,-0.28028207221424334
GBR,2017,goods,76,"Telecommunications, sound recording and reproducing equipment",6042347882.0,0.009010691278459127,0.0238390258899834,0.37798068260185114,-0.4513991562085439
GBR,2017,goods,77,"Electric machinery, apparatus and appliances, nes, and parts, nes",16659186371.0,0.024843121957041078,0.05018687781433972,0.4950123027964641,-0.3377816331403706
GBR,2017,goods,78,Road vehicles,49665336883.0,0.07406376240377191,0.05434121148410414,1.3629391097663879,0.1535964715579446
GBR,2017,goods,79,Other transport equipment,20669130549.0,0.030822977757705906,0.015689590265785366,1.964549566659,0.3253612547102837
GBR,2017,goods,81,"Sanitary, plumbing, heating, lighting fixtures and fittings, nes",731820483.0,0.0010913321398143632,0.0019442403278602965,0.5613154527122745,-0.28097111735213715
GBR,2017,goods,82,Furniture and parts thereof,2849935111.0,0.0042499846004169775,0.0063458228808324435,0.6697294709018833,-0.1977988260096561
GBR,2017,goods,83,"Travel goods, handbags and similar containers",758891243.0,0.001131701589868689,0.00208703704119437,0.5422527571532888,-0.29680429535533936
GBR,2017,goods,84,Articles of apparel and clothing accessories,8411083093.0,0.012543083342530742,0.017608523680778587,0.7123302083650962,-0.16799901691249494
GBR,2017,goods,85,Footwear,1997131227.0,0.0029782351629695975,0.004560602818193177,0.653035416960409,-0.20989543205165398
GBR,2017,goods,87,"Professional, scientific, controlling instruments, apparatus, nes",12121120634.0,0.01807570138543287,0.015748774881184032,1.147752858352744,0.06879416213002537
GBR,2017,goods,88,"Photographic equipment and supplies, optical goods; watches, etc",3397830047.0,0.005067036550708363,0.005370454818428143,0.9435023144262135,-0.029070037712029446
GBR,2017,goods,89,"Miscellaneous manufactured articles, nes",24702443291.0,0.03683768208413209,0.026078478042635498,1.4125702437046537,0.1710085933378363
GBR,2017,goods,94,"Animals, live, nes, (including zoo animals, pets, insects, etc)",35437071.0,5.284576671678581e-05,6.180944068299096e-05,0.8549788856336987,-0.0781793881803453
GBR,2017,goods,95,"Armoured fighting vehicles, war firearms, ammunition, parts, nes",184256870.0,0.0002747742771400359,0.000512834157571913,0.5357955843678475,-0.3022566416761934
GBR,2017,goods,96,"Coin (other than gold coin), not being legal tender",18674185.0,2.7848002001522664e-05,9.872175685617456e-06,2.8208576192676325,0.47655730747084146
GBR,2017,goods,97,"Gold, non-monetary (excluding gold ores and concentrates)",16880040871.0,0.025172472692189373,0.011013036922046922,2.285697657273515,0.39130126730540143
GBR,2017,services,financial,Financial services,103092623206.0,0.15373755681347862,0.04164472090134199,3.6916457473130637,0.5737103550187238
GBR,2017,services,ict,ICT,73579441192.0,0.109725828762312,0.16810869976746207,0.652707616643822,-0.21013540438654826
GBR,2017,services,transport,Transport,33554482477.0,0.05003834411941154,0.07787139779070512,0.6425766782034599,-0.2175991699744975
GBR,2017,services,travel,Travel & tourism,56533456127.0,0.08430589069229473,0.10164163079067255,0.8294425230732456,-0.0932292076824792
GBR,2018,goods,00,Live animals chiefly for food,656489815.0,0.0009061684646347943,0.0007719060728123714,1.1739361776663446,0.08000979028421151
GBR,2018,goods,01,Meat and preparations,2281153631.0,0.0031487304694884813,0.0050604875671056045,0.622218793690156,-0.2328793179929096
GBR,2018,goods,02,Dairy products and birds' eggs,3416873319.0,0.004716391295925625,0.004180970691151018,1.12806131502137,0.06017745546964378
GBR,2018,goods,03,"Fish, crustacean and molluscs, and preparations thereof",2406209605.0,0.0033213481969287593,0.005608469341621561,0.5922022560202616,-0.2561218227381717
GBR,2018,goods,04,Cereals and cereal preparations,2493164186.0,0.0034413736677850466,0.006446613063876057,0.5338266208451332,-0.3039283402826891
GBR,2018,goods,05,Vegetables and fruit,1594830268.0,0.0022013820508497263,0.008783535388236714,0.250625967056262,-0.599199163205945
GBR,2018,goods,06,"Sugar, sugar preparations and honey",568002027.0,0.0007840266717862804,0.0015054894534170435,0.5207785879912724,-0.31511583329280657
GBR,2018,goods,07,"Coffee, tea, cocoa, spices, and manufactures thereof",2519822392.0,0.003478170621902207,0.0038209094216775674,0.9102991560514718,-0.04695643803452072
GBR,2018,goods,08,Feeding stuff for animals (not including unmilled cereals),1524642659.0,0.0021045004291844805,0.002838689551293293,0.7413633619166564,-0.1485253702585493
GBR,2018,goods,09,Miscellaneous edible products and preparations,866087924.0,0.0011954817064904753,0.0011276172183436344,1.0601839764796492,0.029212913587692752
GBR,2018,goods,11,Beverages,9646652345.0,0.01331550306585379,0.003969271227040146,3.3546468115213823,0.5407205023588905
GBR,2018,goods,12,Tobacco and tobacco manufactures,96340549.0,0.0001329811451368871,0.001476405513040366,0.09007088090794152,-0.8347430749954172
GBR,2018,goods,21,"Hides, skins and furskins, raw",170307543.0,0.00023507954157070085,0.0003654329755383993,0.6432904453254491,-0.21707030287266446
GBR,2018,goods,22,Oil seeds and oleaginous fruit,128929168.0,0.00017796398899684598,0.0029207328374696094,0.06093127954524794,-0.8851362369646314
GBR,2018,goods,23,Crude rubber (including synthetic and reclaimed),319816485.0,0.00044145028080496074,0.0015395930715466765,0.2867317922920239,-0.5543254716955808
GBR,2018,goods,24,Cork and wood,193397635.0,0.00026695134329227994,0.0025933488496898633,0.10293692008470225,-0.813340331237081
GBR,2018,goods,25,Pulp and waste paper,773468798.0,0.0010676373297986044,0.001968116136888546,0.5424666307987619,-0.2966244844883975
GBR,2018,goods,26,Textile fibres (not wool tops) and their wastes (not in yarn),766303635.0,0.0010577470853405575,0.0015254285704721135,0.6934097773015943,-0.18104904483718615
GBR,2018,goods,27,Crude fertilizer and crude minerals,632527731.0,0.0008730930316705678,0.0013892351591605478,0.6284702959851222,-0.22814644205108187
GBR,2018,goods,28,Metalliferous ores and metal scrap,3878611446.0,0.005353739385791933,0.01056378857363699,0.5068010731635367,-0.32731522137888414
GBR,2018,goods,29,"Crude animal and vegetable materials, nes",700066526.0,0.0009663184325375014,0.001807093033679814,0.5347364051145562,-0.30315537791045977
GBR,2018,goods,32,"Coal, coke and briquettes",181206247.0,0.0002501232812366225,0.005136073397848788,0.04869931986201464,-0.9071243416684539
GBR,2018,goods,33,"Petroleum, petroleum products and related materials",40300763239.0,0.05562809949746896,0.06013809579674969,0.9250060009461676,-0.03895780014034855
GBR,2018,goods,34,"Gas, natural and manufactured",3465910890.0,0.004784079018426681,0.008269737627826058,0.5785043291251691,-0.26702218238985137
GBR,2018,goods,35,Electric current,165957697.0,0.00022907534595158406,0.0013217193213213,0.17331618162514367,-0.704570371841142
GBR,2018,goods,41,Animal oils and fats,146440108.0,0.00020213475486640026,0.0001300532971561926,1.5542455230768861,0.2169899166189916
GBR,2018,goods,42,Fixed vegetable oils and fats,461720125.0,0.0006373232412786714,0.002776782004983086,0.22951864429219154,-0.6266528444156768
GBR,2018,goods,43,"Animal and vegetable oils and fats, processed, and waxes",76747650.0,0.00010593660187222946,0.0003913256665110554,0.270712122761405,-0.5739206104792388
GBR,2018,goods,51,Organic chemicals,10077758811.0,0.01391056954740972,0.014544103773019625,0.9564404768078486,-0.022264681041164937
GBR,2018,goods,52,Inorganic chemicals,2154321602.0,0.0029736612112008323,0.004837652078732632,0.6146910035704494,-0.23862707823202378
GBR,2018,goods,53,"Dyeing, tanning and colouring materials",3218941161.0,0.004443180842970294,0.0029936534741470578,1.4842001191324359,0.19491188145564312
GBR,2018,goods,54,Medicinal and pharmaceutical products,22542900196.0,0.031116499894251557,0.01607368685133076,1.9358657526462502,0.31876994096296984
GBR,2018,goods,55,Oils and perfume materials; toilet and cleansing preparations,7235522563.0,0.00998736343189745,0.006382142605027087,1.5648919257978662,0.2202400499280858
GBR,2018,goods,56,"Fertilizers, manufactured",492176671.0,0.0006793631342005425,0.0022955643463086796,0.29594602098302064,-0.5432741546464486
GBR,2018,goods,57,Explosives and pyrotechnic products,21088917.0,2.9109532398001653e-05,0.00015272650186876793,0.19059909080491064,-0.6798265809592461
GBR,2018,goods,58,"Artificial resins and plastic materials, and cellulose esters etc",9966129849.0,0.01375648544314328,0.016704802769195008,0.823504810754865,-0.09678899019305155
GBR,2018,goods,59,"Chemical materials and products, nes",5627333153.0,0.00776754144044487,0.006151918584480046,1.2626209748680175,0.11606936282526799
GBR,2018,goods,61,"Leather, leather manufactures, nes, and dressed furskins",349286105.0,0.0004821278963575658,0.0010437547374364535,0.46191684604154337,-0.36806686742507505
GBR,2018,goods,62,"Rubber manufactures, nes",1763047585.0,0.0024335764038891177,0.004514801838913838,0.5390217534939656,-0.29952679061195725
GBR,2018,goods,63,"Cork and wood, cork manufactures",922116945.0,0.0012728198932749277,0.0022638365956495483,0.5622401792253586,-0.280212880577496
GBR,2018,goods,64,"Paper, paperboard, and articles of pulp, of paper or of paperboard",2986289413.0,0.004122046116333657,0.0065188328100299646,0.632328859545442,-0.2252433008854258
GBR,2018,goods,65,"Textile yarn, fabrics, made-up articles, nes, and related products",4096900429.0,0.0056550488471912705,0.011411553465392622,0.4955546906335863,-0.33729646433237903
GBR,2018,goods,66,"Non-metallic mineral manufactures, nes",5730495003.0,0.007909938189164247,0.012264501897032645,0.6449457349000068,-0.21584557932032708
GBR,2018,goods,67,Iron and steel,6135888501.0,0.008469512451036974,0.016407699679987144,0.5161913379830713,-0.3190947276222538
GBR,2018,goods,68,Non-ferrous metals,11330034534.0,0.015639115433853268,0.012537592471821088,1.247377873304067,0.11007400056866055
GBR,2018,goods,69,"Manufactures of metals, nes",8205613168.0,0.01132640250608246,0.015128219098335723,0.7486937115637421,-0.14371086644529144
GBR,2018,goods,71,Power generating machinery and equipment,33701290153.0,0.046518690246787335,0.015161998069965793,3.068110814427263,0.5083713076578092
GBR,2018,goods,72,Machinery specialized for particular industries,9821541076.0,0.013556906129894011,0.01372473248527139,0.98777197620737,-0.0061516229924726195
GBR,2018,goods,73,Metalworking machinery,1740260420.0,0.0024021227394915522,0.004060153813587075,0.5916334330618176,-0.25657073950288267
GBR,2018,goods,74,"General industrial machinery and equipment, nes, and parts of, nes",18216961232.0,0.02514530372403875,0.02616873620084816,0.9608910239701893,-0.019944492351557232
GBR,2018,goods,75,Office machines and automatic data processing equipment,9731334111.0,0.013432391316250765,0.02450928142665067,0.5480532489885558,-0.2919452230126648
GBR,2018,goods,76,"Telecommunications, sound recording and reproducing equipment",5950837906.0,0.008214082725061857,0.022974018948774946,0.35753791025317583,-0.4732553580231195
GBR,2018,goods,77,"Electric machinery, apparatus and appliances, nes, and parts, nes",17466803701.0,0.02410984348906085,0.05047694356928904,0.47764071641868694,-0.35350899428877375
GBR,2018,goods,78,Road vehicles,49893761824.0,0.06886954300564159,0.05279775395890919,1.3044028929571618,0.13209621194605078
GBR,2018,goods,79,Other transport equipment,18935106142.0,0.02613657617885969,0.01384582695820137,1.8876861784971304,0.3074039641520598
GBR,2018,goods,81,"Sanitary, plumbing, heating, lighting fixtures and fittings, nes",784789263.0,0.0010832632361776728,0.001897625490780239,0.5708519628561017,-0.2731944494397977
GBR,2018,goods,82,Furniture and parts thereof,2735195895.0,0.0037754557770976875,0.006210330514911547,0.6079315373042526,-0.243834052383264
GBR,2018,goods,83,"Travel goods, handbags and similar containers",840092524.0,0.0011595996392179354,0.0020457885004498346,0.5668228357735704,-0.27646850322586836
GBR,2018,goods,84,Articles of apparel and clothing accessories,8773021995.0,0.012109610369837086,0.0168756010215432,0.7175809830048777,-0.16442835580365775
GBR,2018,goods,85,Footwear,2131665443.0,0.0029423883774927395,0.0043195637414073776,0.6811772099314053,-0.18964258389013208
GBR,2018,goods,87,"Professional, scientific, controlling instruments, apparatus, nes",12455926945.0,0.017193211436728556,0.015245841993002867,1.1277311836643356,0.06003163587815614
GBR,2018,goods,88,"Photographic equipment and supplies, optical goods; watches, etc",3283750093.0,0.004532638149181603,0.005211992214437435,0.8696555870950856,-0.06971573470781997
GBR,2018,goods,89,"Miscellaneous manufactured articles, nes",25665160934.0,0.035426230455940406,0.02589825502897534,1.3679002858032339,0.15536983884371444
GBR,2018,goods,94,"Animals, live, nes, (including zoo animals, pets, insects, etc)",30963304.0,4.2739383010382855e-05,5.85723977994813e-05,0.7296847084303819,-0.15628009558743117
GBR,2018,goods,95,"Armoured fighting vehicles, war firearms, ammunition, parts, nes",78169462.0,0.00010789916270348825,0.0005306460741232162,0.20333545835003017,-0.6620469264176153
GBR,2018,goods,96,"Coin (other than gold coin), not being legal tender",13843360.0,1.9108318194680183e-05,1.3045099744146053e-05,1.4647889682296205,0.18857150621031202
GBR,2018,goods,97,"Gold, non-monetary (excluding gold ores and concentrates)",30706568337.0,0.04238500468456267,0.009731730230896917,4.35534110368124,0.6265410622256707
GBR,2018,services,financial,Financial services,114234203038.0,0.15768018027168298,0.04072150072010736,3.872160344862341,0.5895044788275522
GBR,2018,services,ict,ICT,80222972567.0,0.1107336720516793,0.16763281173491842,0.6605727775227261,-0.20440370158520713
GBR,2018,services,transport,Transport,35395811119.0,0.048857677732909555,0.07890985022752967,0.6191581607623472,-0.23520978275423157
GBR,2018,services,travel,Travel & tourism,58369415794.0,0.08056868923652516,0.10032343516907251,0.8030894187459273,-0.10920733004524347
GBR,2019,goods,00,Live animals chiefly for food,681108755.0,0.0009699128023956655,0.0007939939190110583,1.221562003401385,0.09973253191320172
GBR,2019,goods,01,Meat and preparations,2405489368.0,0.0034254660756047077,0.00536434177468928,0.6385622354949824,-0.2205822621048222
GBR,2019,goods,02,Dairy products and birds' eggs,3577105810.0,0.005093871859924803,0.004237675150625528,1.2020439695980214,0.09175292246090079
GBR,2019,goods,03,"Fish, crustacean and molluscs, and preparations thereof",2535590059.0,0.003610732121408836,0.005550895880174988,0.6504773642583637,-0.2117706327336959
GBR,2019,goods,04,Cereals and cereal preparations,2733411303.0,0.003892433620226652,0.006440225668622447,0.604393979420792,-0.24657660503190568
GBR,2019,goods,05,Vegetables and fruit,1547211139.0,0.002203260317400089,0.008986947656077974,0.24516225104638276,-0.6062163772787706
GBR,2019,goods,06,"Sugar, sugar preparations and honey",539663252.0,0.000768491512192173,0.001441500981830693,0.533118965494006,-0.3045302060793138
GBR,2019,goods,07,"Coffee, tea, cocoa, spices, and manufactures thereof",2414401797.0,0.0034381575568462643,0.003851015462835547,0.892792456957498,-0.056639882861129406
GBR,2019,goods,08,Feeding stuff for animals (not including unmilled cereals),1391466762.0,0.001981477138070032,0.0027473278128164265,0.7212379712484032,-0.16195438016592933
GBR,2019,goods,09,Miscellaneous edible products and preparations,830053891.0,0.0011820137234313428,0.0011397538063193991,1.037078110095033,0.018201614317726524
GBR,2019,goods,11,Beverages,9546025082.0,0.013593735025505482,0.003988012101531977,3.4086493920827143,0.5463463246608574
GBR,2019,goods,12,Tobacco and tobacco manufactures,103538072.0,0.00014744033288511198,0.0014827944437455164,0.09943410127210885,-0.8191176694318325
GBR,2019,goods,21,"Hides, skins and furskins, raw",134880702.0,0.00019207287926568297,0.0002825625069622033,0.679753592685159,-0.1906508244479556
GBR,2019,goods,22,Oil seeds and oleaginous fruit,90490164.0,0.00012885984493692695,0.0027640789491409773,0.04661945165385892,-0.9109142265984236
GBR,2019,goods,23,Crude rubber (including synthetic and reclaimed),285607553.0,0.00040671099891470135,0.0013978002018694008,0.2909650451979983,-0.5492286235319835
GBR,2019,goods,24,Cork and wood,301993420.0,0.000430044808772501,0.0024229425333595995,0.177488653920409,-0.6985301670135563
GBR,2019,goods,25,Pulp and waste paper,568398758.0,0.0008094114606557887,0.0016990621714658876,0.47638719421165066,-0.35465818712139663
GBR,2019,goods,26,Textile fibres (not wool tops) and their wastes (not in yarn),683838001.0,0.0009737993045391993,0.0014468209782689794,0.6730613663787779,-0.19541341411095844
GBR,2019,goods,27,Crude fertilizer and crude minerals,596258409.0,0.0008490841736796804,0.0013046491928890996,0.6508141639205045,-0.2115234068807703
GBR,2019,goods,28,Metalliferous ores and metal scrap,3749206846.0,0.005338947256323073,0.011291253017202624,0.47283921883505736,-0.3579214719593769
GBR,2019,goods,29,"Crude animal and vegetable materials, nes",909806615.0,0.0012955832341235496,0.0018137665371724897,0.7143054012581219,-0.16665326874208525
GBR,2019,goods,32,"Coal, coke and briquettes",173174338.0,0.0002466038004056991,0.00451843888741827,0.054577212738756924,-0.8964946102011462
GBR,2019,goods,33,"Petroleum, petroleum products and related materials",35226427726.0,0.05016315380370207,0.054424526211010925,0.9217012493450663,-0.040744496930320825
GBR,2019,goods,34,"Gas, natural and manufactured",2531010376.0,0.00360421055911793,0.008088807573000317,0.44557996053070265,-0.38352775675290773
GBR,2019,goods,35,Electric current,173908147.0,0.00024764875943520553,0.0012599311790589347,0.19655737039556306,-0.6714618533826184
GBR,2019,goods,41,Animal oils and fats,131775119.0,0.00018765046553440986,0.00013902246378783115,1.3497852104016244,0.14885837601379712
GBR,2019,goods,42,Fixed vegetable oils and fats,428582488.0,0.0006103102315779022,0.0026415965273175503,0.2310383986602417,-0.624644691974378
GBR,2019,goods,43,"Animal and vegetable oils and fats, processed, and waxes",68005901.0,9.684179440382056e-05,0.00035675280762930957,0.27145348917462697,-0.5730028797972895
GBR,2019,goods,51,Organic chemicals,10108210571.0,0.0143942986639837,0.013302441640890509,1.082079444704115,0.0394218601566279
GBR,2019,goods,52,Inorganic chemicals,1936735899.0,0.002757951545196888,0.004670517876086431,0.5905022993955136,-0.25746438767181923
GBR,2019,goods,53,"Dyeing, tanning and colouring materials",3127004922.0,0.0044529189864870545,0.002918267135381656,1.5258777829140355,0.2081960522679545
GBR,2019,goods,54,Medicinal and pharmaceutical products,21030563444.0,0.029947952623116524,0.017193384602317792,1.7418299721556467,0.27056016590715676
GBR,2019,goods,55,Oils and perfume materials; toilet and cleansing preparations,6876640809.0,0.009792477205972174,0.006539719766509592,1.497384835374782,0.19916227100023198
GBR,2019,goods,56,"Fertilizers, manufactured",461285035.0,0.0006568793275899569,0.0023130850131510387,0.2839840835314185,-0.5576517074100171
GBR,2019,goods,57,Explosives and pyrotechnic products,19469704.0,2.772525684015631e-05,0.0001482860668071914,0.18697142244797693,-0.6849605324745356
GBR,2019,goods,58,"Artificial resins and plastic materials, and cellulose esters etc",9063637021.0,0.012906804557130103,0.015683101094588432,0.8229752827126575,-0.09710757955199638
GBR,2019,goods,59,"Chemical materials and products, nes",5528566751.0,0.007872792166199523,0.006196728228780149,1.270475624481165,0.11912729719041686
GBR,2019,goods,61,"Leather, leather manufactures, nes, and dressed furskins",279095976.0,0.0003974383800418384,0.0009530786336110769,0.4170048157894401,-0.4114278072412635
GBR,2019,goods,62,"Rubber manufactures, nes",1570020529.0,0.002235741355433194,0.00447040512194053,0.5001205247507177,-0.33322620882902043
GBR,2019,goods,63,"Cork and wood, cork manufactures",1387931757.0,0.001976443218624917,0.002099238221423342,0.9415049699718373,-0.030128704758871264
GBR,2019,goods,64,"Paper, paperboard, and articles of pulp, of paper or of paperboard",2793735544.0,0.003978336573626071,0.006288392587772614,0.632647615125318,-0.22500408628991564
GBR,2019,goods,65,"Textile yarn, fabrics, made-up articles, nes, and related products",4072671435.0,0.005799567449045089,0.011147464643354038,0.5202588781030769,-0.3155654137639547
GBR,2019,goods,66,"Non-metallic mineral manufactures, nes",5610272246.0,0.007989142462748823,0.011623659932422271,0.687317291558439,-0.1853135210584852
GBR,2019,goods,67,Iron and steel,5575103544.0,0.007939061511559995,0.014729976199416598,0.5389731391334109,-0.29956784114256296
GBR,2019,goods,68,Non-ferrous metals,11347011712.0,0.016158376834258074,0.011800378140564357,1.3693100883532614,0.15587241626525236
GBR,2019,goods,69,"Manufactures of metals, nes",8633332403.0,0.012294041977197951,0.014958237006664913,0.8218911073357187,-0.09776044899013896
GBR,2019,goods,71,Power generating machinery and equipment,35258554447.0,0.0502089029117089,0.015325952566268035,3.2760706190763766,0.5322808769626923
GBR,2019,goods,72,Machinery specialized for particular industries,9344759068.0,0.013307128103728732,0.0132915556848298,1.0011716024269983,0.0005854582513450686
GBR,2019,goods,73,Metalworking machinery,1658759960.0,0.002362108120758662,0.003771850646035744,0.6262464615987018,-0.22982588877326451
GBR,2019,goods,74,"General industrial machinery and equipment, nes, and parts of, nes",18478974006.0,0.026314437058669312,0.025961631543063662,1.0135894970630193,0.006748891510827121
GBR,2019,goods,75,Office machines and automatic data processing equipment,9611855251.0,0.013687478533026496,0.02364388439499784,0.5789014319458546,-0.2667035190000297
GBR,2019,goods,76,"Telecommunications, sound recording and reproducing equipment",5800342318.0,0.008259806134052044,0.022437829736777687,0.3681196546613175,-0.46186043975452323
GBR,2019,goods,77,"Electric machinery, apparatus and appliances, nes, and parts, nes",16823965951.0,0.023957671727393475,0.050029450928353265,0.47887137041945643,-0.35238266153785525
GBR,2019,goods,78,Road vehicles,45705493930.0,0.06508555847666997,0.05153247679266216,1.2630007817892748,0.11621771583363277
GBR,2019,goods,79,Other transport equipment,18863365365.0,0.026861818218414307,0.013843300589687508,1.9404200641590397,0.31982507384637915
GBR,2019,goods,81,"Sanitary, plumbing, heating, lighting fixtures and fittings, nes",744438375.0,0.001060095476980215,0.0020064265088474724,0.5283500154656314,-0.3086007653755114
GBR,2019,goods,82,Furniture and parts thereof,2972554066.0,0.004232977807526039,0.006278755393571242,0.6741746639565135,-0.19461848459316416
GBR,2019,goods,83,"Travel goods, handbags and similar containers",862511435.0,0.0012282339301587114,0.002197321316121699,0.5589687412337857,-0.2828993597505856
GBR,2019,goods,84,Articles of apparel and clothing accessories,8851726839.0,0.01260504012234495,0.016901658023353847,0.7457871946603079,-0.1456150017122542
GBR,2019,goods,85,Footwear,2241365141.0,0.0031917498184254964,0.004450700081362329,0.7171343294488006,-0.16473124187203173
GBR,2019,goods,87,"Professional, scientific, controlling instruments, apparatus, nes",12782723475.0,0.01820285975899122,0.015006116637746118,1.2130293398629244,0.09626141688483872
GBR,2019,goods,88,"Photographic equipment and supplies, optical goods; watches, etc",3234876094.0,0.00460652974242606,0.005199586544728631,0.885941546082387,-0.06047825509467324
GBR,2019,goods,89,"Miscellaneous manufactured articles, nes",29902165580.0,0.04258129557503194,0.026422664141887073,1.61154436760709,0.23416962590891643
GBR,2019,goods,94,"Animals, live, nes, (including zoo animals, pets, insects, etc)",32048001.0,4.563700911624472e-05,5.367506363056301e-05,0.8502460179713442,-0.08093733512954658
GBR,2019,goods,95,"Armoured fighting vehicles, war firearms, ammunition, parts, nes",67394914.0,9.597173641521445e-05,0.0006091007972018858,0.15756297948729284,-0.7277677633452297
GBR,2019,goods,96,"Coin (other than gold coin), not being legal tender",11980818.0,1.7060929955851813e-05,1.5392540994155372e-05,1.1083894441034743,0.05140864483390708
GBR,2019,goods,97,"Gold, non-monetary (excluding gold ores and concentrates)",22954215892.0,0.03268727306640603,0.010158480852798166,3.217732409014905,0.5258115484696857
GBR,2019,services,financial,Financial services,102374244319.0,0.14578301845581157,0.04115582027066795,3.5422211851700642,0.5596867879244154
GBR,2019,services,ict,ICT,81705457250.0,0.11635024279252841,0.18056721330530667,0.6443597409669334,-0.2162788653679513
GBR,2019,services,transport,Transport,37662490307.0,0.053632156760137314,0.07917349925853971,0.6774003582310089,-0.19232119522688407
GBR,2019,services,travel,Travel & tourism,60511119479.0,0.08616907217699152,0.10105279807304901,0.8527133718227342,-0.0794977951890974
GBR,2020,goods,00,Live animals chiefly for food,722355370.0,0.0011942581005512775,0.0008713809717473957,1.370534977549958,0.15630858901433323
GBR,2020,goods,01,Meat and preparations,2469845438.0,0.004083354321074845,0.006029655959711966,0.6772118257423604,-0.192455221996046
GBR,2020,goods,02,Dairy products and birds' eggs,3431898845.0,0.005673901193416508,0.004869966201846621,1.1650801993790114,0.07624669027334864
GBR,2020,goods,03,"Fish, crustacean and molluscs, and preparations thereof",2244723101.0,0.0037111633112990264,0.005884904067362651,0.6306242665672208,-0.22652412392364704
GBR,2020,goods,04,Cereals and cereal preparations,2585733221.0,0.004274949662302361,0.007694996999712731,0.55554923055356,-0.2857195135433143
GBR,2020,goods,05,Vegetables and fruit,1607280305.0,0.002657289754906616,0.0104300659587247,0.25477209496300507,-0.5939149491995731
GBR,2020,goods,06,"Sugar, sugar preparations and honey",524980632.0,0.0008679417339951792,0.0017551939715559914,0.49449904002675155,-0.33824107372072987
GBR,2020,goods,07,"Coffee, tea, cocoa, spices, and manufactures thereof",2516860572.0,0.004161083658960162,0.004432537553352265,0.9387588055093168,-0.03158783563827322
GBR,2020,goods,08,Feeding stuff for animals (not including unmilled cereals),1433783425.0,0.0023704502532353364,0.003293790173004285,0.7196725136480795,-0.16301213407036394
GBR,2020,goods,09,Miscellaneous edible products and preparations,861008684.0,0.0014234913149631533,0.001358763657493906,1.0476371715656794,0.023264459264164795
GBR,2020,goods,11,Beverages,7912772310.0,0.013082054652733245,0.00422884845598699,3.093526473906232,0.5114237045372012
GBR,2020,goods,12,Tobacco and tobacco manufactures,23313853.0,3.85444048132593e-05,0.0015634903243044655,0.02465279395342991,-0.9518806875872328
GBR,2020,goods,21,"Hides, skins and furskins, raw",95752317.0,0.0001583057106972207,0.00022651209936312027,0.6988841264653227,-0.17724332627745204
GBR,2020,goods,22,Oil seeds and oleaginous fruit,138381373.0,0.0002287836188864462,0.003648176278212366,0.06271177745790067,-0.8819778254308751
GBR,2020,goods,23,Crude rubber (including synthetic and reclaimed),226083742.0,0.00037378048464766736,0.0014290602665563029,0.26155683801103075,-0.5853427604206863
GBR,2020,goods,24,Cork and wood,169574332.0,0.00028035441840291395,0.0026700036609278717,0.10500151086140684,-0.8099522763918167
GBR,2020,goods,25,Pulp and waste paper,519842316.0,0.0008594466417441279,0.001664212305384151,0.5164284862956481,-0.318888439563429
GBR,2020,goods,26,Textile fibres (not wool tops) and their wastes (not in yarn),470554676.0,0.0007779602075433893,0.0014186272383515301,0.5483894475672079,-0.29166470563484637
GBR,2020,goods,27,Crude fertilizer and crude minerals,541675076.0,0.0008955423801718659,0.0013175231376664574,0.6797166247554587,-0.19067702880607598
GBR,2020,goods,28,Metalliferous ores and metal scrap,3432022172.0,0.005674105087891282,0.01337170366593475,0.4243367359647985,-0.40416233710721944
GBR,2020,goods,29,"Crude animal and vegetable materials, nes",579038851.0,0.0009573152869904659,0.002036795716349906,0.470010457752753,-0.3605345386844778
GBR,2020,goods,32,"Coal, coke and briquettes",215765618.0,0.0003567217021131199,0.0036137637258777363,0.09871196048559507,-0.8203133049685423
GBR,2020,goods,33,"Petroleum, petroleum products and related materials",24287465153.0,0.04015406156782239,0.04037196650776608,0.9946025680987878,-0.0027060187265059727
GBR,2020,goods,34,"Gas, natural and manufactured",1754160806.0,0.002900124840540824,0.006333563608942552,0.45789779965990224,-0.37183827320856033
GBR,2020,goods,35,Electric current,200175524.0,0.0003309468593956693,0.0011626371759886642,0.28465188128380997,-0.5568419967604848
GBR,2020,goods,41,Animal oils and fats,143892406.0,0.00023789491794504587,0.00018113011956843206,1.3133923751160985,0.1354687507779007
GBR,2020,goods,42,Fixed vegetable oils and fats,411593947.0,0.0006804814164289015,0.003429673400469559,0.19840997581161413,-0.6688779636080008
GBR,2020,goods,43,"Animal and vegetable oils and fats, processed, and waxes",97219314.0,0.00016073107240074678,0.0004408551771376715,0.3645892817780231,-0.4656424659836503
GBR,2020,goods,51,Organic chemicals,11821420511.0,0.01954415761494896,0.014003604919090173,1.3956518859158704,0.16515416461044405
GBR,2020,goods,52,Inorganic chemicals,2182721684.0,0.003608657401364547,0.0051264289281333945,0.7039320064617594,-0.17375575575520194
GBR,2020,goods,53,"Dyeing, tanning and colouring materials",3018920942.0,0.004991131705586121,0.003215223448313225,1.5523436507047668,0.21640645864919117
GBR,2020,goods,54,Medicinal and pharmaceutical products,19840073746.0,0.032801263437268045,0.021279752446462102,1.541430687212786,0.2130416894456322
GBR,2020,goods,55,Oils and perfume materials; toilet and cleansing preparations,6721594969.0,0.01111270099695246,0.007289083314059545,1.5245677018834085,0.2077851592144129
GBR,2020,goods,56,"Fertilizers, manufactured",506289419.0,0.0008370398628920691,0.002440430868094624,0.34298855740404205,-0.4892159646288736
GBR,2020,goods,57,Explosives and pyrotechnic products,30617782.0,5.0619868963406606e-05,0.00014225005582695665,0.35585131175613954,-0.4750880001801523
GBR,2020,goods,58,"Artificial resins and plastic materials, and cellulose esters etc",8598269701.0,0.014215376070567401,0.0170365817878106,0.8344030655690728,-0.0902729272203627
GBR,2020,goods,59,"Chemical materials and products, nes",6241762688.0,0.010319402279604727,0.007466818009681764,1.382034792628425,0.16038170131296606
GBR,2020,goods,61,"Leather, leather manufactures, nes, and dressed furskins",203513776.0,0.00033646593582017416,0.0008553902105054522,0.3933478916263907,-0.43539170082318224
GBR,2020,goods,62,"Rubber manufactures, nes",1234955604.0,0.0020417315287601387,0.0046532599577712675,0.4387744392724729,-0.3900719566656432
GBR,2020,goods,63,"Cork and wood, cork manufactures",636750393.0,0.001052728818046247,0.0023033637386713256,0.45703976335648316,-0.3726461351972553
GBR,2020,goods,64,"Paper, paperboard, and articles of pulp, of paper or of paperboard",2635003202.0,0.004356406901172554,0.006716366236473678,0.6486255733814505,-0.2131317336645792
GBR,2020,goods,65,"Textile yarn, fabrics, made-up articles, nes, and related products",3394861823.0,0.005612668501889904,0.013358059773740475,0.42017093776772835,-0.4082811771543968
GBR,2020,goods,66,"Non-metallic mineral manufactures, nes",3747342210.0,0.006195418454257807,0.01139916929394945,0.5434973632285875,-0.2957586113503491
GBR,2020,goods,67,Iron and steel,4904288284.0,0.008108178126516487,0.014648025107329819,0.5535338768950624,-0.2873874395306124
GBR,2020,goods,68,Non-ferrous metals,17763408433.0,0.029367947267438636,0.0139794014598196,2.100801479365886,0.35500546768024627
GBR,2020,goods,69,"Manufactures of metals, nes",7312432565.0,0.012089522952513258,0.016067904845587285,0.7524019508886619,-0.14129067191792297
GBR,2020,goods,71,Power generating machinery and equipment,27533425636.0,0.04552055396462161,0.014448322026894571,3.150577200583444,0.5181393084993429
GBR,2020,goods,72,Machinery specialized for particular industries,8246957406.0,0.013634557305245548,0.014117375253693953,0.9657997368652455,-0.017397633387260424
GBR,2020,goods,73,Metalworking machinery,1426490210.0,0.00235839250236292,0.0038999695635524552,0.6047207456190188,-0.24632276703601957
GBR,2020,goods,74,"General industrial machinery and equipment, nes, and parts of, nes",16796905204.0,0.0277700435785075,0.02776677727187236,1.0001176336239226,5.881335274738371e-05
GBR,2020,goods,75,Office machines and automatic data processing equipment,8752194411.0,0.014469857229602055,0.02772270224725104,0.5219497399838384,-0.31410384157707993
GBR,2020,goods,76,"Telecommunications, sound recording and reproducing equipment",4980574022.0,0.008234300066418496,0.024579098076275372,0.3350122954416516,-0.49811354309538824
GBR,2020,goods,77,"Electric machinery, apparatus and appliances, nes, and parts, nes",15692540860.0,0.02594421640457509,0.0582816154563272,0.44515266437691925,-0.3839368319348492
GBR,2020,goods,78,Road vehicles,33412287082.0,0.05523997766587283,0.04962197745080355,1.1132159680786422,0.05357519997427396
GBR,2020,goods,79,Other transport equipment,14827950366.0,0.024514803342803114,0.01187573349967124,2.0642769849526994,0.3473174880008857
GBR,2020,goods,81,"Sanitary, plumbing, heating, lighting fixtures and fittings, nes",663179926.0,0.0010964243247039152,0.0023507222365855827,0.46642019530834417,-0.3638655594070429
GBR,2020,goods,82,Furniture and parts thereof,2257950006.0,0.003733031133007713,0.007111968697812984,0.5248942018200481,-0.3115664008774419
GBR,2020,goods,83,"Travel goods, handbags and similar containers",920580716.0,0.0015219807631447317,0.0019865143325797463,0.7661564470910424,-0.13240251354522467
GBR,2020,goods,84,Articles of apparel and clothing accessories,7950172471.0,0.013143887715919542,0.01742266719126585,0.7544130626858727,-0.13998239213868618
GBR,2020,goods,85,Footwear,2057030197.0,0.003400853759619507,0.004284208039920736,0.7938115348110937,-0.11494433009687388
GBR,2020,goods,87,"Professional, scientific, controlling instruments, apparatus, nes",11622448515.0,0.019215200528347864,0.0165913155427617,1.1581480973478857,0.07327953885195895
GBR,2020,goods,88,"Photographic equipment and supplies, optical goods; watches, etc",2877500240.0,0.004757323214691745,0.005352596252410882,0.8887879807016982,-0.058880096884662385
GBR,2020,goods,89,"Miscellaneous manufactured articles, nes",18412882978.0,0.0304417127140333,0.02840907038750036,1.0715490615781387,0.034538917231162015
GBR,2020,goods,94,"Animals, live, nes, (including zoo animals, pets, insects, etc)",32142671.0,5.3140942546193895e-05,5.795081449497823e-05,0.9170007878111681,-0.04329638919115959
GBR,2020,goods,95,"Armoured fighting vehicles, war firearms, ammunition, parts, nes",86606616.0,0.00014318527557888007,0.0005427257742555906,0.263826194315674,-0.5824960813404751
GBR,2020,goods,96,"Coin (other than gold coin), not being legal tender",20875943.0,3.451384881986374e-05,1.7643549740196223e-05,1.9561737478050092,0.32344977980911255
GBR,2020,goods,97,"Gold, non-monetary (excluding gold ores and concentrates)",21954640814.0,0.03629724194728862,0.01569377923861751,2.3128426490142284,0.39628886370588073
GBR,2020,services,financial,Financial services,108489152418.0,0.17936330852934437,0.048610587266739363,3.6897992518611153,0.5735425137427121
GBR,2020,services,ict,ICT,81007424203.0,0.13392822504970978,0.20288039952980405,0.6601338786797643,-0.20472211650214453
GBR,2020,services,transport,Transport,25076155853.0,0.04145799076447868,0.07466676529377249,0.555240214322455,-0.28597497774406894
GBR,2020,services,travel,Travel & tourism,29346948513.0,0.04851882112832015,0.043996602224774375,1.10278563968286,0.048880702694147155
GBR,2021,goods,00,Live animals chiefly for food,912768752.0,0.0013187928296827117,0.0007454625595902522,1.7690933135630498,0.277741927220734
GBR,2021,goods,01,Meat and preparations,2235536369.0,0.0032299630409917063,0.00553981913099433,0.5830448548257869,-0.2633880801944167
GBR,2021,goods,02,Dairy products and birds' eggs,3216388196.0,0.00464712412762451,0.004490880088137425,1.034791407568374,0.017098267389457158
GBR,2021,goods,03,"Fish, crustacean and molluscs, and preparations thereof",2287992399.0,0.003305752923243965,0.005521169536379639,0.5987414263340345,-0.2509840347266564
GBR,2021,goods,04,Cereals and cereal preparations,2305691682.0,0.0033313253231095174,0.007606623995393681,0.4379505711241751,-0.3908683929492934
GBR,2021,goods,05,Vegetables and fruit,1109525286.0,0.001603071959159772,0.009259120030818295,0.17313437495399842,-0.7048345378835439
GBR,2021,goods,06,"Sugar, sugar preparations and honey",396673294.0,0.0005731242384312278,0.0016458882790523508,0.34821576028308204,-0.48344208613913864
GBR,2021,goods,07,"Coffee, tea, cocoa, spices, and manufactures thereof",2444941038.0,0.003532516535920378,0.004081375324313909,0.8655211185494693,-0.07208649642899477
GBR,2021,goods,08,Feeding stuff for animals (not including unmilled cereals),1358203895.0,0.001962369498351463,0.003203265479963418,0.612615317283622,-0.24022138359004933
GBR,2021,goods,09,Miscellaneous edible products and preparations,787809020.0,0.0011382476497567087,0.0012706420665578016,0.8958051049263996,-0.05496076300398267
GBR,2021,goods,11,Beverages,9209838221.0,0.013306621837983978,0.004057386005700742,3.2796046073229905,0.5326671074758341
GBR,2021,goods,12,Tobacco and tobacco manufactures,16676741.0,2.4095003696265552e-05,0.001336107849749841,0.018033726619282157,-0.9645714554483983
GBR,2021,goods,21,"Hides, skins and furskins, raw",116920831.0,0.00016893035966172529,0.0002570834822757596,0.6571031252817822,-0.2069254891181923
GBR,2021,goods,22,Oil seeds and oleaginous fruit,95284769.0,0.00013766999566958613,0.0035598371160054424,0.03867311654530647,-0.9255336141288883
GBR,2021,goods,23,Crude rubber (including synthetic and reclaimed),291091989.0,0.00042057753076025416,0.0016041888192208805,0.262174580523831,-0.5845668506253348
GBR,2021,goods,24,Cork and wood,238516157.0,0.00034461455535791165,0.003001117808361111,0.11482873294670935,-0.7939975360283464
GBR,2021,goods,25,Pulp and waste paper,939014985.0,0.0013567140926649722,0.0017531776393433823,0.7738600254866942,-0.127484678195654
GBR,2021,goods,26,Textile fibres (not wool tops) and their wastes (not in yarn),610065866.0,0.000881439562815987,0.0014805880410833905,0.5953307323561868,-0.25365854204171584
GBR,2021,goods,27,Crude fertilizer and crude minerals,655119491.0,0.0009465342513348745,0.001435892476397433,0.6591957732863616,-0.20540326355738542
GBR,2021,goods,28,Metalliferous ores and metal scrap,6452560721.0,0.009322833185624992,0.01634676500881881,0.5703167067364997,-0.27362842885145555
GBR,2021,goods,29,"Crude animal and vegetable materials, nes",542155846.0,0.0007833213403819114,0.0019279370489944346,0.40630026835703625,-0.42217138473320215
GBR,2021,goods,32,"Coal, coke and briquettes",199302635.0,0.00028795780464543186,0.004802709939125882,0.059957359135838564,-0.8868683563181813
GBR,2021,goods,33,"Petroleum, petroleum products and related materials",30619432120.0,0.04423977862994648,0.04974196705302768,0.8893853872482452,-0.058545288588717756
GBR,2021,goods,34,"Gas, natural and manufactured",4269817601.0,0.006169147249961771,0.010962647323672789,0.5627424715780182,-0.27980139810268945
GBR,2021,goods,35,Electric current,674860000.0,0.0009750558693968906,0.002165864220522368,0.45019251906831187,-0.37912723566172896
GBR,2021,goods,41,Animal oils and fats,131982915.0,0.00019069246351963506,0.00017797240263136034,1.071472097360073,0.034503046143444856
GBR,2021,goods,42,Fixed vegetable oils and fats,522730534.0,0.0007552551274185326,0.004028577150933378,0.1874744107217974,-0.6842468199245785
GBR,2021,goods,43,"Animal and vegetable oils and fats, processed, and waxes",115785721.0,0.00016729032222001722,0.000541217981936403,0.30909971176766077,-0.5277675046612188
GBR,2021,goods,51,Organic chemicals,10767415729.0,0.015557051691903283,0.014927301208363315,1.0421878325324565,0.020658154877037253
GBR,2021,goods,52,Inorganic chemicals,2765105464.0,0.003995098705175315,0.005546216221024669,0.7203286972532089,-0.16256852727814916
GBR,2021,goods,53,"Dyeing, tanning and colouring materials",3227942241.0,0.004663817722433101,0.0031756095132564645,1.4686370295101354,0.18983634447188436
GBR,2021,goods,54,Medicinal and pharmaceutical products,20726489638.0,0.029946189392652898,0.020544893920830826,1.4575976643174553,0.18619714323521838
GBR,2021,goods,55,Oils and perfume materials; toilet and cleansing preparations,7112425843.0,0.010276224052199386,0.006737382318759051,1.5252547007147055,0.20800068229396673
GBR,2021,goods,56,"Fertilizers, manufactured",635032364.0,0.0009175118302687708,0.003028064541223854,0.3030027325302451,-0.5349161978473259
GBR,2021,goods,57,Explosives and pyrotechnic products,41099214.0,5.938124920472225e-05,0.0001383813635163554,0.4291130517564523,-0.39946941044440026
GBR,2021,goods,58,"Artificial resins and plastic materials, and cellulose esters etc",9466697764.0,0.013677739410536438,0.01842390261199708,0.7423909960113398,-0.1478479885274749
GBR,2021,goods,59,"Chemical materials and products, nes",5881556334.0,0.008497830697707908,0.007158220145842853,1.1871429663480015,0.08556503586068036
GBR,2021,goods,61,"Leather, leather manufactures, nes, and dressed furskins",259916232.0,0.00037553395898871455,0.0008923701839224978,0.4208275508915139,-0.40763036214006265
GBR,2021,goods,62,"Rubber manufactures, nes",1214798809.0,0.0017551739751234363,0.004573842497029786,0.38374167371596885,-0.4453564837930336
GBR,2021,goods,63,"Cork and wood, cork manufactures",895982456.0,0.0012945395379774195,0.002604990468586591,0.4969459787236025,-0.3360535573269887
GBR,2021,goods,64,"Paper, paperboard, and articles of pulp, of paper or of paperboard",2664364840.0,0.0038495459435389672,0.006359800307563706,0.6052935245404962,-0.2458780711599056
GBR,2021,goods,65,"Textile yarn, fabrics, made-up articles, nes, and related products",3273048538.0,0.004728988512873502,0.011722880908320285,0.40339815356454867,-0.42511232106164437
GBR,2021,goods,66,"Non-metallic mineral manufactures, nes",4180492747.0,0.006040088299696945,0.012083524350844338,0.4998614745436329,-0.3334564784448148
GBR,2021,goods,67,Iron and steel,6150674190.0,0.008886659410407293,0.018699413960235726,0.4752373218382544,-0.35571407419916184
GBR,2021,goods,68,Non-ferrous metals,20051711073.0,0.02897125118273312,0.016419786159319966,1.7644109918136095,0.2765185763178118
GBR,2021,goods,69,"Manufactures of metals, nes",8370974681.0,0.012094609245298009,0.01626198833532339,0.7437349600741485,-0.146963297630366
GBR,2021,goods,71,Power generating machinery and equipment,30538052544.0,0.04412219923091878,0.013276868311467111,3.3232384471879435,0.5373838328762776
GBR,2021,goods,72,Machinery specialized for particular industries,9749599891.0,0.014086484008521524,0.014425672629141876,0.9764871538859724,-0.011896280766509905
GBR,2021,goods,73,Metalworking machinery,1844510774.0,0.0026649987498955363,0.0038425520491580105,0.6935491610268486,-0.1809518412724088
GBR,2021,goods,74,"General industrial machinery and equipment, nes, and parts of, nes",18687399977.0,0.027000057836204797,0.026879630431641405,1.004480247779807,0.002235116951024748
GBR,2021,goods,75,Office machines and automatic data processing equipment,8758569645.0,0.01265461686850412,0.02624353125725721,0.48219947020295517,-0.34934604970958677
GBR,2021,goods,76,"Telecommunications, sound recording and reproducing equipment",4947597071.0,0.0071484212480950335,0.0232092432579281,0.3079988937447664,-0.5290532809810355
GBR,2021,goods,77,"Electric machinery, apparatus and appliances, nes, and parts, nes",17792124186.0,0.025706539306815747,0.059087424618362076,0.43505939669652066,-0.3936705369854111
GBR,2021,goods,78,Road vehicles,36851269577.0,0.05324370491032351,0.04804336586121147,1.1082426044864315,0.051342575212210674
GBR,2021,goods,79,Other transport equipment,13729414888.0,0.01983662770045558,0.01055593749745068,1.8791914697530412,0.3053605427041824
GBR,2021,goods,81,"Sanitary, plumbing, heating, lighting fixtures and fittings, nes",724515163.0,0.0010467989837154297,0.002253268805926406,0.46456906560025363,-0.36558940576851523
GBR,2021,goods,82,Furniture and parts thereof,2193961635.0,0.003169894747708189,0.006947333860495173,0.45627499863411686,-0.37336698211248487
GBR,2021,goods,83,"Travel goods, handbags and similar containers",848581001.0,0.0012260526415608256,0.002018782276656008,0.6073228677198951,-0.2443050740870415
GBR,2021,goods,84,Articles of apparel and clothing accessories,5695360871.0,0.00822881048751139,0.017048673149939988,0.48266574267337375,-0.3489217039531972
GBR,2021,goods,85,Footwear,1130609506.0,0.0016335350069958496,0.004176662909082135,0.3911100901736012,-0.4377007356408531
GBR,2021,goods,87,"Professional, scientific, controlling instruments, apparatus, nes",14085009226.0,0.020350399958985056,0.015503042338095246,1.3126713786350512,0.13519922524383524
GBR,2021,goods,88,"Photographic equipment and supplies, optical goods; watches, etc",2689472414.0,0.0038858220413889163,0.0053460347394154555,0.7268606043165741,-0.15817107356590845
GBR,2021,goods,89,"Miscellaneous manufactured articles, nes",18948360349.0,0.02737710039673379,0.029734389912441452,0.9207217796413799,-0.04127522330351365
GBR,2021,goods,94,"Animals, live, nes, (including zoo animals, pets, insects, etc)",31088952.0,4.4918153574071956e-05,6.075089665415078e-05,0.7393825613766137,-0.14983330545588758
GBR,2021,goods,95,"Armoured fighting vehicles, war firearms, ammunition, parts, nes",68770773.0,9.936186150699584e-05,0.000470234776630818,0.21130266506214826,-0.6511150001452247
GBR,2021,goods,96,"Coin (other than gold coin), not being legal tender",51826441.0,7.488023514062422e-05,2.2732394765824724e-05,3.2939879811165858,0.5342325109443062
GBR,2021,goods,97,"Gold, non-monetary (excluding gold ores and concentrates)",41593434240.0,0.06009531189296387,0.012963241337348727,4.635824507858365,0.6451273461032576
GBR,2021,services,financial,Financial services,128769918004.0,0.18605023908893184,0.04639914040562829,4.009777712743222,0.6007806903462684
GBR,2021,services,ict,ICT,89571128443.0,0.12941477420035255,0.186281596427657,0.6947265681750326,-0.18013137786215347
GBR,2021,services,transport,Transport,25182445372.0,0.03638427402088606,0.0827018664354014,0.4399450168311001,-0.3889419225196653
GBR,2021,services,travel,Travel & tourism,37199006313.0,0.053746124294257534,0.04066417054528108,1.3217071336647384,0.13856490726155207
GBR,2022,goods,00,Live animals chiefly for food,842982609.0,0.00103547139888585,0.0006438513633862383,1.60824602970466,0.2332011715066364
GBR,2022,goods,01,Meat and preparations,1982115433.0,0.0024347167050058826,0.005227990395318459,0.4657079529423225,-0.36452831274137365
GBR,2022,goods,02,Dairy products and birds' eggs,2860224093.0,0.0035133349265876984,0.0042731224052999835,0.8221938417280265,-0.09757807001661034
GBR,2022,goods,03,"Fish, crustacean and molluscs, and preparations thereof",2172856875.0,0.002669012532303601,0.0052829775243813226,0.505209897256976,-0.32871834263427735
GBR,2022,goods,04,Cereals and cereal preparations,2679715726.0,0.0032916088206247102,0.007775685331436788,0.42332073384153884,-0.4051646634852325
GBR,2022,goods,05,Vegetables and fruit,1113022397.0,0.0013671727579054622,0.008242834066513438,0.16586197743074915,-0.7154689308999251
GBR,2022,goods,06,"Sugar, sugar preparations and honey",395301793.0,0.00048556600837277144,0.001703866745080918,0.2849788633850657,-0.5564458350165611
GBR,2022,goods,07,"Coffee, tea, cocoa, spices, and manufactures thereof",2414859410.0,0.0029662745407661884,0.003816019161847558,0.7773217101273783,-0.12528867936726135
GBR,2022,goods,08,Feeding stuff for animals (not including unmilled cereals),1275273390.0,0.001566472554720521,0.0032492270977158505,0.4821062079107132,-0.3494309580008765
GBR,2022,goods,09,Miscellaneous edible products and preparations,804852490.0,0.0009886345516732476,0.0011904886892332496,0.8304443046073718,-0.09263089566060174
GBR,2022,goods,11,Beverages,10814469287.0,0.013283872669807297,0.0037140438846296163,3.5766601263872877,0.5630001038380023
GBR,2022,goods,12,Tobacco and tobacco manufactures,24340587.0,2.9898578454057685e-05,0.0011821298937417285,0.02529212619725013,-0.9506635707989739
GBR,2022,goods,21,"Hides, skins and furskins, raw",106639520.0,0.00013098985883220704,0.0001940569143224817,0.6750074290809834,-0.19402455492231954
GBR,2022,goods,22,Oil seeds and oleaginous fruit,102970853.0,0.00012648347909200962,0.003743311063660016,0.03378919810322699,-0.9346303904795626
GBR,2022,goods,23,Crude rubber (including synthetic and reclaimed),377905058.0,0.0004641968587198912,0.001451421367784336,0.319822257700746,-0.5153555627135638
GBR,2022,goods,24,Cork and wood,175811910.0,0.0002159572480438836,0.0025862687927262406,0.0835014707872798,-0.8458673605184734
GBR,2022,goods,25,Pulp and waste paper,882809911.0,0.001084392968175056,0.0017147157962933215,0.6324039065361,-0.22518697241047722
GBR,2022,goods,26,Textile fibres (not wool tops) and their wastes (not in yarn),603730622.0,0.0007415880055392273,0.001446088627691305,0.5128233438383234,-0.3220314243205792
GBR,2022,goods,27,Crude fertilizer and crude minerals,725614720.0,0.0008913034280290406,0.0016900494639270356,0.5273830423625523,-0.3094292292956225
GBR,2022,goods,28,Metalliferous ores and metal scrap,6687191812.0,0.008214162174002384,0.012748422456501233,0.6443277356104135,-0.21630253913922612
GBR,2022,goods,29,"Crude animal and vegetable materials, nes",595072177.0,0.0007309524692178295,0.0016864647120882776,0.4334229254715458,-0.3952616247867462
GBR,2022,goods,32,"Coal, coke and briquettes",216881742.0,0.0002664050697889783,0.008175020826059283,0.03258769310284402,-0.936881500098223
GBR,2022,goods,33,"Petroleum, petroleum products and related materials",46627813608.0,0.05727492698922859,0.06632464155355323,0.8635542635082689,-0.07321801096087356
GBR,2022,goods,34,"Gas, natural and manufactured",10655869403.0,0.013089057685494123,0.01726618486381141,0.7580746869522853,-0.137608097564447
GBR,2022,goods,35,Electric current,4176422678.0,0.005130077639273396,0.003371683019835811,1.5215183660779632,0.20682711381124969
GBR,2022,goods,41,Animal oils and fats,129399148.0,0.0001589464780929984,0.00019354900977141808,0.8212208281546604,-0.09816446697816784
GBR,2022,goods,42,Fixed vegetable oils and fats,651027452.0,0.0007996847138225251,0.004236809112241078,0.1887469302102989,-0.6824438820180035
GBR,2022,goods,43,"Animal and vegetable oils and fats, processed, and waxes",141734466.0,0.00017409847393347463,0.0005685049975265866,0.30623912664080455,-0.5311132236126692
GBR,2022,goods,51,Organic chemicals,12929907550.0,0.015882355478419145,0.014739350255387865,1.077547870376,0.037326634674350566
GBR,2022,goods,52,Inorganic chemicals,3118940053.0,0.003831126745962344,0.00676303946448067,0.5664800221976132,-0.2767478497390615
GBR,2022,goods,53,"Dyeing, tanning and colouring materials",3318578878.0,0.004076351607291218,0.0028265170139782315,1.4421818751247792,0.1810601739488328
GBR,2022,goods,54,Medicinal and pharmaceutical products,23918550256.0,0.029380172768074062,0.018852068374553294,1.558458848352773,0.21827939453172318
GBR,2022,goods,55,Oils and perfume materials; toilet and cleansing preparations,7252012648.0,0.008907955634186088,0.006107684814444488,1.4584831904094075,0.18649026855174755
GBR,2022,goods,56,"Fertilizers, manufactured",823637908.0,0.0010117094797292253,0.003959872222438058,0.2554904357763152,-0.5930029755768927
GBR,2022,goods,57,Explosives and pyrotechnic products,48217460.0,5.92275572756478e-05,0.00014335256525788043,0.41316007961979545,-0.4152678304768497
GBR,2022,goods,58,"Artificial resins and plastic materials, and cellulose esters etc",10512642118.0,0.012913125518478834,0.016826293630455957,0.7674373098485454,-0.13158186084200252
GBR,2022,goods,59,"Chemical materials and products, nes",5945496555.0,0.007303106338314569,0.006996758242147881,1.0437842906049366,0.021423146662888262
GBR,2022,goods,61,"Leather, leather manufactures, nes, and dressed furskins",280641620.0,0.000344724040264265,0.0007982613654549184,0.4318435730229928,-0.3968006266057973
GBR,2022,goods,62,"Rubber manufactures, nes",1287341406.0,0.0015812962121434428,0.004271130274650423,0.37022898166524937,-0.4596100555174255
GBR,2022,goods,63,"Cork and wood, cork manufactures",930075963.0,0.0011424518705316661,0.0023514920059723074,0.4858412733830575,-0.3460387968940137
GBR,2022,goods,64,"Paper, paperboard, and articles of pulp, of paper or of paperboard",2891210174.0,0.0035513964480194653,0.006367599226578862,0.5577292668162368,-0.28392015390947734
GBR,2022,goods,65,"Textile yarn, fabrics, made-up articles, nes, and related products",3303079148.0,0.004057312629577915,0.01031685277120244,0.3932703819233655,-0.4354715537978088
GBR,2022,goods,66,"Non-metallic mineral manufactures, nes",4653128428.0,0.00571563559093148,0.011519552595258881,0.4961681926157334,-0.33674810751284806
GBR,2022,goods,67,Iron and steel,6964133018.0,0.008554340838335842,0.01744829719069758,0.49026794677113367,-0.3420405399802562
GBR,2022,goods,68,Non-ferrous metals,20865952134.0,0.025630536638126738,0.01500749421783118,1.7078491762917871,0.26140642635833133
GBR,2022,goods,69,"Manufactures of metals, nes",8867391492.0,0.010892194186048415,0.015305211638428268,0.7116657020736868,-0.1684524598331295
GBR,2022,goods,71,Power generating machinery and equipment,36673555995.0,0.04504768891176639,0.012254912234149104,3.6758883336788077,0.5722737890050343
GBR,2022,goods,72,Machinery specialized for particular industries,10325191708.0,0.012682872205786322,0.013599417814466525,0.9326040554688144,-0.03487312589481065
GBR,2022,goods,73,Metalworking machinery,1800960087.0,0.0022121958872148833,0.0036020295227967795,0.6141526251281899,-0.23904020528490455
GBR,2022,goods,74,"General industrial machinery and equipment, nes, and parts of, nes",19557197046.0,0.02402293708945048,0.024677266488471267,0.9734845267677246,-0.01343586578593745
GBR,2022,goods,75,Office machines and automatic data processing equipment,9145017016.0,0.011233213427291975,0.023362845687092782,0.4808152901295737,-0.35060733997755844
GBR,2022,goods,76,"Telecommunications, sound recording and reproducing equipment",5568110039.0,0.006839546426791914,0.019964013168916314,0.34259376453633034,-0.48965387210084893
GBR,2022,goods,77,"Electric machinery, apparatus and appliances, nes, and parts, nes",18084415054.0,0.022213856316931093,0.056691889990745564,0.391834816594707,-0.4369521269005492
GBR,2022,goods,78,Road vehicles,37791531057.0,0.04642094523877637,0.044869407527653775,1.0345789658614581,0.01699563715228773
GBR,2022,goods,79,Other transport equipment,13733525756.0,0.016869473906549085,0.00918215334283373,1.8372023725474997,0.29508024547286094
GBR,2022,goods,81,"Sanitary, plumbing, heating, lighting fixtures and fittings, nes",602966197.0,0.0007406490297932956,0.0019379946502337223,0.3821728969705738,-0.44699697438979635
GBR,2022,goods,82,Furniture and parts thereof,2216604577.0,0.002722749695685558,0.005883274557851847,0.46279493994577614,-0.36724563736468585
GBR,2022,goods,83,"Travel goods, handbags and similar containers",791104833.0,0.000971747719758554,0.0021578851307432188,0.4503241187003613,-0.37900209629844983
GBR,2022,goods,84,Articles of apparel and clothing accessories,4991909615.0,0.006131774934583229,0.016210978469219647,0.37824829304571866,-0.4511173422753202
GBR,2022,goods,85,Footwear,903138827.0,0.0011093638404844194,0.004515268132352667,0.24569168606746475,-0.6055337146174733
GBR,2022,goods,87,"Professional, scientific, controlling instruments, apparatus, nes",14113657908.0,0.01733640639956915,0.013098871742255106,1.3235037903031264,0.13923101466553742
GBR,2022,goods,88,"Photographic equipment and supplies, optical goods; watches, etc",2564296507.0,0.003149834484024793,0.004973669413085944,0.6333019391553125,-0.22451333219767747
GBR,2022,goods,89,"Miscellaneous manufactured articles, nes",20517230311.0,0.025202186788404236,0.027692740204275347,0.9100647535238637,-0.047084920189336736
GBR,2022,goods,94,"Animals, live, nes, (including zoo animals, pets, insects, etc)",28546061.0,3.5064341067979023e-05,5.372731211581486e-05,0.6526353112992914,-0.2101883496774692
GBR,2022,goods,95,"Armoured fighting vehicles, war firearms, ammunition, parts, nes",85815165.0,0.00010541041772330328,0.0004388489299498777,0.2401975042649472,-0.6126463673101651
GBR,2022,goods,96,"Coin (other than gold coin), not being legal tender",60209350.0,7.395770589439023e-05,2.1855565791109375e-05,3.3839300524754883,0.543788341497225
GBR,2022,goods,97,"Gold, non-monetary (excluding gold ores and concentrates)",63321027814.0,0.07777991212325519,0.012895935539208429,6.031350876931371,0.7155596364047698
GBR,2022,services,financial,Financial services,131642537547.0,0.1617021289067603,0.04119213534562556,3.925558302573708,0.5939546591185495
GBR,2022,services,ict,ICT,97850454791.0,0.12019387615154631,0.1730802556923641,0.6944401351311904,-0.18033087067142203
GBR,2022,services,transport,Transport,36040774325.0,0.04427041626814507,0.09118488806445989,0.4855016791472035,-0.3463465091120998
GBR,2022,services,travel,Travel & tourism,67547536565.0,0.08297151261664243,0.06215747846774448,1.3348596928638126,0.1434174798114279
GBR,2023,goods,00,Live animals chiefly for food,694195139.0,0.0008526304068362249,0.0007434911095472321,1.14679300920687,0.06837781219583093
GBR,2023,goods,01,Meat and preparations,1900960071.0,0.0023348137543154836,0.005111739811569549,0.4567552028041474,-0.3729142660003177
GBR,2023,goods,02,Dairy products and birds' eggs,2836761601.0,0.003484192069454999,0.004231645144344381,0.8233658425049281,-0.09687258221993075
GBR,2023,goods,03,"Fish, crustacean and molluscs, and preparations thereof",2278589622.0,0.0027986292142830175,0.0049714234743779675,0.5629432352135696,-0.27963700468411984
GBR,2023,goods,04,Cereals and cereal preparations,2718874079.0,0.0033393992292334914,0.007399883179402349,0.45127729023192464,-0.37809639375007753
GBR,2023,goods,05,Vegetables and fruit,1041613314.0,0.0012793393871371498,0.008796518736663114,0.14543701041697055,-0.7460584753341827
GBR,2023,goods,06,"Sugar, sugar preparations and honey",485777093.0,0.0005966453770231726,0.0019324279914579396,0.3087542613026566,-0.5281707644713365
GBR,2023,goods,07,"Coffee, tea, cocoa, spices, and manufactures thereof",2501297937.0,0.003072165962894938,0.0038957053278816543,0.78860327060863,-0.11819095540367398
GBR,2023,goods,08,Feeding stuff for animals (not including unmilled cereals),1248417365.0,0.0015333420619376562,0.0032257648147897217,0.47534217463947703,-0.35561772338591985
GBR,2023,goods,09,Miscellaneous edible products and preparations,845255749.0,0.0010381673864623935,0.0012351305445172315,0.8405325178547635,-0.08664203462762189
GBR,2023,goods,11,Beverages,9738448451.0,0.011961042073401403,0.0037562608810194427,3.1842948219707243,0.5220222080197405
GBR,2023,goods,12,Tobacco and tobacco manufactures,18120800.0,2.2256486984991498e-05,0.001359111293016314,0.016375764883534333,-0.9677761602562202
GBR,2023,goods,21,"Hides, skins and furskins, raw",88584238.0,0.00010880170522948156,0.00018187193252431673,0.5982325239488754,-0.25138236772859995
GBR,2023,goods,22,Oil seeds and oleaginous fruit,65135963.0,8.00018604456971e-05,0.003617163957496758,0.022117288955035928,-0.9567226008325374
GBR,2023,goods,23,Crude rubber (including synthetic and reclaimed),330816907.0,0.0004063188261589247,0.0012299397923798629,0.3303566797954566,-0.5033562279760204
GBR,2023,goods,24,Cork and wood,166967071.0,0.00020507375185607984,0.0019966050680059497,0.10271122473954812,-0.8137114732575472
GBR,2023,goods,25,Pulp and waste paper,571205045.0,0.0007015704411396839,0.001490200352322722,0.47078934053811705,-0.3598140433002192
GBR,2023,goods,26,Textile fibres (not wool tops) and their wastes (not in yarn),677244520.0,0.0008318111697627486,0.0012559498250202291,0.6622964971943452,-0.2031547942112836
GBR,2023,goods,27,Crude fertilizer and crude minerals,579772653.0,0.0007120934233449126,0.0016461941458504948,0.43256952719693614,-0.3960927983113932
GBR,2023,goods,28,Metalliferous ores and metal scrap,5010059516.0,0.006153498985248268,0.01267103442009904,0.48563509349224626,-0.34622560328636875
GBR,2023,goods,29,"Crude animal and vegetable materials, nes",528800554.0,0.0006494880274467626,0.0016552710834460962,0.3923756259274453,-0.4363940037142083
GBR,2023,goods,32,"Coal, coke and briquettes",227702201.0,0.000279670382820318,0.00604931251718637,0.04623176303518157,-0.9116223294520127
GBR,2023,goods,33,"Petroleum, petroleum products and related materials",34986911540.0,0.04297192956906201,0.056512358499099,0.7603987996669284,-0.13610620524076975
GBR,2023,goods,34,"Gas, natural and manufactured",4333851991.0,0.005322961482526764,0.01140161084557546,0.4668604774028406,-0.36345619151257863
GBR,2023,goods,35,Electric current,817782477.0,0.0010044239247662692,0.001972464794236945,0.509222738829584,-0.3251854405208725
GBR,2023,goods,41,Animal oils and fats,110409205.0,0.00013560775650665305,0.0002095656058683727,0.6470897547559772,-0.21426291082498286
GBR,2023,goods,42,Fixed vegetable oils and fats,494245989.0,0.0006070471183150165,0.0034694810630988004,0.1749676989943927,-0.7021744527204612
GBR,2023,goods,43,"Animal and vegetable oils and fats, processed, and waxes",110257270.0,0.0001354211455761166,0.00044830378864301964,0.30207450618703396,-0.53601041299607
GBR,2023,goods,51,Organic chemicals,12336650326.0,0.015152228236005592,0.012995347255923164,1.1659733239601844,0.07662759375850714
GBR,2023,goods,52,Inorganic chemicals,2349257629.0,0.0028854256900484794,0.0060269867000445985,0.47875096356644153,-0.3524927788898366
GBR,2023,goods,53,"Dyeing, tanning and colouring materials",3000560812.0,0.003685374964678906,0.002592747368489773,1.4214169145316957,0.1740373217031063
GBR,2023,goods,54,Medicinal and pharmaceutical products,22430782193.0,0.02755013089607984,0.01879313042865285,1.4659681632430792,0.18895952112790804
GBR,2023,goods,55,Oils and perfume materials; toilet and cleansing preparations,7131971158.0,0.008759691804741608,0.006361579243785741,1.376968118930287,0.15859199621908893
GBR,2023,goods,56,"Fertilizers, manufactured",620527519.0,0.0007621497202360032,0.002774927134459843,0.27465575970316797,-0.5690510828317635
GBR,2023,goods,57,Explosives and pyrotechnic products,32752667.0,4.022776625807142e-05,0.00016068266530107602,0.2503553583872624,-0.5995452705378468
GBR,2023,goods,58,"Artificial resins and plastic materials, and cellulose esters etc",8698315298.0,0.010683520662514318,0.014502319712306175,0.7366766747976633,-0.1516248412981167
GBR,2023,goods,59,"Chemical materials and products, nes",5359335045.0,0.00658248922107475,0.006352127130577946,1.0362653463574247,0.017809735073230037
GBR,2023,goods,61,"Leather, leather manufactures, nes, and dressed furskins",234149268.0,0.0002875888556679223,0.0007203074455013145,0.39925847978395973,-0.4293284828324159
GBR,2023,goods,62,"Rubber manufactures, nes",1393877959.0,0.0017120009410815204,0.004331358370306586,0.3952572829849542,-0.4334273860382832
GBR,2023,goods,63,"Cork and wood, cork manufactures",741597918.0,0.0009108518614003683,0.001977179582564272,0.4606824131873005,-0.3692230302382259
GBR,2023,goods,64,"Paper, paperboard, and articles of pulp, of paper or of paperboard",2461744009.0,0.003023584692546096,0.005579517889476373,0.5419078767090133,-0.2970943531780383
GBR,2023,goods,65,"Textile yarn, fabrics, made-up articles, nes, and related products",3185803975.0,0.003912895937614326,0.009330966082213218,0.4193452106822173,-0.40910046755904245
GBR,2023,goods,66,"Non-metallic mineral manufactures, nes",3759595006.0,0.004617642561028102,0.01045628687378109,0.4416139894369903,-0.3873339289535352
GBR,2023,goods,67,Iron and steel,6385284746.0,0.007842590108870125,0.014975539752253762,0.5236933184788778,-0.3126000985530508
GBR,2023,goods,68,Non-ferrous metals,12501483173.0,0.015354680672650476,0.012731875235715914,1.2060030740465453,0.09338294967498252
GBR,2023,goods,69,"Manufactures of metals, nes",9264056764.0,0.011378380579013535,0.014590408738385794,0.7798534491414377,-0.12368802103608932
GBR,2023,goods,71,Power generating machinery and equipment,44683978377.0,0.05488214555567867,0.013415457169716604,4.090963495419816,0.6071470554052609
GBR,2023,goods,72,Machinery specialized for particular industries,11221413892.0,0.01378246281844625,0.013989779171944806,0.9851808701945554,-0.007464876388816054
GBR,2023,goods,73,Metalworking machinery,1888624517.0,0.0023196628726185574,0.003693624747879232,0.6280180123740068,-0.22848763637667746
GBR,2023,goods,74,"General industrial machinery and equipment, nes, and parts of, nes",21057601180.0,0.025863550538486803,0.02540261786204418,1.018145085634317,0.00899097184017071
GBR,2023,goods,75,Office machines and automatic data processing equipment,8552112480.0,0.01050395016253716,0.020828353677281787,0.5043101497740643,-0.32951306637157535
GBR,2023,goods,76,"Telecommunications, sound recording and reproducing equipment",5708787812.0,0.007011697145703065,0.018925848831316223,0.37048257165094495,-0.459339973649362
GBR,2023,goods,77,"Electric machinery, apparatus and appliances, nes, and parts, nes",17485274913.0,0.02147591682101137,0.054452207893036335,0.3943993761134126,-0.434309304967253
GBR,2023,goods,78,Road vehicles,44685039478.0,0.054883448830401436,0.051943678009177985,1.0565953535424277,0.027518954297423563
GBR,2023,goods,79,Other transport equipment,15518507449.0,0.019060276536640886,0.0105192166321291,1.811948285048586,0.2887493661835096
GBR,2023,goods,81,"Sanitary, plumbing, heating, lighting fixtures and fittings, nes",598981322.0,0.0007356860622790386,0.0017296661800621886,0.42533413138284737,-0.40317975691750013
GBR,2023,goods,82,Furniture and parts thereof,2464573826.0,0.0030270603550571554,0.005639423316887838,0.5367677127539457,-0.30143286028304467
GBR,2023,goods,83,"Travel goods, handbags and similar containers",760150981.0,0.0009336392662164485,0.002170361394958982,0.4301768674954216,-0.3984284359895106
GBR,2023,goods,84,Articles of apparel and clothing accessories,4659260587.0,0.005722637665790106,0.01460045965780503,0.3919491440621139,-0.43683410312205534
GBR,2023,goods,85,Footwear,842238240.0,0.0010344611952464652,0.004006574078262689,0.258190956922235,-0.5895838298602667
GBR,2023,goods,87,"Professional, scientific, controlling instruments, apparatus, nes",14542333210.0,0.017861311300813136,0.013473864553529823,1.3256264548194459,0.1400166626693823
GBR,2023,goods,88,"Photographic equipment and supplies, optical goods; watches, etc",2568630282.0,0.0031548654827925943,0.004946113650917595,0.6378473495463066,-0.22111502061166555
GBR,2023,goods,89,"Miscellaneous manufactured articles, nes",19206485484.0,0.023589957077064707,0.02588079774430103,0.9114849283291212,-0.04630696813720217
GBR,2023,goods,94,"Animals, live, nes, (including zoo animals, pets, insects, etc)",28266048.0,3.471717194765932e-05,5.180858683840812e-05,0.6701045920426817,-0.197529789169568
GBR,2023,goods,95,"Armoured fighting vehicles, war firearms, ammunition, parts, nes",99004115.0,0.00012159969741722781,0.000564816655149811,0.21529056607754407,-0.6456969681375655
GBR,2023,goods,96,"Coin (other than gold coin), not being legal tender",116036076.0,0.0001425188410712267,2.132193063397277e-05,6.684143360083342,0.7397237523717533
GBR,2023,goods,97,"Gold, non-monetary (excluding gold ores and concentrates)",56234130361.0,0.06906837393999778,0.013245540836614434,5.214462345627533,0.6781700670521899
GBR,2023,services,financial,Financial services,144160773140.0,0.1770624018330715,0.044572842404790994,3.972427879403976,0.5977819993560708
GBR,2023,services,ict,ICT,107201034044.0,0.13166738880060022,0.186775121092067,0.7049514305264322,-0.17305394405426944
GBR,2023,services,transport,Transport,40504541322.0,0.04974884093230671,0.08521641019183804,0.5837941403576234,-0.26279037725723403
GBR,2023,services,travel,Travel & tourism,72097020303.0,0.08855163094512314,0.08621437612163607,1.0271098038242432,0.013373623753927503
GBR,2024,goods,00,Live animals chiefly for food,728390833.0,0.000854431881533751,0.0007218820827492808,1.1836169673025483,0.08408845051674646
GBR,2024,goods,01,Meat and preparations,2048496111.0,0.0024029687183560445,0.005175961904608266,0.4642554877029972,-0.3658818538132539
GBR,2024,goods,02,Dairy products and birds' eggs,3042554249.0,0.003569039084325734,0.0042321343429975716,0.8433189485657548,-0.08499942538764393
GBR,2024,goods,03,"Fish, crustacean and molluscs, and preparations thereof",2663276559.0,0.0031241310272655557,0.004701041612224091,0.6645614493481393,-0.20151767348884725
GBR,2024,goods,04,Cereals and cereal preparations,2423266160.0,0.002842589130368514,0.0067681559710393744,0.41999462520246594,-0.4084560353281869
GBR,2024,goods,05,Vegetables and fruit,1111318793.0,0.0013036218528120974,0.009003614259178122,0.14478872764714557,-0.7470472513391601
GBR,2024,goods,06,"Sugar, sugar preparations and honey",494478092.0,0.0005800427838783348,0.001884157531242659,0.3078525942020246,-0.5292243245656315
GBR,2024,goods,07,"Coffee, tea, cocoa, spices, and manufactures thereof",2744868222.0,0.0032198413451005933,0.004632653316868126,0.6950317938483999,-0.1799188707010624
GBR,2024,goods,08,Feeding stuff for animals (not including unmilled cereals),1265843273.0,0.0014848853122184083,0.002912019823738863,0.509915935363346,-0.32457705303886353
GBR,2024,goods,09,Miscellaneous edible products and preparations,910419094.0,0.0010679583874865608,0.0012214523571327071,0.8743348696739469,-0.06704518619338996
GBR,2024,goods,11,Beverages,9704656014.0,0.011383953671585885,0.003630637854905165,3.1355244247799656,0.5163853976980411
GBR,2024,goods,12,Tobacco and tobacco manufactures,19117337.0,2.2425408836556284e-05,0.0012058997727013927,0.018596411861261132,-0.9634862019054626
GBR,2024,goods,21,"Hides, skins and furskins, raw",84553840.0,9.918507115822494e-05,0.00017994812728824785,0.5511870151299016,-0.2893351868552827
GBR,2024,goods,22,Oil seeds and oleaginous fruit,52673200.0,6.178779213494519e-05,0.003054902429519153,0.020225782512036137,-0.960350379575322
GBR,2024,goods,23,Crude rubber (including synthetic and reclaimed),352815738.0,0.00041386711803120525,0.0013282368850677099,0.31159134540229805,-0.5248652005907752
GBR,2024,goods,24,Cork and wood,187027023.0,0.00021939025577981993,0.0019231323929643767,0.114079642453344,-0.7952037931469133
GBR,2024,goods,25,Pulp and waste paper,712185477.0,0.0008354223440839513,0.0015369424956006555,0.5435612239724417,-0.29570500278109313
GBR,2024,goods,26,Textile fibres (not wool tops) and their wastes (not in yarn),765949662.0,0.0008984899057108268,0.001186004963292953,0.757576851294249,-0.1379303263622497
GBR,2024,goods,27,Crude fertilizer and crude minerals,624145351.0,0.0007321477185661854,0.0012571838066342852,0.5823712608312074,-0.26392588737324224
GBR,2024,goods,28,Metalliferous ores and metal scrap,5493644971.0,0.006444267550316574,0.01259883442968077,0.5114971219190678,-0.32319140473169145
GBR,2024,goods,29,"Crude animal and vegetable materials, nes",496705275.0,0.0005826553595382621,0.0016530392916885666,0.3524752027782015,-0.47877018069660615
GBR,2024,goods,32,"Coal, coke and briquettes",242662499.0,0.00028465291736895314,0.005003660120948409,0.05688893939402885,-0.8923464192431679
GBR,2024,goods,33,"Petroleum, petroleum products and related materials",27475960343.0,0.03223041179159954,0.05330020571073311,0.6046958236243595,-0.24634212325848032
GBR,2024,goods,34,"Gas, natural and manufactured",4197540429.0,0.0049238845466970035,0.00906216271024634,0.5433454136869229,-0.29588618481858026
GBR,2024,goods,35,Electric current,661341104.0,0.0007757798399232848,0.0015470337603315804,0.5014627733508605,-0.33203435709334217
GBR,2024,goods,41,Animal oils and fats,248308323.0,0.00029127569706987287,0.00018314030500108777,1.5904510864942747,0.22793369447224252
GBR,2024,goods,42,Fixed vegetable oils and fats,458850701.0,0.0005382504145250693,0.003361316312783527,0.16013084293139337,-0.7239434777429444
GBR,2024,goods,43,"Animal and vegetable oils and fats, processed, and waxes",119850395.0,0.00014058935651433885,0.00047218341992884196,0.297743102744958,-0.5411370677059608
GBR,2024,goods,51,Organic chemicals,7291421118.0,0.008553131619254832,0.012094249156391955,0.7072065002674763,-0.17150444289349315
GBR,2024,goods,52,Inorganic chemicals,2862045921.0,0.0033572955212027317,0.00529726074026952,0.633779548678949,-0.22415536515754014
GBR,2024,goods,53,"Dyeing, tanning and colouring materials",3063536932.0,0.0035936526193993093,0.0025655263502733137,1.400746719680531,0.16692586368871876
GBR,2024,goods,54,Medicinal and pharmaceutical products,22236732850.0,0.026084586224040064,0.019356833827011092,1.3475647131733326,0.1480533044405452
GBR,2024,goods,55,Oils and perfume materials; toilet and cleansing preparations,7282944334.0,0.008543188009074231,0.006314291447029219,1.3529923477152255,0.15001848521011293
GBR,2024,goods,56,"Fertilizers, manufactured",549333766.0,0.0006443907062095072,0.002592763675383873,0.2485343004175271,-0.6018782978819023
GBR,2024,goods,57,Explosives and pyrotechnic products,64046426.0,7.512904582736854e-05,0.00017773800502838514,0.42269544892984634,-0.4057822434902727
GBR,2024,goods,58,"Artificial resins and plastic materials, and cellulose esters etc",8600881617.0,0.010089181700152397,0.014336646459121213,0.7037337308219309,-0.17389235407996623
GBR,2024,goods,59,"Chemical materials and products, nes",5150075888.0,0.006041247132259616,0.00592254965233222,1.0200416183730354,0.00992138884206612
GBR,2024,goods,61,"Leather, leather manufactures, nes, and dressed furskins",233480108.0,0.00027388160166362687,0.0006856487159618986,0.39944886541411745,-0.42913403228075114
GBR,2024,goods,62,"Rubber manufactures, nes",1334331212.0,0.0015652244322772392,0.004147996977898327,0.37734464142987256,-0.4520693948638198
GBR,2024,goods,63,"Cork and wood, cork manufactures",758675484.0,0.0008899570009657839,0.001896400393793487,0.46928750061349006,-0.36120398435630535
GBR,2024,goods,64,"Paper, paperboard, and articles of pulp, of paper or of paperboard",2362516637.0,0.00277132748498868,0.0053589504040757446,0.5171399763059851,-0.31826992316800506
GBR,2024,goods,65,"Textile yarn, fabrics, made-up articles, nes, and related products",3237272874.0,0.0037974519000707873,0.009076411066931049,0.41838694524385356,-0.4100524590320124
GBR,2024,goods,66,"Non-metallic mineral manufactures, nes",4271087954.0,0.005010158765592755,0.008965368911572619,0.5588346464054117,-0.28300971794018803
GBR,2024,goods,67,Iron and steel,5791231582.0,0.006793348670556293,0.013409889731980918,0.506592433370649,-0.3274990340456355
GBR,2024,goods,68,Non-ferrous metals,12844020276.0,0.015066554813273339,0.012543317464722422,1.2011618820656833,0.09138895403590337
GBR,2024,goods,69,"Manufactures of metals, nes",10548205478.0,0.012373471280866818,0.014125660653855173,0.8759569965663767,-0.06612251968497311
GBR,2024,goods,71,Power generating machinery and equipment,44109144276.0,0.05174180869542377,0.013144661862321159,3.936336228149037,0.594841212680131
GBR,2024,goods,72,Machinery specialized for particular industries,10314655075.0,0.012099507220327555,0.012928899143717594,0.9358497646110067,-0.03313802370499749
GBR,2024,goods,73,Metalworking machinery,1884944006.0,0.0022111154900165335,0.0036483387701098193,0.6060609031518135,-0.24528278851387322
GBR,2024,goods,74,"General industrial machinery and equipment, nes, and parts of, nes",21830709874.0,0.025608304865719328,0.025014319194861422,1.0237458259899364,0.011733600971515696
GBR,2024,goods,75,Office machines and automatic data processing equipment,8906412548.0,0.010447581828783735,0.024281342218379492,0.4302720061692287,-0.3983354154827537
GBR,2024,goods,76,"Telecommunications, sound recording and reproducing equipment",6041355790.0,0.007086754474111456,0.018424105607657473,0.38464578010050277,-0.44441273627023403
GBR,2024,goods,77,"Electric machinery, apparatus and appliances, nes, and parts, nes",17833634391.0,0.020919573801510404,0.054063189751188276,0.38694671730963864,-0.4420164632420382
GBR,2024,goods,78,Road vehicles,43491386437.0,0.05101715378655427,0.04832678206296475,1.0556704090101476,0.027081388517410345
GBR,2024,goods,79,Other transport equipment,16749597670.0,0.019647954921628498,0.010834722223754109,1.8134248867545681,0.2891226599238966
GBR,2024,goods,81,"Sanitary, plumbing, heating, lighting fixtures and fittings, nes",622114783.0,0.0007297657802465111,0.0016199730220182668,0.45048020573658804,-0.3788537010640231
GBR,2024,goods,82,Furniture and parts thereof,2541273551.0,0.0029810165687146786,0.005551125849684066,0.5370111666418694,-0.3012267206683275
GBR,2024,goods,83,"Travel goods, handbags and similar containers",680498505.0,0.0007982522454508356,0.0020428973625668022,0.3907451544447001,-0.438077992656077
GBR,2024,goods,84,Articles of apparel and clothing accessories,4349469530.0,0.005102103521656511,0.014239990780831819,0.35829401859756504,-0.4724352552660098
GBR,2024,goods,85,Footwear,833831987.0,0.00097811861607467,0.003955261215702305,0.24729557992062812,-0.603469163361639
GBR,2024,goods,87,"Professional, scientific, controlling instruments, apparatus, nes",14876725495.0,0.01745100017720016,0.013372503759454096,1.3049912335872516,0.1323177412317506
GBR,2024,goods,88,"Photographic equipment and supplies, optical goods; watches, etc",3016654328.0,0.00353865743037155,0.004966959474471798,0.7124393602482255,-0.16792456797424424
GBR,2024,goods,89,"Miscellaneous manufactured articles, nes",19342921762.0,0.022690028878309343,0.02550617630994226,0.8895895881290843,-0.058430895557714725
GBR,2024,goods,94,"Animals, live, nes, (including zoo animals, pets, insects, etc)",34465887.0,4.042987822464763e-05,4.9857262520752004e-05,0.8109125166633361,-0.1044155814246972
GBR,2024,goods,95,"Armoured fighting vehicles, war firearms, ammunition, parts, nes",137488968.0,0.00016128011542173497,0.0007188880972090683,0.22434662091064114,-0.6335243352184413
GBR,2024,goods,96,"Coin (other than gold coin), not being legal tender",21057417.0,2.470120107559178e-05,1.73507141244323e-05,1.423641753212275,0.17479553347799182
GBR,2024,goods,97,"Gold, non-monetary (excluding gold ores and concentrates)",54870670452.0,0.06436551377537827,0.014778708869029664,4.355286672590389,0.6265372663920181
GBR,2024,services,financial,Financial services,156947602939.0,0.1841058805326588,0.04712050001935205,3.9071291785326525,0.5924297227084518
GBR,2024,services,ict,ICT,132311968386.0,0.155207285670884,0.19272537112760177,0.8053287678876624,-0.1078314573916163
GBR,2024,services,transport,Transport,40336432961.0,0.04731626586688144,0.08726695403675563,0.542201413916114,-0.29684746878904583
GBR,2024,services,travel,Travel & tourism,82587794081.0,0.09687881984691425,0.09279607963905347,1.0439969040043644,0.021524936715007104
